mode: atomic
github.com/GabeCordo/DistributedFunctions/package.go:17.61,20.16 2 0
github.com/GabeCordo/DistributedFunctions/package.go:20.16,21.65 1 0
github.com/GabeCordo/DistributedFunctions/package.go:24.2,34.29 4 0
github.com/GabeCordo/DistributedFunctions/package.go:34.29,36.17 2 0
github.com/GabeCordo/DistributedFunctions/package.go:36.17,37.9 1 0
github.com/GabeCordo/DistributedFunctions/package.go:42.2,42.16 1 0
github.com/GabeCordo/DistributedFunctions/package.go:42.16,44.3 1 0
github.com/GabeCordo/DistributedFunctions/package.go:46.2,47.28 2 0
github.com/GabeCordo/DistributedFunctions/package.go:50.30,53.2 1 0
github.com/GabeCordo/DistributedFunctions/cmd/fs/main.go:11.13,69.2 32 0
github.com/GabeCordo/DistributedFunctions/internal/shared/buffers/ringbuffer.go:46.54,48.70 1 7
github.com/GabeCordo/DistributedFunctions/internal/shared/buffers/ringbuffer.go:48.70,50.3 1 2
github.com/GabeCordo/DistributedFunctions/internal/shared/buffers/ringbuffer.go:52.2,62.24 8 5
github.com/GabeCordo/DistributedFunctions/internal/shared/buffers/ringbuffer.go:73.52,77.97 1 22
github.com/GabeCordo/DistributedFunctions/internal/shared/buffers/ringbuffer.go:77.97,79.3 1 1
github.com/GabeCordo/DistributedFunctions/internal/shared/buffers/ringbuffer.go:81.2,85.72 3 21
github.com/GabeCordo/DistributedFunctions/internal/shared/buffers/ringbuffer.go:85.72,88.3 1 2
github.com/GabeCordo/DistributedFunctions/internal/shared/buffers/ringbuffer.go:88.8,90.3 1 19
github.com/GabeCordo/DistributedFunctions/internal/shared/buffers/ringbuffer.go:92.2,92.12 1 21
github.com/GabeCordo/DistributedFunctions/internal/shared/buffers/ringbuffer.go:103.63,105.26 1 12
github.com/GabeCordo/DistributedFunctions/internal/shared/buffers/ringbuffer.go:105.26,107.3 1 1
github.com/GabeCordo/DistributedFunctions/internal/shared/buffers/ringbuffer.go:109.2,111.70 2 11
github.com/GabeCordo/DistributedFunctions/internal/shared/buffers/ringbuffer.go:111.70,113.3 1 1
github.com/GabeCordo/DistributedFunctions/internal/shared/buffers/ringbuffer.go:113.8,115.3 1 10
github.com/GabeCordo/DistributedFunctions/internal/shared/buffers/ringbuffer.go:117.2,118.17 2 11
github.com/GabeCordo/DistributedFunctions/internal/shared/buffers/ringbuffer.go:121.45,123.2 1 0
github.com/GabeCordo/DistributedFunctions/cmd/fs/controllers/config.go:22.89,26.29 2 0
github.com/GabeCordo/DistributedFunctions/cmd/fs/controllers/config.go:26.29,28.22 1 0
github.com/GabeCordo/DistributedFunctions/cmd/fs/controllers/config.go:28.22,30.4 1 0
github.com/GabeCordo/DistributedFunctions/cmd/fs/controllers/config.go:32.3,32.26 1 0
github.com/GabeCordo/DistributedFunctions/cmd/fs/controllers/config.go:32.26,34.4 1 0
github.com/GabeCordo/DistributedFunctions/cmd/fs/controllers/config.go:34.9,36.4 1 0
github.com/GabeCordo/DistributedFunctions/cmd/fs/controllers/config.go:37.8,37.37 1 0
github.com/GabeCordo/DistributedFunctions/cmd/fs/controllers/config.go:37.37,39.22 1 0
github.com/GabeCordo/DistributedFunctions/cmd/fs/controllers/config.go:39.22,41.4 1 0
github.com/GabeCordo/DistributedFunctions/cmd/fs/controllers/config.go:43.3,43.33 1 0
github.com/GabeCordo/DistributedFunctions/cmd/fs/controllers/config.go:43.33,45.4 1 0
github.com/GabeCordo/DistributedFunctions/cmd/fs/controllers/config.go:45.9,45.40 1 0
github.com/GabeCordo/DistributedFunctions/cmd/fs/controllers/config.go:45.40,47.4 1 0
github.com/GabeCordo/DistributedFunctions/cmd/fs/controllers/config.go:47.9,49.4 1 0
github.com/GabeCordo/DistributedFunctions/cmd/fs/controllers/config.go:50.8,50.44 1 0
github.com/GabeCordo/DistributedFunctions/cmd/fs/controllers/config.go:50.44,52.3 1 0
github.com/GabeCordo/DistributedFunctions/cmd/fs/controllers/config.go:52.8,52.32 1 0
github.com/GabeCordo/DistributedFunctions/cmd/fs/controllers/config.go:52.32,54.3 1 0
github.com/GabeCordo/DistributedFunctions/cmd/fs/controllers/config.go:54.8,54.33 1 0
github.com/GabeCordo/DistributedFunctions/cmd/fs/controllers/config.go:54.33,56.3 1 0
github.com/GabeCordo/DistributedFunctions/cmd/fs/controllers/config.go:56.8,58.3 1 0
github.com/GabeCordo/DistributedFunctions/cmd/fs/controllers/config.go:61.80,64.16 2 0
github.com/GabeCordo/DistributedFunctions/cmd/fs/controllers/config.go:64.16,66.3 1 0
github.com/GabeCordo/DistributedFunctions/cmd/fs/controllers/config.go:68.2,68.27 1 0
github.com/GabeCordo/DistributedFunctions/cmd/fs/controllers/config.go:69.15,70.3 1 0
github.com/GabeCordo/DistributedFunctions/cmd/fs/controllers/config.go:70.3,72.4 1 0
github.com/GabeCordo/DistributedFunctions/cmd/fs/controllers/config.go:73.12,74.3 1 0
github.com/GabeCordo/DistributedFunctions/cmd/fs/controllers/config.go:74.3,76.4 1 0
github.com/GabeCordo/DistributedFunctions/cmd/fs/controllers/config.go:77.15,78.3 1 0
github.com/GabeCordo/DistributedFunctions/cmd/fs/controllers/config.go:78.3,80.4 1 0
github.com/GabeCordo/DistributedFunctions/cmd/fs/controllers/config.go:81.16,82.3 1 0
github.com/GabeCordo/DistributedFunctions/cmd/fs/controllers/config.go:82.3,84.4 1 0
github.com/GabeCordo/DistributedFunctions/cmd/fs/controllers/config.go:85.13,86.3 1 0
github.com/GabeCordo/DistributedFunctions/cmd/fs/controllers/config.go:86.3,88.4 1 0
github.com/GabeCordo/DistributedFunctions/cmd/fs/controllers/config.go:90.2,90.12 1 0
github.com/GabeCordo/DistributedFunctions/cmd/fs/controllers/config.go:93.95,96.16 2 0
github.com/GabeCordo/DistributedFunctions/cmd/fs/controllers/config.go:96.16,98.3 1 0
github.com/GabeCordo/DistributedFunctions/cmd/fs/controllers/config.go:100.2,100.27 1 0
github.com/GabeCordo/DistributedFunctions/cmd/fs/controllers/config.go:101.15,102.3 1 0
github.com/GabeCordo/DistributedFunctions/cmd/fs/controllers/config.go:102.3,105.4 2 0
github.com/GabeCordo/DistributedFunctions/cmd/fs/controllers/config.go:106.12,107.3 1 0
github.com/GabeCordo/DistributedFunctions/cmd/fs/controllers/config.go:107.3,109.49 2 0
github.com/GabeCordo/DistributedFunctions/cmd/fs/controllers/config.go:109.49,111.5 1 0
github.com/GabeCordo/DistributedFunctions/cmd/fs/controllers/config.go:111.10,113.5 1 0
github.com/GabeCordo/DistributedFunctions/cmd/fs/controllers/config.go:115.15,116.3 1 0
github.com/GabeCordo/DistributedFunctions/cmd/fs/controllers/config.go:116.3,118.62 2 0
github.com/GabeCordo/DistributedFunctions/cmd/fs/controllers/config.go:118.62,120.5 1 0
github.com/GabeCordo/DistributedFunctions/cmd/fs/controllers/config.go:120.10,122.5 1 0
github.com/GabeCordo/DistributedFunctions/cmd/fs/controllers/config.go:124.16,125.3 1 0
github.com/GabeCordo/DistributedFunctions/cmd/fs/controllers/config.go:125.3,127.59 2 0
github.com/GabeCordo/DistributedFunctions/cmd/fs/controllers/config.go:127.59,129.5 1 0
github.com/GabeCordo/DistributedFunctions/cmd/fs/controllers/config.go:129.10,131.5 1 0
github.com/GabeCordo/DistributedFunctions/cmd/fs/controllers/config.go:133.13,134.3 1 0
github.com/GabeCordo/DistributedFunctions/cmd/fs/controllers/config.go:134.3,136.54 2 0
github.com/GabeCordo/DistributedFunctions/cmd/fs/controllers/config.go:136.54,138.5 1 0
github.com/GabeCordo/DistributedFunctions/cmd/fs/controllers/config.go:138.10,140.5 1 0
github.com/GabeCordo/DistributedFunctions/cmd/fs/controllers/config.go:144.2,144.12 1 0
github.com/GabeCordo/DistributedFunctions/cmd/fs/controllers/config.go:147.98,149.58 1 0
github.com/GabeCordo/DistributedFunctions/cmd/fs/controllers/config.go:149.58,152.3 2 0
github.com/GabeCordo/DistributedFunctions/cmd/fs/controllers/config.go:154.2,155.16 2 0
github.com/GabeCordo/DistributedFunctions/cmd/fs/controllers/config.go:155.16,158.3 2 0
github.com/GabeCordo/DistributedFunctions/cmd/fs/controllers/config.go:160.2,161.16 2 0
github.com/GabeCordo/DistributedFunctions/cmd/fs/controllers/config.go:161.16,164.3 2 0
github.com/GabeCordo/DistributedFunctions/cmd/fs/controllers/config.go:166.2,167.16 2 0
github.com/GabeCordo/DistributedFunctions/cmd/fs/controllers/config.go:167.16,170.3 2 0
github.com/GabeCordo/DistributedFunctions/cmd/fs/controllers/config.go:172.2,173.49 2 0
github.com/GabeCordo/DistributedFunctions/cmd/fs/controllers/config.go:173.49,176.3 2 0
github.com/GabeCordo/DistributedFunctions/cmd/fs/controllers/config.go:178.2,179.35 2 0
github.com/GabeCordo/DistributedFunctions/cmd/fs/controllers/config.go:179.35,182.3 2 0
github.com/GabeCordo/DistributedFunctions/cmd/fs/controllers/config.go:185.2,187.32 2 0
github.com/GabeCordo/DistributedFunctions/cmd/fs/controllers/config.go:187.32,189.61 1 0
github.com/GabeCordo/DistributedFunctions/cmd/fs/controllers/config.go:189.61,191.4 1 0
github.com/GabeCordo/DistributedFunctions/cmd/fs/controllers/config.go:193.8,193.41 1 0
github.com/GabeCordo/DistributedFunctions/cmd/fs/controllers/config.go:193.41,196.36 2 0
github.com/GabeCordo/DistributedFunctions/cmd/fs/controllers/config.go:196.36,199.4 2 0
github.com/GabeCordo/DistributedFunctions/cmd/fs/controllers/config.go:201.3,201.69 1 0
github.com/GabeCordo/DistributedFunctions/cmd/fs/controllers/config.go:201.69,204.4 2 0
github.com/GabeCordo/DistributedFunctions/cmd/fs/controllers/config.go:206.3,207.17 2 0
github.com/GabeCordo/DistributedFunctions/cmd/fs/controllers/config.go:207.17,210.4 2 0
github.com/GabeCordo/DistributedFunctions/cmd/fs/controllers/config.go:212.3,212.69 1 0
github.com/GabeCordo/DistributedFunctions/cmd/fs/controllers/config.go:212.69,215.4 2 0
github.com/GabeCordo/DistributedFunctions/cmd/fs/controllers/config.go:216.3,216.35 1 0
github.com/GabeCordo/DistributedFunctions/cmd/fs/controllers/config.go:216.35,218.18 2 0
github.com/GabeCordo/DistributedFunctions/cmd/fs/controllers/config.go:218.18,220.5 1 0
github.com/GabeCordo/DistributedFunctions/cmd/fs/controllers/config.go:223.3,223.58 1 0
github.com/GabeCordo/DistributedFunctions/cmd/fs/controllers/config.go:223.58,225.4 1 0
github.com/GabeCordo/DistributedFunctions/cmd/fs/controllers/config.go:228.2,228.30 1 0
github.com/GabeCordo/DistributedFunctions/cmd/fs/controllers/connect.go:14.105,17.41 2 0
github.com/GabeCordo/DistributedFunctions/cmd/fs/controllers/connect.go:17.41,20.3 2 0
github.com/GabeCordo/DistributedFunctions/cmd/fs/controllers/connect.go:22.2,23.16 2 0
github.com/GabeCordo/DistributedFunctions/cmd/fs/controllers/connect.go:23.16,26.3 2 0
github.com/GabeCordo/DistributedFunctions/cmd/fs/controllers/connect.go:26.8,28.3 1 0
github.com/GabeCordo/DistributedFunctions/cmd/fs/controllers/connect.go:30.2,30.30 1 0
github.com/GabeCordo/DistributedFunctions/cmd/fs/controllers/disconnect.go:14.108,17.41 2 0
github.com/GabeCordo/DistributedFunctions/cmd/fs/controllers/disconnect.go:17.41,20.3 2 0
github.com/GabeCordo/DistributedFunctions/cmd/fs/controllers/disconnect.go:22.2,23.16 2 0
github.com/GabeCordo/DistributedFunctions/cmd/fs/controllers/disconnect.go:23.16,25.3 1 0
github.com/GabeCordo/DistributedFunctions/cmd/fs/controllers/disconnect.go:25.8,27.3 1 0
github.com/GabeCordo/DistributedFunctions/cmd/fs/controllers/disconnect.go:29.2,29.30 1 0
github.com/GabeCordo/DistributedFunctions/cmd/fs/controllers/doctor.go:18.92,20.59 1 0
github.com/GabeCordo/DistributedFunctions/cmd/fs/controllers/doctor.go:20.59,24.3 2 0
github.com/GabeCordo/DistributedFunctions/cmd/fs/controllers/doctor.go:26.2,26.54 1 0
github.com/GabeCordo/DistributedFunctions/cmd/fs/controllers/doctor.go:26.54,29.3 1 0
github.com/GabeCordo/DistributedFunctions/cmd/fs/controllers/doctor.go:29.8,32.3 1 0
github.com/GabeCordo/DistributedFunctions/cmd/fs/controllers/doctor.go:34.2,34.57 1 0
github.com/GabeCordo/DistributedFunctions/cmd/fs/controllers/doctor.go:34.57,37.3 1 0
github.com/GabeCordo/DistributedFunctions/cmd/fs/controllers/doctor.go:37.8,40.3 1 0
github.com/GabeCordo/DistributedFunctions/cmd/fs/controllers/doctor.go:42.2,42.60 1 0
github.com/GabeCordo/DistributedFunctions/cmd/fs/controllers/doctor.go:42.60,45.3 1 0
github.com/GabeCordo/DistributedFunctions/cmd/fs/controllers/doctor.go:45.8,48.3 1 0
github.com/GabeCordo/DistributedFunctions/cmd/fs/controllers/doctor.go:50.2,50.59 1 0
github.com/GabeCordo/DistributedFunctions/cmd/fs/controllers/doctor.go:50.59,53.3 1 0
github.com/GabeCordo/DistributedFunctions/cmd/fs/controllers/doctor.go:53.8,56.3 1 0
github.com/GabeCordo/DistributedFunctions/cmd/fs/controllers/doctor.go:58.2,58.59 1 0
github.com/GabeCordo/DistributedFunctions/cmd/fs/controllers/doctor.go:58.59,61.3 1 0
github.com/GabeCordo/DistributedFunctions/cmd/fs/controllers/doctor.go:61.8,64.3 1 0
github.com/GabeCordo/DistributedFunctions/cmd/fs/controllers/doctor.go:66.2,66.58 1 0
github.com/GabeCordo/DistributedFunctions/cmd/fs/controllers/doctor.go:66.58,70.3 2 0
github.com/GabeCordo/DistributedFunctions/cmd/fs/controllers/doctor.go:70.8,73.3 1 0
github.com/GabeCordo/DistributedFunctions/cmd/fs/controllers/doctor.go:75.2,76.16 2 0
github.com/GabeCordo/DistributedFunctions/cmd/fs/controllers/doctor.go:76.16,80.3 2 0
github.com/GabeCordo/DistributedFunctions/cmd/fs/controllers/doctor.go:81.2,81.34 1 0
github.com/GabeCordo/DistributedFunctions/cmd/fs/controllers/doctor.go:81.34,83.17 2 0
github.com/GabeCordo/DistributedFunctions/cmd/fs/controllers/doctor.go:83.17,85.4 1 0
github.com/GabeCordo/DistributedFunctions/cmd/fs/controllers/doctor.go:88.2,89.16 2 0
github.com/GabeCordo/DistributedFunctions/cmd/fs/controllers/doctor.go:89.16,93.3 2 0
github.com/GabeCordo/DistributedFunctions/cmd/fs/controllers/doctor.go:95.2,96.49 2 0
github.com/GabeCordo/DistributedFunctions/cmd/fs/controllers/doctor.go:96.49,100.3 2 0
github.com/GabeCordo/DistributedFunctions/cmd/fs/controllers/doctor.go:100.8,103.3 1 0
github.com/GabeCordo/DistributedFunctions/cmd/fs/controllers/doctor.go:105.2,105.30 1 0
github.com/GabeCordo/DistributedFunctions/cmd/fs/controllers/example.go:12.30,14.26 1 0
github.com/GabeCordo/DistributedFunctions/cmd/fs/controllers/example.go:14.26,16.3 1 0
github.com/GabeCordo/DistributedFunctions/cmd/fs/controllers/example.go:18.2,18.12 1 0
github.com/GabeCordo/DistributedFunctions/cmd/fs/controllers/example.go:21.26,25.2 3 0
github.com/GabeCordo/DistributedFunctions/cmd/fs/controllers/example.go:27.26,31.2 3 0
github.com/GabeCordo/DistributedFunctions/cmd/fs/controllers/example.go:33.17,36.2 2 0
github.com/GabeCordo/DistributedFunctions/cmd/fs/controllers/example.go:41.105,48.16 5 0
github.com/GabeCordo/DistributedFunctions/cmd/fs/controllers/example.go:48.16,50.3 1 0
github.com/GabeCordo/DistributedFunctions/cmd/fs/controllers/example.go:51.2,52.16 2 0
github.com/GabeCordo/DistributedFunctions/cmd/fs/controllers/example.go:52.16,54.3 1 0
github.com/GabeCordo/DistributedFunctions/cmd/fs/controllers/example.go:55.2,56.16 2 0
github.com/GabeCordo/DistributedFunctions/cmd/fs/controllers/example.go:56.16,58.3 1 0
github.com/GabeCordo/DistributedFunctions/cmd/fs/controllers/example.go:59.2,60.16 2 0
github.com/GabeCordo/DistributedFunctions/cmd/fs/controllers/example.go:60.16,62.3 1 0
github.com/GabeCordo/DistributedFunctions/cmd/fs/controllers/example.go:64.2,67.30 3 0
github.com/GabeCordo/DistributedFunctions/cmd/fs/controllers/gateway.go:13.105,15.32 1 0
github.com/GabeCordo/DistributedFunctions/cmd/fs/controllers/gateway.go:15.32,17.3 1 0
github.com/GabeCordo/DistributedFunctions/cmd/fs/controllers/gateway.go:17.8,19.3 1 0
github.com/GabeCordo/DistributedFunctions/cmd/fs/controllers/gateway.go:21.2,21.30 1 0
github.com/GabeCordo/DistributedFunctions/cmd/fs/controllers/gateway.go:24.76,28.2 2 0
github.com/GabeCordo/DistributedFunctions/cmd/fs/controllers/gateway.go:30.78,33.40 2 0
github.com/GabeCordo/DistributedFunctions/cmd/fs/controllers/gateway.go:33.40,35.3 1 0
github.com/GabeCordo/DistributedFunctions/cmd/fs/controllers/gateway.go:37.2,37.43 1 0
github.com/GabeCordo/DistributedFunctions/cmd/fs/controllers/gateway.go:37.43,39.3 1 0
github.com/GabeCordo/DistributedFunctions/cmd/fs/controllers/gateway.go:41.2,41.30 1 0
github.com/GabeCordo/DistributedFunctions/cmd/fs/controllers/init.go:28.91,58.59 23 0
github.com/GabeCordo/DistributedFunctions/cmd/fs/controllers/init.go:58.59,62.3 2 0
github.com/GabeCordo/DistributedFunctions/cmd/fs/controllers/init.go:64.2,66.63 2 0
github.com/GabeCordo/DistributedFunctions/cmd/fs/controllers/init.go:66.63,70.3 2 0
github.com/GabeCordo/DistributedFunctions/cmd/fs/controllers/init.go:70.8,73.3 1 0
github.com/GabeCordo/DistributedFunctions/cmd/fs/controllers/init.go:75.2,75.58 1 0
github.com/GabeCordo/DistributedFunctions/cmd/fs/controllers/init.go:75.58,79.3 2 0
github.com/GabeCordo/DistributedFunctions/cmd/fs/controllers/init.go:79.8,82.3 1 0
github.com/GabeCordo/DistributedFunctions/cmd/fs/controllers/init.go:84.2,84.64 1 0
github.com/GabeCordo/DistributedFunctions/cmd/fs/controllers/init.go:84.64,88.3 2 0
github.com/GabeCordo/DistributedFunctions/cmd/fs/controllers/init.go:88.8,91.3 1 0
github.com/GabeCordo/DistributedFunctions/cmd/fs/controllers/init.go:93.2,93.63 1 0
github.com/GabeCordo/DistributedFunctions/cmd/fs/controllers/init.go:93.63,97.3 2 0
github.com/GabeCordo/DistributedFunctions/cmd/fs/controllers/init.go:97.8,100.3 1 0
github.com/GabeCordo/DistributedFunctions/cmd/fs/controllers/init.go:102.2,102.63 1 0
github.com/GabeCordo/DistributedFunctions/cmd/fs/controllers/init.go:102.63,106.3 2 0
github.com/GabeCordo/DistributedFunctions/cmd/fs/controllers/init.go:106.8,109.3 1 0
github.com/GabeCordo/DistributedFunctions/cmd/fs/controllers/init.go:111.2,111.61 1 0
github.com/GabeCordo/DistributedFunctions/cmd/fs/controllers/init.go:111.61,115.3 2 0
github.com/GabeCordo/DistributedFunctions/cmd/fs/controllers/init.go:115.8,118.3 1 0
github.com/GabeCordo/DistributedFunctions/cmd/fs/controllers/init.go:120.2,121.16 2 0
github.com/GabeCordo/DistributedFunctions/cmd/fs/controllers/init.go:121.16,125.3 2 0
github.com/GabeCordo/DistributedFunctions/cmd/fs/controllers/init.go:127.2,128.16 2 0
github.com/GabeCordo/DistributedFunctions/cmd/fs/controllers/init.go:128.16,132.3 2 0
github.com/GabeCordo/DistributedFunctions/cmd/fs/controllers/init.go:134.2,134.44 1 0
github.com/GabeCordo/DistributedFunctions/cmd/fs/controllers/init.go:134.44,138.3 2 0
github.com/GabeCordo/DistributedFunctions/cmd/fs/controllers/init.go:138.8,141.3 1 0
github.com/GabeCordo/DistributedFunctions/cmd/fs/controllers/init.go:143.2,143.30 1 0
github.com/GabeCordo/DistributedFunctions/cmd/fs/controllers/logs.go:19.101,23.38 2 0
github.com/GabeCordo/DistributedFunctions/cmd/fs/controllers/logs.go:23.38,27.96 1 0
github.com/GabeCordo/DistributedFunctions/cmd/fs/controllers/logs.go:27.96,29.51 1 0
github.com/GabeCordo/DistributedFunctions/cmd/fs/controllers/logs.go:29.51,31.5 1 0
github.com/GabeCordo/DistributedFunctions/cmd/fs/controllers/logs.go:33.4,35.18 3 0
github.com/GabeCordo/DistributedFunctions/cmd/fs/controllers/logs.go:35.18,37.5 1 0
github.com/GabeCordo/DistributedFunctions/cmd/fs/controllers/logs.go:39.4,43.14 4 0
github.com/GabeCordo/DistributedFunctions/cmd/fs/controllers/logs.go:46.3,46.17 1 0
github.com/GabeCordo/DistributedFunctions/cmd/fs/controllers/logs.go:46.17,48.4 1 0
github.com/GabeCordo/DistributedFunctions/cmd/fs/controllers/logs.go:49.8,61.17 5 0
github.com/GabeCordo/DistributedFunctions/cmd/fs/controllers/logs.go:61.17,63.4 1 0
github.com/GabeCordo/DistributedFunctions/cmd/fs/controllers/logs.go:65.3,66.49 2 0
github.com/GabeCordo/DistributedFunctions/cmd/fs/controllers/logs.go:69.2,69.30 1 0
github.com/GabeCordo/DistributedFunctions/cmd/fs/controllers/namespace.go:13.107,15.34 1 0
github.com/GabeCordo/DistributedFunctions/cmd/fs/controllers/namespace.go:15.34,17.3 1 0
github.com/GabeCordo/DistributedFunctions/cmd/fs/controllers/namespace.go:17.8,17.39 1 0
github.com/GabeCordo/DistributedFunctions/cmd/fs/controllers/namespace.go:17.39,19.3 1 0
github.com/GabeCordo/DistributedFunctions/cmd/fs/controllers/namespace.go:21.2,21.30 1 0
github.com/GabeCordo/DistributedFunctions/cmd/fs/controllers/namespace.go:24.80,27.39 2 0
github.com/GabeCordo/DistributedFunctions/cmd/fs/controllers/namespace.go:27.39,30.3 2 0
github.com/GabeCordo/DistributedFunctions/cmd/fs/controllers/namespace.go:32.2,32.34 1 0
github.com/GabeCordo/DistributedFunctions/cmd/fs/controllers/namespace.go:35.78,38.2 2 0
github.com/GabeCordo/DistributedFunctions/cmd/fs/controllers/pipelines.go:20.106,23.38 2 0
github.com/GabeCordo/DistributedFunctions/cmd/fs/controllers/pipelines.go:23.38,26.3 2 0
github.com/GabeCordo/DistributedFunctions/cmd/fs/controllers/pipelines.go:30.2,31.26 2 0
github.com/GabeCordo/DistributedFunctions/cmd/fs/controllers/pipelines.go:31.26,33.17 2 0
github.com/GabeCordo/DistributedFunctions/cmd/fs/controllers/pipelines.go:33.17,35.4 1 0
github.com/GabeCordo/DistributedFunctions/cmd/fs/controllers/pipelines.go:37.3,37.59 1 0
github.com/GabeCordo/DistributedFunctions/cmd/fs/controllers/pipelines.go:38.8,40.3 1 0
github.com/GabeCordo/DistributedFunctions/cmd/fs/controllers/pipelines.go:42.2,43.16 2 0
github.com/GabeCordo/DistributedFunctions/cmd/fs/controllers/pipelines.go:43.16,46.3 2 0
github.com/GabeCordo/DistributedFunctions/cmd/fs/controllers/pipelines.go:48.2,53.19 3 0
github.com/GabeCordo/DistributedFunctions/cmd/fs/controllers/pipelines.go:53.19,54.91 1 0
github.com/GabeCordo/DistributedFunctions/cmd/fs/controllers/pipelines.go:54.91,55.34 1 0
github.com/GabeCordo/DistributedFunctions/cmd/fs/controllers/pipelines.go:55.34,57.5 1 0
github.com/GabeCordo/DistributedFunctions/cmd/fs/controllers/pipelines.go:58.4,59.14 2 0
github.com/GabeCordo/DistributedFunctions/cmd/fs/controllers/pipelines.go:61.3,61.17 1 0
github.com/GabeCordo/DistributedFunctions/cmd/fs/controllers/pipelines.go:61.17,63.4 1 0
github.com/GabeCordo/DistributedFunctions/cmd/fs/controllers/pipelines.go:64.8,66.3 1 0
github.com/GabeCordo/DistributedFunctions/cmd/fs/controllers/pipelines.go:69.2,69.45 1 0
github.com/GabeCordo/DistributedFunctions/cmd/fs/controllers/pipelines.go:69.45,73.17 3 0
github.com/GabeCordo/DistributedFunctions/cmd/fs/controllers/pipelines.go:73.17,76.12 2 0
github.com/GabeCordo/DistributedFunctions/cmd/fs/controllers/pipelines.go:79.3,82.53 2 0
github.com/GabeCordo/DistributedFunctions/cmd/fs/controllers/pipelines.go:82.53,84.4 1 0
github.com/GabeCordo/DistributedFunctions/cmd/fs/controllers/pipelines.go:84.9,86.4 1 0
github.com/GabeCordo/DistributedFunctions/cmd/fs/controllers/pipelines.go:88.3,89.17 2 0
github.com/GabeCordo/DistributedFunctions/cmd/fs/controllers/pipelines.go:89.17,91.4 1 0
github.com/GabeCordo/DistributedFunctions/cmd/fs/controllers/pipelines.go:94.2,94.31 1 0
github.com/GabeCordo/DistributedFunctions/cmd/fs/controllers/pipelines.go:94.31,96.3 1 0
github.com/GabeCordo/DistributedFunctions/cmd/fs/controllers/pipelines.go:96.8,96.41 1 0
github.com/GabeCordo/DistributedFunctions/cmd/fs/controllers/pipelines.go:96.41,98.3 1 0
github.com/GabeCordo/DistributedFunctions/cmd/fs/controllers/pipelines.go:98.8,100.3 1 0
github.com/GabeCordo/DistributedFunctions/cmd/fs/controllers/pipelines.go:102.2,102.30 1 0
github.com/GabeCordo/DistributedFunctions/cmd/fs/controllers/pipelines.go:105.93,111.30 3 0
github.com/GabeCordo/DistributedFunctions/cmd/fs/controllers/pipelines.go:111.30,115.17 3 0
github.com/GabeCordo/DistributedFunctions/cmd/fs/controllers/pipelines.go:115.17,117.12 2 0
github.com/GabeCordo/DistributedFunctions/cmd/fs/controllers/pipelines.go:120.3,120.14 1 0
github.com/GabeCordo/DistributedFunctions/cmd/fs/controllers/pipelines.go:120.14,121.70 1 0
github.com/GabeCordo/DistributedFunctions/cmd/fs/controllers/pipelines.go:121.70,123.5 1 0
github.com/GabeCordo/DistributedFunctions/cmd/fs/controllers/pipelines.go:123.10,125.5 1 0
github.com/GabeCordo/DistributedFunctions/cmd/fs/controllers/pipelines.go:126.9,128.4 1 0
github.com/GabeCordo/DistributedFunctions/cmd/fs/controllers/pipelines.go:133.96,138.30 3 0
github.com/GabeCordo/DistributedFunctions/cmd/fs/controllers/pipelines.go:138.30,140.83 2 0
github.com/GabeCordo/DistributedFunctions/cmd/fs/controllers/pipelines.go:140.83,142.4 1 0
github.com/GabeCordo/DistributedFunctions/cmd/fs/controllers/pipelines.go:142.9,144.4 1 0
github.com/GabeCordo/DistributedFunctions/cmd/fs/controllers/repl.go:16.102,19.36 2 0
github.com/GabeCordo/DistributedFunctions/cmd/fs/controllers/repl.go:19.36,21.3 1 0
github.com/GabeCordo/DistributedFunctions/cmd/fs/controllers/repl.go:32.2,33.16 2 0
github.com/GabeCordo/DistributedFunctions/cmd/fs/controllers/repl.go:33.16,36.3 2 0
github.com/GabeCordo/DistributedFunctions/cmd/fs/controllers/repl.go:38.2,39.49 2 0
github.com/GabeCordo/DistributedFunctions/cmd/fs/controllers/repl.go:39.49,42.3 2 0
github.com/GabeCordo/DistributedFunctions/cmd/fs/controllers/repl.go:44.2,44.24 1 0
github.com/GabeCordo/DistributedFunctions/cmd/fs/controllers/repl.go:44.24,46.3 1 0
github.com/GabeCordo/DistributedFunctions/cmd/fs/controllers/repl.go:46.8,48.3 1 0
github.com/GabeCordo/DistributedFunctions/cmd/fs/controllers/repl.go:50.2,51.16 2 0
github.com/GabeCordo/DistributedFunctions/cmd/fs/controllers/repl.go:51.16,54.3 2 0
github.com/GabeCordo/DistributedFunctions/cmd/fs/controllers/repl.go:56.2,57.16 2 0
github.com/GabeCordo/DistributedFunctions/cmd/fs/controllers/repl.go:57.16,60.3 2 0
github.com/GabeCordo/DistributedFunctions/cmd/fs/controllers/repl.go:62.2,62.30 1 0
github.com/GabeCordo/DistributedFunctions/cmd/fs/controllers/run.go:20.101,22.32 1 0
github.com/GabeCordo/DistributedFunctions/cmd/fs/controllers/run.go:22.32,24.3 1 0
github.com/GabeCordo/DistributedFunctions/cmd/fs/controllers/run.go:24.8,24.39 1 0
github.com/GabeCordo/DistributedFunctions/cmd/fs/controllers/run.go:24.39,26.3 1 0
github.com/GabeCordo/DistributedFunctions/cmd/fs/controllers/run.go:26.8,28.3 1 0
github.com/GabeCordo/DistributedFunctions/cmd/fs/controllers/run.go:30.2,30.30 1 0
github.com/GabeCordo/DistributedFunctions/cmd/fs/controllers/run.go:33.70,36.38 2 0
github.com/GabeCordo/DistributedFunctions/cmd/fs/controllers/run.go:36.38,39.3 2 0
github.com/GabeCordo/DistributedFunctions/cmd/fs/controllers/run.go:41.2,48.16 6 0
github.com/GabeCordo/DistributedFunctions/cmd/fs/controllers/run.go:48.16,51.3 2 0
github.com/GabeCordo/DistributedFunctions/cmd/fs/controllers/run.go:53.2,53.12 1 0
github.com/GabeCordo/DistributedFunctions/cmd/fs/controllers/run.go:53.12,55.3 1 0
github.com/GabeCordo/DistributedFunctions/cmd/fs/controllers/run.go:57.2,59.12 2 0
github.com/GabeCordo/DistributedFunctions/cmd/fs/controllers/run.go:59.12,61.7 2 0
github.com/GabeCordo/DistributedFunctions/cmd/fs/controllers/run.go:61.7,65.18 3 0
github.com/GabeCordo/DistributedFunctions/cmd/fs/controllers/run.go:65.18,67.5 1 0
github.com/GabeCordo/DistributedFunctions/cmd/fs/controllers/run.go:69.4,69.23 1 0
github.com/GabeCordo/DistributedFunctions/cmd/fs/controllers/run.go:69.23,70.19 1 0
github.com/GabeCordo/DistributedFunctions/cmd/fs/controllers/run.go:70.19,73.6 2 0
github.com/GabeCordo/DistributedFunctions/cmd/fs/controllers/run.go:74.5,74.10 1 0
github.com/GabeCordo/DistributedFunctions/cmd/fs/controllers/run.go:75.10,77.5 1 0
github.com/GabeCordo/DistributedFunctions/cmd/fs/controllers/run.go:81.2,82.8 2 0
github.com/GabeCordo/DistributedFunctions/cmd/fs/controllers/run.go:85.68,88.35 2 0
github.com/GabeCordo/DistributedFunctions/cmd/fs/controllers/run.go:88.35,91.3 2 0
github.com/GabeCordo/DistributedFunctions/cmd/fs/controllers/run.go:93.2,94.16 2 0
github.com/GabeCordo/DistributedFunctions/cmd/fs/controllers/run.go:94.16,97.3 2 0
github.com/GabeCordo/DistributedFunctions/cmd/fs/controllers/run.go:99.2,103.16 4 0
github.com/GabeCordo/DistributedFunctions/cmd/fs/controllers/run.go:103.16,106.3 2 0
github.com/GabeCordo/DistributedFunctions/cmd/fs/controllers/run.go:107.2,107.33 1 0
github.com/GabeCordo/DistributedFunctions/cmd/fs/controllers/run.go:110.68,113.35 2 0
github.com/GabeCordo/DistributedFunctions/cmd/fs/controllers/run.go:113.35,116.3 2 0
github.com/GabeCordo/DistributedFunctions/cmd/fs/controllers/run.go:118.2,119.16 2 0
github.com/GabeCordo/DistributedFunctions/cmd/fs/controllers/run.go:119.16,122.3 2 0
github.com/GabeCordo/DistributedFunctions/cmd/fs/controllers/run.go:124.2,127.16 3 0
github.com/GabeCordo/DistributedFunctions/cmd/fs/controllers/run.go:127.16,129.3 1 0
github.com/GabeCordo/DistributedFunctions/cmd/fs/controllers/run.go:129.8,131.3 1 0
github.com/GabeCordo/DistributedFunctions/cmd/fs/controllers/schedule.go:23.66,25.18 1 0
github.com/GabeCordo/DistributedFunctions/cmd/fs/controllers/schedule.go:25.18,27.3 1 0
github.com/GabeCordo/DistributedFunctions/cmd/fs/controllers/schedule.go:29.2,30.21 2 0
github.com/GabeCordo/DistributedFunctions/cmd/fs/controllers/schedule.go:30.21,32.3 1 0
github.com/GabeCordo/DistributedFunctions/cmd/fs/controllers/schedule.go:34.2,34.50 1 0
github.com/GabeCordo/DistributedFunctions/cmd/fs/controllers/schedule.go:34.50,36.3 1 0
github.com/GabeCordo/DistributedFunctions/cmd/fs/controllers/schedule.go:36.8,38.3 1 0
github.com/GabeCordo/DistributedFunctions/cmd/fs/controllers/schedule.go:41.106,45.15 2 0
github.com/GabeCordo/DistributedFunctions/cmd/fs/controllers/schedule.go:45.15,46.49 1 0
github.com/GabeCordo/DistributedFunctions/cmd/fs/controllers/schedule.go:50.2,51.43 2 0
github.com/GabeCordo/DistributedFunctions/cmd/fs/controllers/schedule.go:51.43,54.3 2 0
github.com/GabeCordo/DistributedFunctions/cmd/fs/controllers/schedule.go:57.2,58.42 2 0
github.com/GabeCordo/DistributedFunctions/cmd/fs/controllers/schedule.go:58.42,61.3 2 0
github.com/GabeCordo/DistributedFunctions/cmd/fs/controllers/schedule.go:65.2,65.34 1 0
github.com/GabeCordo/DistributedFunctions/cmd/fs/controllers/schedule.go:65.34,68.42 2 0
github.com/GabeCordo/DistributedFunctions/cmd/fs/controllers/schedule.go:68.42,71.4 2 0
github.com/GabeCordo/DistributedFunctions/cmd/fs/controllers/schedule.go:73.3,74.38 2 0
github.com/GabeCordo/DistributedFunctions/cmd/fs/controllers/schedule.go:74.38,77.4 2 0
github.com/GabeCordo/DistributedFunctions/cmd/fs/controllers/schedule.go:77.9,79.4 1 0
github.com/GabeCordo/DistributedFunctions/cmd/fs/controllers/schedule.go:82.2,85.85 3 0
github.com/GabeCordo/DistributedFunctions/cmd/fs/controllers/schedule.go:85.85,89.3 2 0
github.com/GabeCordo/DistributedFunctions/cmd/fs/controllers/schedule.go:89.8,89.23 1 0
github.com/GabeCordo/DistributedFunctions/cmd/fs/controllers/schedule.go:89.23,92.50 3 0
github.com/GabeCordo/DistributedFunctions/cmd/fs/controllers/schedule.go:92.50,93.49 1 0
github.com/GabeCordo/DistributedFunctions/cmd/fs/controllers/schedule.go:93.49,95.5 1 0
github.com/GabeCordo/DistributedFunctions/cmd/fs/controllers/schedule.go:96.9,98.4 1 0
github.com/GabeCordo/DistributedFunctions/cmd/fs/controllers/schedule.go:103.2,103.34 1 0
github.com/GabeCordo/DistributedFunctions/cmd/fs/controllers/schedule.go:103.34,105.23 1 0
github.com/GabeCordo/DistributedFunctions/cmd/fs/controllers/schedule.go:105.23,107.4 1 0
github.com/GabeCordo/DistributedFunctions/cmd/fs/controllers/schedule.go:108.3,111.17 3 0
github.com/GabeCordo/DistributedFunctions/cmd/fs/controllers/schedule.go:111.17,113.4 1 0
github.com/GabeCordo/DistributedFunctions/cmd/fs/controllers/schedule.go:115.3,116.17 2 0
github.com/GabeCordo/DistributedFunctions/cmd/fs/controllers/schedule.go:116.17,119.4 2 0
github.com/GabeCordo/DistributedFunctions/cmd/fs/controllers/schedule.go:121.3,121.73 1 0
github.com/GabeCordo/DistributedFunctions/cmd/fs/controllers/schedule.go:123.8,126.31 2 0
github.com/GabeCordo/DistributedFunctions/cmd/fs/controllers/schedule.go:126.31,127.37 1 0
github.com/GabeCordo/DistributedFunctions/cmd/fs/controllers/schedule.go:127.37,129.5 1 0
github.com/GabeCordo/DistributedFunctions/cmd/fs/controllers/schedule.go:132.3,134.45 2 0
github.com/GabeCordo/DistributedFunctions/cmd/fs/controllers/schedule.go:134.45,136.4 1 0
github.com/GabeCordo/DistributedFunctions/cmd/fs/controllers/schedule.go:138.3,138.32 1 0
github.com/GabeCordo/DistributedFunctions/cmd/fs/controllers/schedule.go:138.32,142.18 3 0
github.com/GabeCordo/DistributedFunctions/cmd/fs/controllers/schedule.go:142.18,145.5 2 0
github.com/GabeCordo/DistributedFunctions/cmd/fs/controllers/schedule.go:147.4,149.60 2 0
github.com/GabeCordo/DistributedFunctions/cmd/fs/controllers/schedule.go:153.2,153.30 1 0
github.com/GabeCordo/DistributedFunctions/cmd/fs/controllers/start.go:17.33,22.2 4 0
github.com/GabeCordo/DistributedFunctions/cmd/fs/controllers/start.go:30.78,34.2 2 0
github.com/GabeCordo/DistributedFunctions/cmd/fs/controllers/start.go:36.98,38.26 1 0
github.com/GabeCordo/DistributedFunctions/cmd/fs/controllers/start.go:38.26,41.3 2 0
github.com/GabeCordo/DistributedFunctions/cmd/fs/controllers/start.go:43.2,43.12 1 0
github.com/GabeCordo/DistributedFunctions/cmd/fs/controllers/start.go:46.92,50.57 1 0
github.com/GabeCordo/DistributedFunctions/cmd/fs/controllers/start.go:50.57,53.3 2 0
github.com/GabeCordo/DistributedFunctions/cmd/fs/controllers/start.go:55.2,59.16 4 0
github.com/GabeCordo/DistributedFunctions/cmd/fs/controllers/start.go:59.16,62.3 2 0
github.com/GabeCordo/DistributedFunctions/cmd/fs/controllers/start.go:64.2,65.16 2 0
github.com/GabeCordo/DistributedFunctions/cmd/fs/controllers/start.go:65.16,68.3 2 0
github.com/GabeCordo/DistributedFunctions/cmd/fs/controllers/start.go:69.2,72.16 3 0
github.com/GabeCordo/DistributedFunctions/cmd/fs/controllers/start.go:72.16,75.3 2 0
github.com/GabeCordo/DistributedFunctions/cmd/fs/controllers/start.go:77.2,79.30 2 0
github.com/GabeCordo/DistributedFunctions/cmd/fs/controllers/statistics.go:14.108,16.101 1 0
github.com/GabeCordo/DistributedFunctions/cmd/fs/controllers/statistics.go:16.101,18.50 1 0
github.com/GabeCordo/DistributedFunctions/cmd/fs/controllers/statistics.go:18.50,20.4 1 0
github.com/GabeCordo/DistributedFunctions/cmd/fs/controllers/statistics.go:22.3,23.13 2 0
github.com/GabeCordo/DistributedFunctions/cmd/fs/controllers/statistics.go:26.2,26.16 1 0
github.com/GabeCordo/DistributedFunctions/cmd/fs/controllers/statistics.go:26.16,28.3 1 0
github.com/GabeCordo/DistributedFunctions/cmd/fs/controllers/statistics.go:30.2,30.30 1 0
github.com/GabeCordo/DistributedFunctions/cmd/fs/controllers/stats.go:20.103,22.32 1 0
github.com/GabeCordo/DistributedFunctions/cmd/fs/controllers/stats.go:22.32,24.3 1 0
github.com/GabeCordo/DistributedFunctions/cmd/fs/controllers/stats.go:26.2,26.30 1 0
github.com/GabeCordo/DistributedFunctions/cmd/fs/controllers/stats.go:29.74,32.35 2 0
github.com/GabeCordo/DistributedFunctions/cmd/fs/controllers/stats.go:32.35,35.3 2 0
github.com/GabeCordo/DistributedFunctions/cmd/fs/controllers/stats.go:37.2,38.16 2 0
github.com/GabeCordo/DistributedFunctions/cmd/fs/controllers/stats.go:38.16,41.3 2 0
github.com/GabeCordo/DistributedFunctions/cmd/fs/controllers/stats.go:43.2,48.12 4 0
github.com/GabeCordo/DistributedFunctions/cmd/fs/controllers/stats.go:48.12,50.7 1 0
github.com/GabeCordo/DistributedFunctions/cmd/fs/controllers/stats.go:50.7,53.18 2 0
github.com/GabeCordo/DistributedFunctions/cmd/fs/controllers/stats.go:53.18,56.5 2 0
github.com/GabeCordo/DistributedFunctions/cmd/fs/controllers/stats.go:58.4,58.24 1 0
github.com/GabeCordo/DistributedFunctions/cmd/fs/controllers/stats.go:58.24,61.5 2 0
github.com/GabeCordo/DistributedFunctions/cmd/fs/controllers/stats.go:63.4,64.47 2 0
github.com/GabeCordo/DistributedFunctions/cmd/fs/controllers/stats.go:64.47,66.5 1 0
github.com/GabeCordo/DistributedFunctions/cmd/fs/controllers/stats.go:67.4,69.38 2 0
github.com/GabeCordo/DistributedFunctions/cmd/fs/controllers/stats.go:73.2,74.8 2 0
github.com/GabeCordo/DistributedFunctions/internal/shared/api/gate.go:10.32,13.16 2 0
github.com/GabeCordo/DistributedFunctions/internal/shared/api/gate.go:13.16,15.3 1 0
github.com/GabeCordo/DistributedFunctions/internal/shared/api/gate.go:16.2,16.33 1 0
github.com/GabeCordo/DistributedFunctions/internal/shared/api/gate.go:16.33,18.17 2 0
github.com/GabeCordo/DistributedFunctions/internal/shared/api/gate.go:18.17,20.4 1 0
github.com/GabeCordo/DistributedFunctions/internal/shared/api/gate.go:23.2,23.37 1 0
github.com/GabeCordo/DistributedFunctions/internal/shared/api/gate.go:23.37,25.3 1 0
github.com/GabeCordo/DistributedFunctions/internal/shared/api/gate.go:27.2,29.16 3 0
github.com/GabeCordo/DistributedFunctions/internal/shared/api/gate.go:29.16,31.3 1 0
github.com/GabeCordo/DistributedFunctions/internal/shared/api/gate.go:33.2,34.9 2 0
github.com/GabeCordo/DistributedFunctions/internal/shared/api/gate.go:34.9,36.3 1 0
github.com/GabeCordo/DistributedFunctions/internal/shared/api/gate.go:38.2,38.21 1 0
github.com/GabeCordo/DistributedFunctions/internal/shared/api/gate.go:41.33,46.16 3 0
github.com/GabeCordo/DistributedFunctions/internal/shared/api/gate.go:46.16,48.3 1 0
github.com/GabeCordo/DistributedFunctions/internal/shared/api/gate.go:50.2,51.16 2 0
github.com/GabeCordo/DistributedFunctions/internal/shared/api/gate.go:51.16,53.3 1 0
github.com/GabeCordo/DistributedFunctions/internal/shared/api/gate.go:54.2,54.33 1 0
github.com/GabeCordo/DistributedFunctions/internal/shared/api/gate.go:54.33,56.17 2 0
github.com/GabeCordo/DistributedFunctions/internal/shared/api/gate.go:56.17,58.4 1 0
github.com/GabeCordo/DistributedFunctions/internal/shared/api/gate.go:61.2,61.37 1 0
github.com/GabeCordo/DistributedFunctions/internal/shared/api/gate.go:61.37,63.3 1 0
github.com/GabeCordo/DistributedFunctions/internal/shared/api/gate.go:65.2,65.12 1 0
github.com/GabeCordo/DistributedFunctions/internal/shared/api/gate.go:68.36,72.16 3 0
github.com/GabeCordo/DistributedFunctions/internal/shared/api/gate.go:72.16,74.3 1 0
github.com/GabeCordo/DistributedFunctions/internal/shared/api/gate.go:76.2,77.16 2 0
github.com/GabeCordo/DistributedFunctions/internal/shared/api/gate.go:77.16,79.3 1 0
github.com/GabeCordo/DistributedFunctions/internal/shared/api/gate.go:80.2,80.33 1 0
github.com/GabeCordo/DistributedFunctions/internal/shared/api/gate.go:80.33,82.17 2 0
github.com/GabeCordo/DistributedFunctions/internal/shared/api/gate.go:82.17,84.4 1 0
github.com/GabeCordo/DistributedFunctions/internal/shared/api/gate.go:87.2,87.37 1 0
github.com/GabeCordo/DistributedFunctions/internal/shared/api/gate.go:87.37,89.3 1 0
github.com/GabeCordo/DistributedFunctions/internal/shared/api/gate.go:91.2,91.12 1 0
github.com/GabeCordo/DistributedFunctions/internal/shared/api/pipeline.go:15.81,27.16 3 0
github.com/GabeCordo/DistributedFunctions/internal/shared/api/pipeline.go:27.16,29.3 1 0
github.com/GabeCordo/DistributedFunctions/internal/shared/api/pipeline.go:31.2,33.16 3 0
github.com/GabeCordo/DistributedFunctions/internal/shared/api/pipeline.go:33.16,35.3 1 0
github.com/GabeCordo/DistributedFunctions/internal/shared/api/pipeline.go:37.2,38.16 2 0
github.com/GabeCordo/DistributedFunctions/internal/shared/api/pipeline.go:38.16,40.3 1 0
github.com/GabeCordo/DistributedFunctions/internal/shared/api/pipeline.go:42.2,42.37 1 0
github.com/GabeCordo/DistributedFunctions/internal/shared/api/pipeline.go:42.37,44.3 1 0
github.com/GabeCordo/DistributedFunctions/internal/shared/api/pipeline.go:46.2,46.12 1 0
github.com/GabeCordo/DistributedFunctions/internal/shared/api/pipeline.go:49.65,53.16 3 0
github.com/GabeCordo/DistributedFunctions/internal/shared/api/pipeline.go:53.16,55.3 1 0
github.com/GabeCordo/DistributedFunctions/internal/shared/api/pipeline.go:57.2,58.16 2 0
github.com/GabeCordo/DistributedFunctions/internal/shared/api/pipeline.go:58.16,60.3 1 0
github.com/GabeCordo/DistributedFunctions/internal/shared/api/pipeline.go:61.2,61.33 1 0
github.com/GabeCordo/DistributedFunctions/internal/shared/api/pipeline.go:61.33,63.17 2 0
github.com/GabeCordo/DistributedFunctions/internal/shared/api/pipeline.go:63.17,65.4 1 0
github.com/GabeCordo/DistributedFunctions/internal/shared/api/pipeline.go:68.2,68.43 1 0
github.com/GabeCordo/DistributedFunctions/internal/shared/api/pipeline.go:68.43,70.3 1 0
github.com/GabeCordo/DistributedFunctions/internal/shared/api/pipeline.go:72.2,74.16 3 0
github.com/GabeCordo/DistributedFunctions/internal/shared/api/pipeline.go:74.16,76.3 1 0
github.com/GabeCordo/DistributedFunctions/internal/shared/api/pipeline.go:78.2,78.30 1 0
github.com/GabeCordo/DistributedFunctions/internal/shared/api/pipeline.go:78.30,79.25 1 0
github.com/GabeCordo/DistributedFunctions/internal/shared/api/pipeline.go:79.25,81.4 1 0
github.com/GabeCordo/DistributedFunctions/internal/shared/api/pipeline.go:84.2,84.19 1 0
github.com/GabeCordo/DistributedFunctions/internal/shared/api/pipeline.go:87.90,92.16 3 0
github.com/GabeCordo/DistributedFunctions/internal/shared/api/pipeline.go:92.16,94.3 1 0
github.com/GabeCordo/DistributedFunctions/internal/shared/api/pipeline.go:96.2,97.16 2 0
github.com/GabeCordo/DistributedFunctions/internal/shared/api/pipeline.go:97.16,99.3 1 0
github.com/GabeCordo/DistributedFunctions/internal/shared/api/pipeline.go:101.2,102.16 2 0
github.com/GabeCordo/DistributedFunctions/internal/shared/api/pipeline.go:102.16,104.3 1 0
github.com/GabeCordo/DistributedFunctions/internal/shared/api/pipeline.go:105.2,105.33 1 0
github.com/GabeCordo/DistributedFunctions/internal/shared/api/pipeline.go:105.33,107.17 2 0
github.com/GabeCordo/DistributedFunctions/internal/shared/api/pipeline.go:107.17,109.4 1 0
github.com/GabeCordo/DistributedFunctions/internal/shared/api/pipeline.go:112.2,112.37 1 0
github.com/GabeCordo/DistributedFunctions/internal/shared/api/pipeline.go:112.37,114.3 1 0
github.com/GabeCordo/DistributedFunctions/internal/shared/api/pipeline.go:114.8,116.3 1 0
github.com/GabeCordo/DistributedFunctions/internal/shared/api/pipeline.go:119.91,124.16 3 0
github.com/GabeCordo/DistributedFunctions/internal/shared/api/pipeline.go:124.16,126.3 1 0
github.com/GabeCordo/DistributedFunctions/internal/shared/api/pipeline.go:128.2,129.16 2 0
github.com/GabeCordo/DistributedFunctions/internal/shared/api/pipeline.go:129.16,131.3 1 0
github.com/GabeCordo/DistributedFunctions/internal/shared/api/pipeline.go:133.2,134.16 2 0
github.com/GabeCordo/DistributedFunctions/internal/shared/api/pipeline.go:134.16,136.3 1 0
github.com/GabeCordo/DistributedFunctions/internal/shared/api/pipeline.go:137.2,137.33 1 0
github.com/GabeCordo/DistributedFunctions/internal/shared/api/pipeline.go:137.33,139.17 2 0
github.com/GabeCordo/DistributedFunctions/internal/shared/api/pipeline.go:139.17,141.4 1 0
github.com/GabeCordo/DistributedFunctions/internal/shared/api/pipeline.go:144.2,144.37 1 0
github.com/GabeCordo/DistributedFunctions/internal/shared/api/pipeline.go:144.37,146.3 1 0
github.com/GabeCordo/DistributedFunctions/internal/shared/api/pipeline.go:146.8,148.3 1 0
github.com/GabeCordo/DistributedFunctions/internal/shared/api/pipeline.go:151.69,155.16 3 0
github.com/GabeCordo/DistributedFunctions/internal/shared/api/pipeline.go:155.16,157.3 1 0
github.com/GabeCordo/DistributedFunctions/internal/shared/api/pipeline.go:159.2,160.16 2 0
github.com/GabeCordo/DistributedFunctions/internal/shared/api/pipeline.go:160.16,162.3 1 0
github.com/GabeCordo/DistributedFunctions/internal/shared/api/pipeline.go:163.2,163.33 1 0
github.com/GabeCordo/DistributedFunctions/internal/shared/api/pipeline.go:163.33,165.17 2 0
github.com/GabeCordo/DistributedFunctions/internal/shared/api/pipeline.go:165.17,167.4 1 0
github.com/GabeCordo/DistributedFunctions/internal/shared/api/pipeline.go:170.2,170.37 1 0
github.com/GabeCordo/DistributedFunctions/internal/shared/api/pipeline.go:170.37,172.3 1 0
github.com/GabeCordo/DistributedFunctions/internal/shared/api/pipeline.go:173.2,173.12 1 0
github.com/GabeCordo/DistributedFunctions/internal/shared/api/pipeline.go:176.74,187.16 4 0
github.com/GabeCordo/DistributedFunctions/internal/shared/api/pipeline.go:187.16,189.3 1 0
github.com/GabeCordo/DistributedFunctions/internal/shared/api/pipeline.go:191.2,192.16 2 0
github.com/GabeCordo/DistributedFunctions/internal/shared/api/pipeline.go:192.16,194.3 1 0
github.com/GabeCordo/DistributedFunctions/internal/shared/api/pipeline.go:196.2,197.16 2 0
github.com/GabeCordo/DistributedFunctions/internal/shared/api/pipeline.go:197.16,199.3 1 0
github.com/GabeCordo/DistributedFunctions/internal/shared/api/pipeline.go:200.2,200.33 1 0
github.com/GabeCordo/DistributedFunctions/internal/shared/api/pipeline.go:200.33,202.17 2 0
github.com/GabeCordo/DistributedFunctions/internal/shared/api/pipeline.go:202.17,204.4 1 0
github.com/GabeCordo/DistributedFunctions/internal/shared/api/pipeline.go:207.2,209.37 2 0
github.com/GabeCordo/DistributedFunctions/internal/shared/api/pipeline.go:209.37,211.3 1 0
github.com/GabeCordo/DistributedFunctions/internal/shared/api/pipeline.go:213.2,214.16 2 0
github.com/GabeCordo/DistributedFunctions/internal/shared/api/pipeline.go:214.16,216.3 1 0
github.com/GabeCordo/DistributedFunctions/internal/shared/api/pipeline.go:218.2,218.25 1 0
github.com/GabeCordo/DistributedFunctions/internal/shared/api/pipeline.go:221.72,226.16 3 0
github.com/GabeCordo/DistributedFunctions/internal/shared/api/pipeline.go:226.16,228.3 1 0
github.com/GabeCordo/DistributedFunctions/internal/shared/api/pipeline.go:230.2,231.16 2 0
github.com/GabeCordo/DistributedFunctions/internal/shared/api/pipeline.go:231.16,233.3 1 0
github.com/GabeCordo/DistributedFunctions/internal/shared/api/pipeline.go:234.2,234.33 1 0
github.com/GabeCordo/DistributedFunctions/internal/shared/api/pipeline.go:234.33,236.17 2 0
github.com/GabeCordo/DistributedFunctions/internal/shared/api/pipeline.go:236.17,238.4 1 0
github.com/GabeCordo/DistributedFunctions/internal/shared/api/pipeline.go:241.2,241.37 1 0
github.com/GabeCordo/DistributedFunctions/internal/shared/api/pipeline.go:241.37,243.3 1 0
github.com/GabeCordo/DistributedFunctions/internal/shared/api/pipeline.go:245.2,249.59 2 0
github.com/GabeCordo/DistributedFunctions/internal/shared/api/pipeline.go:249.59,251.3 1 0
github.com/GabeCordo/DistributedFunctions/internal/shared/api/pipeline.go:253.2,253.27 1 0
github.com/GabeCordo/DistributedFunctions/internal/shared/api/pipeline.go:253.27,254.17 1 0
github.com/GabeCordo/DistributedFunctions/internal/shared/api/pipeline.go:254.17,256.4 1 0
github.com/GabeCordo/DistributedFunctions/internal/shared/api/pipeline.go:259.2,259.41 1 0
github.com/GabeCordo/DistributedFunctions/internal/shared/api/pipeline.go:262.44,266.16 3 0
github.com/GabeCordo/DistributedFunctions/internal/shared/api/pipeline.go:266.16,268.3 1 0
github.com/GabeCordo/DistributedFunctions/internal/shared/api/pipeline.go:270.2,271.16 2 0
github.com/GabeCordo/DistributedFunctions/internal/shared/api/pipeline.go:271.16,273.3 1 0
github.com/GabeCordo/DistributedFunctions/internal/shared/api/pipeline.go:275.2,275.37 1 0
github.com/GabeCordo/DistributedFunctions/internal/shared/api/pipeline.go:275.37,277.3 1 0
github.com/GabeCordo/DistributedFunctions/internal/shared/api/pipeline.go:277.8,279.3 1 0
github.com/GabeCordo/DistributedFunctions/internal/shared/api/schedule.go:13.57,17.16 3 0
github.com/GabeCordo/DistributedFunctions/internal/shared/api/schedule.go:17.16,19.3 1 0
github.com/GabeCordo/DistributedFunctions/internal/shared/api/schedule.go:21.2,22.16 2 0
github.com/GabeCordo/DistributedFunctions/internal/shared/api/schedule.go:22.16,24.3 1 0
github.com/GabeCordo/DistributedFunctions/internal/shared/api/schedule.go:25.2,25.33 1 0
github.com/GabeCordo/DistributedFunctions/internal/shared/api/schedule.go:25.33,27.17 2 0
github.com/GabeCordo/DistributedFunctions/internal/shared/api/schedule.go:27.17,29.4 1 0
github.com/GabeCordo/DistributedFunctions/internal/shared/api/schedule.go:32.2,32.37 1 0
github.com/GabeCordo/DistributedFunctions/internal/shared/api/schedule.go:32.37,34.3 1 0
github.com/GabeCordo/DistributedFunctions/internal/shared/api/schedule.go:36.2,37.67 2 0
github.com/GabeCordo/DistributedFunctions/internal/shared/api/schedule.go:37.67,39.3 1 0
github.com/GabeCordo/DistributedFunctions/internal/shared/api/schedule.go:41.2,41.27 1 0
github.com/GabeCordo/DistributedFunctions/internal/shared/api/schedule.go:44.48,48.16 3 0
github.com/GabeCordo/DistributedFunctions/internal/shared/api/schedule.go:48.16,50.3 1 0
github.com/GabeCordo/DistributedFunctions/internal/shared/api/schedule.go:52.2,53.16 2 0
github.com/GabeCordo/DistributedFunctions/internal/shared/api/schedule.go:53.16,55.3 1 0
github.com/GabeCordo/DistributedFunctions/internal/shared/api/schedule.go:57.2,58.16 2 0
github.com/GabeCordo/DistributedFunctions/internal/shared/api/schedule.go:58.16,60.3 1 0
github.com/GabeCordo/DistributedFunctions/internal/shared/api/schedule.go:61.2,61.33 1 0
github.com/GabeCordo/DistributedFunctions/internal/shared/api/schedule.go:61.33,63.17 2 0
github.com/GabeCordo/DistributedFunctions/internal/shared/api/schedule.go:63.17,65.4 1 0
github.com/GabeCordo/DistributedFunctions/internal/shared/api/schedule.go:68.2,68.37 1 0
github.com/GabeCordo/DistributedFunctions/internal/shared/api/schedule.go:68.37,70.3 1 0
github.com/GabeCordo/DistributedFunctions/internal/shared/api/schedule.go:70.8,72.3 1 0
github.com/GabeCordo/DistributedFunctions/internal/shared/api/schedule.go:75.40,80.16 3 0
github.com/GabeCordo/DistributedFunctions/internal/shared/api/schedule.go:80.16,82.3 1 0
github.com/GabeCordo/DistributedFunctions/internal/shared/api/schedule.go:84.2,85.16 2 0
github.com/GabeCordo/DistributedFunctions/internal/shared/api/schedule.go:85.16,87.3 1 0
github.com/GabeCordo/DistributedFunctions/internal/shared/api/schedule.go:88.2,88.33 1 0
github.com/GabeCordo/DistributedFunctions/internal/shared/api/schedule.go:88.33,90.17 2 0
github.com/GabeCordo/DistributedFunctions/internal/shared/api/schedule.go:90.17,92.4 1 0
github.com/GabeCordo/DistributedFunctions/internal/shared/api/schedule.go:95.2,95.37 1 0
github.com/GabeCordo/DistributedFunctions/internal/shared/api/schedule.go:95.37,97.3 1 0
github.com/GabeCordo/DistributedFunctions/internal/shared/api/schedule.go:97.8,99.3 1 0
github.com/GabeCordo/DistributedFunctions/cmd/fs/local/common.go:23.41,25.57 1 0
github.com/GabeCordo/DistributedFunctions/cmd/fs/local/common.go:25.57,26.77 1 0
github.com/GabeCordo/DistributedFunctions/cmd/fs/local/common.go:26.77,28.4 1 0
github.com/GabeCordo/DistributedFunctions/cmd/fs/local/common.go:31.2,31.56 1 0
github.com/GabeCordo/DistributedFunctions/cmd/fs/local/common.go:31.56,32.66 1 0
github.com/GabeCordo/DistributedFunctions/cmd/fs/local/common.go:32.66,34.4 1 0
github.com/GabeCordo/DistributedFunctions/cmd/fs/local/common.go:37.2,38.16 2 0
github.com/GabeCordo/DistributedFunctions/cmd/fs/local/common.go:38.16,40.3 1 0
github.com/GabeCordo/DistributedFunctions/cmd/fs/local/common.go:41.2,41.25 1 0
github.com/GabeCordo/DistributedFunctions/cmd/fs/local/common.go:41.25,43.17 2 0
github.com/GabeCordo/DistributedFunctions/cmd/fs/local/common.go:43.17,45.4 1 0
github.com/GabeCordo/DistributedFunctions/cmd/fs/local/common.go:48.2,48.57 1 0
github.com/GabeCordo/DistributedFunctions/cmd/fs/local/common.go:48.57,50.3 1 0
github.com/GabeCordo/DistributedFunctions/cmd/fs/local/common.go:51.2,51.12 1 0
github.com/GabeCordo/DistributedFunctions/cmd/fs/local/common.go:54.41,57.16 2 0
github.com/GabeCordo/DistributedFunctions/cmd/fs/local/common.go:57.16,59.3 1 0
github.com/GabeCordo/DistributedFunctions/cmd/fs/local/common.go:61.2,62.16 2 0
github.com/GabeCordo/DistributedFunctions/cmd/fs/local/common.go:62.16,64.3 1 0
github.com/GabeCordo/DistributedFunctions/cmd/fs/local/common.go:65.2,65.25 1 0
github.com/GabeCordo/DistributedFunctions/cmd/fs/local/common.go:65.25,67.17 2 0
github.com/GabeCordo/DistributedFunctions/cmd/fs/local/common.go:67.17,69.4 1 0
github.com/GabeCordo/DistributedFunctions/cmd/fs/local/common.go:72.2,72.42 1 0
github.com/GabeCordo/DistributedFunctions/cmd/fs/local/common.go:75.38,78.16 2 0
github.com/GabeCordo/DistributedFunctions/cmd/fs/local/common.go:78.16,79.13 1 0
github.com/GabeCordo/DistributedFunctions/cmd/fs/local/common.go:81.2,81.25 1 0
github.com/GabeCordo/DistributedFunctions/cmd/fs/local/common.go:81.25,83.17 2 0
github.com/GabeCordo/DistributedFunctions/cmd/fs/local/common.go:83.17,85.4 1 0
github.com/GabeCordo/DistributedFunctions/cmd/fs/local/common.go:88.2,88.42 1 0
github.com/GabeCordo/DistributedFunctions/cmd/fs/local/common.go:91.46,93.42 1 0
github.com/GabeCordo/DistributedFunctions/cmd/fs/local/common.go:93.42,98.45 3 0
github.com/GabeCordo/DistributedFunctions/cmd/fs/local/common.go:98.45,100.4 1 0
github.com/GabeCordo/DistributedFunctions/cmd/fs/local/common.go:103.2,103.12 1 0
github.com/GabeCordo/DistributedFunctions/cmd/fs/local/namespace.go:3.28,6.51 2 0
github.com/GabeCordo/DistributedFunctions/cmd/fs/local/namespace.go:6.51,7.13 1 0
github.com/GabeCordo/DistributedFunctions/cmd/fs/local/namespace.go:10.2,10.25 1 0
github.com/GabeCordo/DistributedFunctions/cmd/fs/local/namespace.go:13.40,16.51 2 0
github.com/GabeCordo/DistributedFunctions/cmd/fs/local/namespace.go:16.51,17.13 1 0
github.com/GabeCordo/DistributedFunctions/cmd/fs/local/namespace.go:20.2,22.46 2 0
github.com/GabeCordo/DistributedFunctions/cmd/fs/local/namespace.go:22.46,23.13 1 0
github.com/GabeCordo/DistributedFunctions/cmd/fs/local/namespace.go:27.23,30.51 2 0
github.com/GabeCordo/DistributedFunctions/cmd/fs/local/namespace.go:30.51,31.13 1 0
github.com/GabeCordo/DistributedFunctions/cmd/fs/local/namespace.go:34.2,34.20 1 0
github.com/GabeCordo/DistributedFunctions/cmd/fs/local/namespace.go:37.30,40.51 2 0
github.com/GabeCordo/DistributedFunctions/cmd/fs/local/namespace.go:40.51,41.13 1 0
github.com/GabeCordo/DistributedFunctions/cmd/fs/local/namespace.go:44.2,46.46 2 0
github.com/GabeCordo/DistributedFunctions/cmd/fs/local/namespace.go:46.46,47.13 1 0
github.com/GabeCordo/DistributedFunctions/internal/shared/drivers/mongo/collection.go:17.70,21.16 3 0
github.com/GabeCordo/DistributedFunctions/internal/shared/drivers/mongo/collection.go:21.16,23.3 1 0
github.com/GabeCordo/DistributedFunctions/internal/shared/drivers/mongo/collection.go:25.2,26.12 2 0
github.com/GabeCordo/DistributedFunctions/internal/shared/drivers/mongo/collection.go:29.69,32.2 1 0
github.com/GabeCordo/DistributedFunctions/internal/shared/drivers/mongo/collection.go:34.82,44.2 1 0
github.com/GabeCordo/DistributedFunctions/internal/shared/drivers/mongo/collection.go:46.78,51.2 3 0
github.com/GabeCordo/DistributedFunctions/internal/shared/drivers/mongo/collection.go:53.94,58.2 3 0
github.com/GabeCordo/DistributedFunctions/internal/shared/drivers/mongo/collection.go:60.59,65.2 3 0
github.com/GabeCordo/DistributedFunctions/internal/shared/drivers/mongo/collection.go:67.64,71.37 3 0
github.com/GabeCordo/DistributedFunctions/internal/shared/drivers/mongo/collection.go:71.37,73.3 1 0
github.com/GabeCordo/DistributedFunctions/internal/shared/drivers/mongo/collection.go:75.2,75.30 1 0
github.com/GabeCordo/DistributedFunctions/internal/shared/drivers/mongo/collection.go:75.30,77.3 1 0
github.com/GabeCordo/DistributedFunctions/internal/shared/drivers/mongo/collection.go:78.2,78.12 1 0
github.com/GabeCordo/DistributedFunctions/internal/shared/drivers/mongo/collection.go:81.71,85.2 2 0
github.com/GabeCordo/DistributedFunctions/internal/shared/drivers/mongo/collection.go:87.87,91.2 2 0
github.com/GabeCordo/DistributedFunctions/internal/shared/drivers/mongo/collection.go:93.75,98.2 3 0
github.com/GabeCordo/DistributedFunctions/internal/shared/drivers/mongo/collection.go:100.64,103.16 2 0
github.com/GabeCordo/DistributedFunctions/internal/shared/drivers/mongo/collection.go:103.16,105.3 1 0
github.com/GabeCordo/DistributedFunctions/internal/shared/drivers/mongo/collection.go:106.2,106.12 1 0
github.com/GabeCordo/DistributedFunctions/internal/shared/drivers/mongo/collection.go:109.96,114.16 3 0
github.com/GabeCordo/DistributedFunctions/internal/shared/drivers/mongo/collection.go:114.16,116.3 1 0
github.com/GabeCordo/DistributedFunctions/internal/shared/drivers/mongo/collection.go:118.2,118.30 1 0
github.com/GabeCordo/DistributedFunctions/internal/shared/drivers/mongo/collection.go:118.30,120.3 1 0
github.com/GabeCordo/DistributedFunctions/internal/shared/drivers/mongo/collection.go:122.2,122.12 1 0
github.com/GabeCordo/DistributedFunctions/internal/shared/drivers/mongo/collection.go:125.65,130.2 3 0
github.com/GabeCordo/DistributedFunctions/internal/shared/drivers/mongo/collection.go:132.81,137.2 3 0
github.com/GabeCordo/DistributedFunctions/internal/shared/drivers/mongo/database.go:9.61,12.2 2 0
github.com/GabeCordo/DistributedFunctions/internal/shared/drivers/mongo/mongo.go:19.35,25.2 4 0
github.com/GabeCordo/DistributedFunctions/internal/shared/drivers/mongo/mongo.go:27.42,30.2 1 0
github.com/GabeCordo/DistributedFunctions/internal/shared/drivers/mongo/mongo.go:32.45,38.16 4 0
github.com/GabeCordo/DistributedFunctions/internal/shared/drivers/mongo/mongo.go:38.16,40.3 1 0
github.com/GabeCordo/DistributedFunctions/internal/shared/drivers/mongo/mongo.go:42.2,42.12 1 0
github.com/GabeCordo/DistributedFunctions/internal/shared/drivers/mongo/mongo.go:45.54,49.2 2 0
github.com/GabeCordo/DistributedFunctions/internal/shared/logging/text_logging/text_logging.go:36.62,43.20 4 0
github.com/GabeCordo/DistributedFunctions/internal/shared/logging/text_logging/text_logging.go:43.20,45.3 1 0
github.com/GabeCordo/DistributedFunctions/internal/shared/logging/text_logging/text_logging.go:45.8,46.22 1 0
github.com/GabeCordo/DistributedFunctions/internal/shared/logging/text_logging/text_logging.go:46.22,48.4 1 0
github.com/GabeCordo/DistributedFunctions/internal/shared/logging/text_logging/text_logging.go:49.3,49.26 1 0
github.com/GabeCordo/DistributedFunctions/internal/shared/logging/text_logging/text_logging.go:52.2,54.20 2 0
github.com/GabeCordo/DistributedFunctions/internal/shared/logging/text_logging/text_logging.go:57.66,60.2 2 0
github.com/GabeCordo/DistributedFunctions/internal/shared/logging/text_logging/text_logging.go:62.43,64.2 1 0
github.com/GabeCordo/DistributedFunctions/internal/shared/logging/text_logging/text_logging.go:66.40,67.53 1 0
github.com/GabeCordo/DistributedFunctions/internal/shared/logging/text_logging/text_logging.go:67.53,69.3 1 0
github.com/GabeCordo/DistributedFunctions/internal/shared/logging/text_logging/text_logging.go:69.8,71.3 1 0
github.com/GabeCordo/DistributedFunctions/internal/shared/logging/text_logging/text_logging.go:73.2,73.52 1 0
github.com/GabeCordo/DistributedFunctions/internal/shared/logging/text_logging/text_logging.go:76.52,78.2 1 0
github.com/GabeCordo/DistributedFunctions/internal/shared/logging/text_logging/text_logging.go:80.48,81.24 1 0
github.com/GabeCordo/DistributedFunctions/internal/shared/logging/text_logging/text_logging.go:81.24,83.3 1 0
github.com/GabeCordo/DistributedFunctions/internal/shared/logging/text_logging/text_logging.go:84.2,84.51 1 0
github.com/GabeCordo/DistributedFunctions/internal/shared/logging/text_logging/text_logging.go:87.46,88.24 1 0
github.com/GabeCordo/DistributedFunctions/internal/shared/logging/text_logging/text_logging.go:88.24,90.3 1 0
github.com/GabeCordo/DistributedFunctions/internal/shared/logging/text_logging/text_logging.go:91.2,91.49 1 0
github.com/GabeCordo/DistributedFunctions/internal/shared/logging/text_logging/text_logging.go:94.65,95.24 1 0
github.com/GabeCordo/DistributedFunctions/internal/shared/logging/text_logging/text_logging.go:95.24,97.3 1 0
github.com/GabeCordo/DistributedFunctions/internal/shared/logging/text_logging/text_logging.go:98.2,98.62 1 0
github.com/GabeCordo/DistributedFunctions/internal/shared/logging/text_logging/text_logging.go:101.45,102.24 1 0
github.com/GabeCordo/DistributedFunctions/internal/shared/logging/text_logging/text_logging.go:102.24,104.3 1 0
github.com/GabeCordo/DistributedFunctions/internal/shared/logging/text_logging/text_logging.go:105.2,105.50 1 0
github.com/GabeCordo/DistributedFunctions/internal/shared/logging/text_logging/text_logging.go:108.47,109.24 1 0
github.com/GabeCordo/DistributedFunctions/internal/shared/logging/text_logging/text_logging.go:109.24,111.3 1 0
github.com/GabeCordo/DistributedFunctions/internal/shared/logging/text_logging/text_logging.go:112.2,112.52 1 0
github.com/GabeCordo/DistributedFunctions/internal/shared/logging/text_logging/text_logging.go:115.64,116.24 1 0
github.com/GabeCordo/DistributedFunctions/internal/shared/logging/text_logging/text_logging.go:116.24,118.3 1 0
github.com/GabeCordo/DistributedFunctions/internal/shared/logging/text_logging/text_logging.go:119.2,119.63 1 0
github.com/GabeCordo/DistributedFunctions/internal/shared/logging/text_logging/text_logging.go:122.46,123.24 1 0
github.com/GabeCordo/DistributedFunctions/internal/shared/logging/text_logging/text_logging.go:123.24,125.3 1 0
github.com/GabeCordo/DistributedFunctions/internal/shared/logging/text_logging/text_logging.go:126.2,126.48 1 0
github.com/GabeCordo/DistributedFunctions/internal/shared/logging/text_logging/text_logging.go:129.48,130.24 1 0
github.com/GabeCordo/DistributedFunctions/internal/shared/logging/text_logging/text_logging.go:130.24,132.3 1 0
github.com/GabeCordo/DistributedFunctions/internal/shared/logging/text_logging/text_logging.go:133.2,133.50 1 0
github.com/GabeCordo/DistributedFunctions/internal/shared/logging/text_logging/text_logging.go:136.65,137.24 1 0
github.com/GabeCordo/DistributedFunctions/internal/shared/logging/text_logging/text_logging.go:137.24,139.3 1 0
github.com/GabeCordo/DistributedFunctions/internal/shared/logging/text_logging/text_logging.go:140.2,140.61 1 0
github.com/GabeCordo/DistributedFunctions/internal/shared/logging/text_logging/text_logging.go:143.46,144.24 1 0
github.com/GabeCordo/DistributedFunctions/internal/shared/logging/text_logging/text_logging.go:144.24,146.3 1 0
github.com/GabeCordo/DistributedFunctions/internal/shared/logging/text_logging/text_logging.go:147.2,147.48 1 0
github.com/GabeCordo/DistributedFunctions/internal/shared/logging/text_logging/text_logging.go:150.48,151.24 1 0
github.com/GabeCordo/DistributedFunctions/internal/shared/logging/text_logging/text_logging.go:151.24,153.3 1 0
github.com/GabeCordo/DistributedFunctions/internal/shared/logging/text_logging/text_logging.go:154.2,154.50 1 0
github.com/GabeCordo/DistributedFunctions/internal/shared/logging/text_logging/text_logging.go:157.65,158.24 1 0
github.com/GabeCordo/DistributedFunctions/internal/shared/logging/text_logging/text_logging.go:158.24,160.3 1 0
github.com/GabeCordo/DistributedFunctions/internal/shared/logging/text_logging/text_logging.go:161.2,161.61 1 0
github.com/GabeCordo/DistributedFunctions/internal/shared/socket/json_socket/json_client.go:35.26,42.2 4 1
github.com/GabeCordo/DistributedFunctions/internal/shared/socket/json_socket/json_client.go:50.63,52.21 1 0
github.com/GabeCordo/DistributedFunctions/internal/shared/socket/json_socket/json_client.go:52.21,54.3 1 0
github.com/GabeCordo/DistributedFunctions/internal/shared/socket/json_socket/json_client.go:56.2,61.12 2 0
github.com/GabeCordo/DistributedFunctions/internal/shared/socket/json_socket/json_client.go:69.63,71.2 1 1
github.com/GabeCordo/DistributedFunctions/internal/shared/socket/json_socket/json_client.go:73.74,75.82 1 1
github.com/GabeCordo/DistributedFunctions/internal/shared/socket/json_socket/json_client.go:75.82,77.27 1 1
github.com/GabeCordo/DistributedFunctions/internal/shared/socket/json_socket/json_client.go:77.27,79.4 1 1
github.com/GabeCordo/DistributedFunctions/internal/shared/socket/json_socket/json_client.go:79.9,81.4 1 0
github.com/GabeCordo/DistributedFunctions/internal/shared/socket/json_socket/json_client.go:83.3,83.17 1 1
github.com/GabeCordo/DistributedFunctions/internal/shared/socket/json_socket/json_client.go:83.17,86.9 3 1
github.com/GabeCordo/DistributedFunctions/internal/shared/socket/json_socket/json_client.go:89.3,89.53 1 0
github.com/GabeCordo/DistributedFunctions/internal/shared/socket/json_socket/json_client.go:89.53,91.4 1 0
github.com/GabeCordo/DistributedFunctions/internal/shared/socket/json_socket/json_client.go:91.9,93.4 1 0
github.com/GabeCordo/DistributedFunctions/internal/shared/socket/json_socket/json_client.go:96.2,96.24 1 1
github.com/GabeCordo/DistributedFunctions/internal/shared/socket/json_socket/json_client.go:109.50,112.16 2 1
github.com/GabeCordo/DistributedFunctions/internal/shared/socket/json_socket/json_client.go:112.16,116.3 1 0
github.com/GabeCordo/DistributedFunctions/internal/shared/socket/json_socket/json_client.go:121.2,121.12 1 1
github.com/GabeCordo/DistributedFunctions/internal/shared/socket/json_socket/json_client.go:121.12,123.17 2 1
github.com/GabeCordo/DistributedFunctions/internal/shared/socket/json_socket/json_client.go:123.17,125.4 1 0
github.com/GabeCordo/DistributedFunctions/internal/shared/socket/json_socket/json_client.go:130.2,130.6 1 1
github.com/GabeCordo/DistributedFunctions/internal/shared/socket/json_socket/json_client.go:130.6,134.17 2 1
github.com/GabeCordo/DistributedFunctions/internal/shared/socket/json_socket/json_client.go:134.17,136.4 1 0
github.com/GabeCordo/DistributedFunctions/internal/shared/socket/json_socket/json_client.go:142.3,142.44 1 1
github.com/GabeCordo/DistributedFunctions/internal/shared/socket/json_socket/json_client.go:142.44,143.9 1 1
github.com/GabeCordo/DistributedFunctions/internal/shared/socket/json_socket/json_client.go:152.3,152.7 1 0
github.com/GabeCordo/DistributedFunctions/internal/shared/socket/json_socket/json_client.go:152.7,158.18 3 0
github.com/GabeCordo/DistributedFunctions/internal/shared/socket/json_socket/json_client.go:158.18,161.15 2 0
github.com/GabeCordo/DistributedFunctions/internal/shared/socket/json_socket/json_client.go:161.15,163.20 2 0
github.com/GabeCordo/DistributedFunctions/internal/shared/socket/json_socket/json_client.go:163.20,165.7 1 0
github.com/GabeCordo/DistributedFunctions/internal/shared/socket/json_socket/json_client.go:168.5,168.10 1 0
github.com/GabeCordo/DistributedFunctions/internal/shared/socket/json_socket/json_client.go:169.11,171.5 0 0
github.com/GabeCordo/DistributedFunctions/internal/shared/socket/json_socket/json_client.go:177.2,177.12 1 1
github.com/GabeCordo/DistributedFunctions/internal/shared/socket/json_socket/json_client.go:185.59,187.30 1 1
github.com/GabeCordo/DistributedFunctions/internal/shared/socket/json_socket/json_client.go:187.30,189.3 1 0
github.com/GabeCordo/DistributedFunctions/internal/shared/socket/json_socket/json_client.go:191.2,191.40 1 1
github.com/GabeCordo/DistributedFunctions/internal/shared/socket/json_socket/json_client.go:199.42,201.30 1 0
github.com/GabeCordo/DistributedFunctions/internal/shared/socket/json_socket/json_client.go:201.30,203.3 1 0
github.com/GabeCordo/DistributedFunctions/internal/shared/socket/json_socket/json_client.go:205.2,205.40 1 0
github.com/GabeCordo/DistributedFunctions/internal/shared/socket/json_socket/json_client.go:213.42,215.30 1 1
github.com/GabeCordo/DistributedFunctions/internal/shared/socket/json_socket/json_client.go:215.30,217.3 1 0
github.com/GabeCordo/DistributedFunctions/internal/shared/socket/json_socket/json_client.go:219.2,220.12 2 1
github.com/GabeCordo/DistributedFunctions/internal/shared/socket/json_socket/json_server.go:33.26,39.2 4 1
github.com/GabeCordo/DistributedFunctions/internal/shared/socket/json_socket/json_server.go:47.71,50.27 1 0
github.com/GabeCordo/DistributedFunctions/internal/shared/socket/json_socket/json_server.go:50.27,52.3 1 0
github.com/GabeCordo/DistributedFunctions/internal/shared/socket/json_socket/json_server.go:55.2,60.12 2 0
github.com/GabeCordo/DistributedFunctions/internal/shared/socket/json_socket/json_server.go:69.63,71.2 1 1
github.com/GabeCordo/DistributedFunctions/internal/shared/socket/json_socket/json_server.go:83.65,90.26 3 1
github.com/GabeCordo/DistributedFunctions/internal/shared/socket/json_socket/json_server.go:90.26,92.3 1 0
github.com/GabeCordo/DistributedFunctions/internal/shared/socket/json_socket/json_server.go:92.8,94.3 1 1
github.com/GabeCordo/DistributedFunctions/internal/shared/socket/json_socket/json_server.go:96.2,96.16 1 1
github.com/GabeCordo/DistributedFunctions/internal/shared/socket/json_socket/json_server.go:96.16,98.3 1 0
github.com/GabeCordo/DistributedFunctions/internal/shared/socket/json_socket/json_server.go:100.2,100.36 1 1
github.com/GabeCordo/DistributedFunctions/internal/shared/socket/json_socket/json_server.go:100.36,102.17 2 0
github.com/GabeCordo/DistributedFunctions/internal/shared/socket/json_socket/json_server.go:102.17,104.4 1 0
github.com/GabeCordo/DistributedFunctions/internal/shared/socket/json_socket/json_server.go:107.2,108.6 2 1
github.com/GabeCordo/DistributedFunctions/internal/shared/socket/json_socket/json_server.go:108.6,111.17 2 2
github.com/GabeCordo/DistributedFunctions/internal/shared/socket/json_socket/json_server.go:111.17,112.12 1 0
github.com/GabeCordo/DistributedFunctions/internal/shared/socket/json_socket/json_server.go:116.3,116.42 1 1
github.com/GabeCordo/DistributedFunctions/internal/shared/socket/json_socket/json_server.go:122.62,125.16 2 1
github.com/GabeCordo/DistributedFunctions/internal/shared/socket/json_socket/json_server.go:125.16,128.17 3 0
github.com/GabeCordo/DistributedFunctions/internal/shared/socket/json_socket/json_server.go:128.17,130.4 1 0
github.com/GabeCordo/DistributedFunctions/internal/shared/socket/json_socket/json_server.go:131.3,131.9 1 0
github.com/GabeCordo/DistributedFunctions/internal/shared/socket/json_socket/json_server.go:134.2,135.16 2 1
github.com/GabeCordo/DistributedFunctions/internal/shared/socket/json_socket/json_server.go:135.16,138.17 3 0
github.com/GabeCordo/DistributedFunctions/internal/shared/socket/json_socket/json_server.go:138.17,140.4 1 0
github.com/GabeCordo/DistributedFunctions/internal/shared/socket/json_socket/json_server.go:141.3,141.9 1 0
github.com/GabeCordo/DistributedFunctions/internal/shared/socket/json_socket/json_server.go:144.2,144.12 1 1
github.com/GabeCordo/DistributedFunctions/internal/shared/socket/json_socket/json_server.go:144.12,146.17 2 1
github.com/GabeCordo/DistributedFunctions/internal/shared/socket/json_socket/json_server.go:146.17,148.4 1 0
github.com/GabeCordo/DistributedFunctions/internal/shared/socket/json_socket/json_server.go:151.2,151.51 1 1
github.com/GabeCordo/DistributedFunctions/internal/shared/socket/json_socket/json_server.go:151.51,153.3 1 1
github.com/GabeCordo/DistributedFunctions/internal/shared/socket/json_socket/json_server.go:155.2,155.16 1 1
github.com/GabeCordo/DistributedFunctions/internal/shared/socket/json_socket/json_server.go:155.16,157.3 1 0
github.com/GabeCordo/DistributedFunctions/internal/shared/socket/json_socket/json_server.go:159.2,162.16 3 1
github.com/GabeCordo/DistributedFunctions/internal/shared/socket/json_socket/json_server.go:162.16,164.3 1 0
github.com/GabeCordo/DistributedFunctions/internal/shared/socket/json_socket/json_server.go:166.2,167.16 2 1
github.com/GabeCordo/DistributedFunctions/internal/shared/socket/json_socket/json_server.go:167.16,169.3 1 0
github.com/GabeCordo/DistributedFunctions/internal/shared/socket/json_socket/json_server.go:181.83,184.16 2 0
github.com/GabeCordo/DistributedFunctions/internal/shared/socket/json_socket/json_server.go:184.16,186.3 1 0
github.com/GabeCordo/DistributedFunctions/internal/shared/socket/json_socket/json_server.go:188.2,188.29 1 0
github.com/GabeCordo/DistributedFunctions/internal/shared/socket/json_socket/json_types.go:25.65,27.2 1 2
github.com/GabeCordo/DistributedFunctions/internal/shared/socket/json_socket/json_types.go:36.65,38.2 1 2
github.com/GabeCordo/DistributedFunctions/internal/shared/nonce/nonce.go:14.32,22.2 5 0
github.com/GabeCordo/DistributedFunctions/internal/shared/nonce/nonce.go:24.32,29.25 3 0
github.com/GabeCordo/DistributedFunctions/internal/shared/nonce/nonce.go:29.25,31.3 1 0
github.com/GabeCordo/DistributedFunctions/internal/shared/nonce/nonce.go:31.8,33.3 1 0
github.com/GabeCordo/DistributedFunctions/internal/shared/nonce/nonce.go:35.2,35.17 1 0
github.com/GabeCordo/DistributedFunctions/internal/shared/nonce/response_table.go:19.40,23.2 3 0
github.com/GabeCordo/DistributedFunctions/internal/shared/nonce/response_table.go:25.70,30.2 3 0
github.com/GabeCordo/DistributedFunctions/internal/shared/nonce/response_table.go:32.84,36.62 3 0
github.com/GabeCordo/DistributedFunctions/internal/shared/nonce/response_table.go:36.62,38.3 1 0
github.com/GabeCordo/DistributedFunctions/internal/shared/nonce/response_table.go:38.8,40.3 1 0
github.com/GabeCordo/DistributedFunctions/internal/shared/nonce/response_table.go:43.96,45.6 2 0
github.com/GabeCordo/DistributedFunctions/internal/shared/nonce/response_table.go:45.6,46.53 1 0
github.com/GabeCordo/DistributedFunctions/internal/shared/nonce/response_table.go:46.53,48.4 1 0
github.com/GabeCordo/DistributedFunctions/internal/shared/nonce/response_table.go:50.3,50.57 1 0
github.com/GabeCordo/DistributedFunctions/internal/shared/nonce/response_table.go:50.57,52.4 1 0
github.com/GabeCordo/DistributedFunctions/internal/shared/logging/logging.go:20.46,21.19 1 0
github.com/GabeCordo/DistributedFunctions/internal/shared/logging/logging.go:22.15,23.48 1 0
github.com/GabeCordo/DistributedFunctions/internal/shared/logging/logging.go:24.13,25.48 1 0
github.com/GabeCordo/DistributedFunctions/internal/shared/logging/logging.go:26.13,27.45 1 0
github.com/GabeCordo/DistributedFunctions/internal/shared/logging/logging.go:28.10,29.47 1 0
github.com/GabeCordo/DistributedFunctions/internal/targets/core/component/cache/local/cache_core.go:24.40,27.2 2 160
github.com/GabeCordo/DistributedFunctions/internal/targets/core/component/cache/local/cache_core.go:29.36,31.48 2 5
github.com/GabeCordo/DistributedFunctions/internal/targets/core/component/cache/local/cache_core.go:31.48,34.3 2 160
github.com/GabeCordo/DistributedFunctions/internal/targets/core/component/cache/local/cache_core.go:35.2,35.24 1 5
github.com/GabeCordo/DistributedFunctions/internal/targets/core/component/cache/local/cache_core.go:38.90,45.51 3 6
github.com/GabeCordo/DistributedFunctions/internal/targets/core/component/cache/local/cache_core.go:45.51,53.3 3 1
github.com/GabeCordo/DistributedFunctions/internal/targets/core/component/cache/local/cache_core.go:55.2,56.22 2 5
github.com/GabeCordo/DistributedFunctions/internal/targets/core/component/cache/local/cache_core.go:56.22,58.3 1 1
github.com/GabeCordo/DistributedFunctions/internal/targets/core/component/cache/local/cache_core.go:58.8,60.3 1 4
github.com/GabeCordo/DistributedFunctions/internal/targets/core/component/cache/local/cache_core.go:62.2,69.35 3 5
github.com/GabeCordo/DistributedFunctions/internal/targets/core/component/cache/local/cache_core.go:69.35,72.3 1 0
github.com/GabeCordo/DistributedFunctions/internal/targets/core/component/cache/local/cache_core.go:74.2,74.27 1 5
github.com/GabeCordo/DistributedFunctions/internal/targets/core/component/cache/local/cache_core.go:74.27,76.7 1 5
github.com/GabeCordo/DistributedFunctions/internal/targets/core/component/cache/local/cache_core.go:76.7,81.58 2 5
github.com/GabeCordo/DistributedFunctions/internal/targets/core/component/cache/local/cache_core.go:81.58,82.10 1 5
github.com/GabeCordo/DistributedFunctions/internal/targets/core/component/cache/local/cache_core.go:87.2,91.24 3 5
github.com/GabeCordo/DistributedFunctions/internal/targets/core/component/cache/local/cache_core.go:94.79,98.59 3 0
github.com/GabeCordo/DistributedFunctions/internal/targets/core/component/cache/local/cache_core.go:98.59,100.10 2 0
github.com/GabeCordo/DistributedFunctions/internal/targets/core/component/cache/local/cache_core.go:100.10,102.4 1 0
github.com/GabeCordo/DistributedFunctions/internal/targets/core/component/cache/local/cache_core.go:104.3,114.14 4 0
github.com/GabeCordo/DistributedFunctions/internal/targets/core/component/cache/local/cache_core.go:115.8,118.3 1 0
github.com/GabeCordo/DistributedFunctions/internal/targets/core/component/cache/local/cache_core.go:123.56,130.90 3 4
github.com/GabeCordo/DistributedFunctions/internal/targets/core/component/cache/local/cache_core.go:130.90,132.3 1 2
github.com/GabeCordo/DistributedFunctions/internal/targets/core/component/cache/local/cache_core.go:132.8,134.3 1 2
github.com/GabeCordo/DistributedFunctions/internal/targets/core/component/cache/local/cache_core.go:139.47,143.55 3 2
github.com/GabeCordo/DistributedFunctions/internal/targets/core/component/cache/local/cache_core.go:143.55,147.3 2 1
github.com/GabeCordo/DistributedFunctions/internal/targets/core/component/cache/local/cache_core.go:154.29,158.52 3 0
github.com/GabeCordo/DistributedFunctions/internal/targets/core/component/cache/local/cache_core.go:158.52,162.25 3 0
github.com/GabeCordo/DistributedFunctions/internal/targets/core/component/cache/local/cache_core.go:162.25,167.4 2 0
github.com/GabeCordo/DistributedFunctions/internal/targets/core/component/cache/local/cache_core.go:169.3,169.15 1 0
github.com/GabeCordo/DistributedFunctions/internal/targets/core/component/cache/local/cache_record.go:5.39,10.2 1 6
github.com/GabeCordo/DistributedFunctions/internal/targets/core/component/cache/local/cache_types.go:28.51,30.18 2 9
github.com/GabeCordo/DistributedFunctions/internal/targets/core/component/cache/local/cache_types.go:30.18,31.36 1 0
github.com/GabeCordo/DistributedFunctions/internal/targets/core/component/cache/local/cache_types.go:33.2,33.33 1 9
github.com/GabeCordo/DistributedFunctions/internal/targets/core/component/cache/local/cache_types.go:33.33,35.3 1 9
github.com/GabeCordo/DistributedFunctions/internal/targets/core/component/cache/local/cache_types.go:35.8,37.3 1 0
github.com/GabeCordo/DistributedFunctions/internal/targets/core/component/cache/local/cache_types.go:38.2,40.14 2 9
github.com/GabeCordo/DistributedFunctions/internal/shared/socket/connection.go:79.70,96.2 9 0
github.com/GabeCordo/DistributedFunctions/internal/shared/socket/connection.go:103.48,106.2 2 0
github.com/GabeCordo/DistributedFunctions/internal/shared/socket/connection.go:113.41,115.2 1 0
github.com/GabeCordo/DistributedFunctions/internal/shared/socket/connection.go:123.46,125.2 1 0
github.com/GabeCordo/DistributedFunctions/internal/shared/socket/connection.go:133.60,135.20 1 0
github.com/GabeCordo/DistributedFunctions/internal/shared/socket/connection.go:135.20,137.3 1 0
github.com/GabeCordo/DistributedFunctions/internal/shared/socket/connection.go:139.2,161.6 5 0
github.com/GabeCordo/DistributedFunctions/internal/shared/socket/connection.go:161.6,162.10 1 0
github.com/GabeCordo/DistributedFunctions/internal/shared/socket/connection.go:163.43,164.4 1 0
github.com/GabeCordo/DistributedFunctions/internal/shared/socket/connection.go:164.4,175.37 2 0
github.com/GabeCordo/DistributedFunctions/internal/shared/socket/connection.go:175.37,184.20 3 0
github.com/GabeCordo/DistributedFunctions/internal/shared/socket/connection.go:184.20,186.7 1 0
github.com/GabeCordo/DistributedFunctions/internal/shared/socket/connection.go:190.5,190.16 1 0
github.com/GabeCordo/DistributedFunctions/internal/shared/socket/connection.go:192.30,193.4 1 0
github.com/GabeCordo/DistributedFunctions/internal/shared/socket/connection.go:193.4,195.19 2 0
github.com/GabeCordo/DistributedFunctions/internal/shared/socket/connection.go:195.19,199.6 1 0
github.com/GabeCordo/DistributedFunctions/internal/shared/socket/connection.go:201.29,202.4 1 0
github.com/GabeCordo/DistributedFunctions/internal/shared/socket/connection.go:202.4,204.5 1 0
github.com/GabeCordo/DistributedFunctions/internal/shared/socket/connection.go:208.3,208.11 1 0
github.com/GabeCordo/DistributedFunctions/internal/shared/socket/connection.go:208.11,209.9 1 0
github.com/GabeCordo/DistributedFunctions/internal/shared/socket/connection.go:213.2,213.12 1 0
github.com/GabeCordo/DistributedFunctions/internal/shared/socket/connection.go:233.43,235.20 1 0
github.com/GabeCordo/DistributedFunctions/internal/shared/socket/connection.go:235.20,238.3 2 0
github.com/GabeCordo/DistributedFunctions/internal/shared/socket/connection.go:242.2,243.6 2 0
github.com/GabeCordo/DistributedFunctions/internal/shared/socket/connection.go:243.6,248.17 3 0
github.com/GabeCordo/DistributedFunctions/internal/shared/socket/connection.go:248.17,251.4 1 0
github.com/GabeCordo/DistributedFunctions/internal/shared/socket/connection.go:251.9,255.9 2 0
github.com/GabeCordo/DistributedFunctions/internal/shared/socket/connection.go:259.2,259.12 1 0
github.com/GabeCordo/DistributedFunctions/internal/shared/socket/connection.go:278.51,280.20 1 0
github.com/GabeCordo/DistributedFunctions/internal/shared/socket/connection.go:280.20,282.3 1 0
github.com/GabeCordo/DistributedFunctions/internal/shared/socket/connection.go:284.2,285.12 2 0
github.com/GabeCordo/DistributedFunctions/internal/shared/socket/connection.go:299.34,302.2 1 0
github.com/GabeCordo/DistributedFunctions/internal/shared/socket/connection_register.go:57.86,60.20 2 0
github.com/GabeCordo/DistributedFunctions/internal/shared/socket/connection_register.go:60.20,61.61 1 0
github.com/GabeCordo/DistributedFunctions/internal/shared/socket/connection_register.go:64.2,66.16 3 0
github.com/GabeCordo/DistributedFunctions/internal/shared/socket/connection_register.go:66.16,67.13 1 0
github.com/GabeCordo/DistributedFunctions/internal/shared/socket/connection_register.go:70.2,71.52 2 0
github.com/GabeCordo/DistributedFunctions/internal/shared/socket/connection_register.go:71.52,73.17 2 0
github.com/GabeCordo/DistributedFunctions/internal/shared/socket/connection_register.go:73.17,74.14 1 0
github.com/GabeCordo/DistributedFunctions/internal/shared/socket/connection_register.go:78.2,84.16 5 0
github.com/GabeCordo/DistributedFunctions/internal/shared/socket/connection_register.go:92.99,99.12 5 0
github.com/GabeCordo/DistributedFunctions/internal/shared/socket/connection_register.go:99.12,101.3 1 0
github.com/GabeCordo/DistributedFunctions/internal/shared/socket/connection_register.go:103.2,103.20 1 0
github.com/GabeCordo/DistributedFunctions/internal/shared/socket/connection_register.go:112.106,118.62 3 0
github.com/GabeCordo/DistributedFunctions/internal/shared/socket/connection_register.go:118.62,122.3 2 0
github.com/GabeCordo/DistributedFunctions/internal/shared/socket/connection_register.go:126.2,127.16 2 0
github.com/GabeCordo/DistributedFunctions/internal/shared/socket/connection_register.go:127.16,129.3 1 0
github.com/GabeCordo/DistributedFunctions/internal/shared/socket/connection_register.go:131.2,132.9 2 0
github.com/GabeCordo/DistributedFunctions/internal/shared/socket/connection_register.go:132.9,134.3 1 0
github.com/GabeCordo/DistributedFunctions/internal/shared/socket/connection_register.go:136.2,139.69 2 0
github.com/GabeCordo/DistributedFunctions/internal/shared/socket/connection_register.go:139.69,142.3 2 0
github.com/GabeCordo/DistributedFunctions/internal/shared/socket/connection_register.go:144.2,149.24 5 0
github.com/GabeCordo/DistributedFunctions/internal/shared/socket/connection_register.go:158.83,165.16 4 0
github.com/GabeCordo/DistributedFunctions/internal/shared/socket/connection_register.go:165.16,167.3 1 0
github.com/GabeCordo/DistributedFunctions/internal/shared/socket/connection_register.go:169.2,172.12 3 0
github.com/GabeCordo/DistributedFunctions/internal/targets/core/config.go:89.37,116.2 17 0
github.com/GabeCordo/DistributedFunctions/internal/targets/core/config.go:118.31,122.2 2 0
github.com/GabeCordo/DistributedFunctions/internal/targets/core/config.go:124.49,128.16 2 0
github.com/GabeCordo/DistributedFunctions/internal/targets/core/config.go:128.16,131.17 2 0
github.com/GabeCordo/DistributedFunctions/internal/targets/core/config.go:131.17,133.4 1 0
github.com/GabeCordo/DistributedFunctions/internal/targets/core/config.go:136.2,137.16 2 0
github.com/GabeCordo/DistributedFunctions/internal/targets/core/config.go:137.16,139.3 1 0
github.com/GabeCordo/DistributedFunctions/internal/targets/core/config.go:141.2,143.16 3 0
github.com/GabeCordo/DistributedFunctions/internal/targets/core/config.go:143.16,145.3 1 0
github.com/GabeCordo/DistributedFunctions/internal/targets/core/config.go:147.2,148.12 2 0
github.com/GabeCordo/DistributedFunctions/internal/targets/core/config.go:151.36,153.74 1 0
github.com/GabeCordo/DistributedFunctions/internal/targets/core/config.go:153.74,155.3 1 0
github.com/GabeCordo/DistributedFunctions/internal/targets/core/config.go:157.2,158.16 2 0
github.com/GabeCordo/DistributedFunctions/internal/targets/core/config.go:158.16,160.3 1 0
github.com/GabeCordo/DistributedFunctions/internal/targets/core/config.go:162.2,163.16 2 0
github.com/GabeCordo/DistributedFunctions/internal/targets/core/config.go:163.16,165.3 1 0
github.com/GabeCordo/DistributedFunctions/internal/targets/core/config.go:166.2,166.13 1 0
github.com/GabeCordo/DistributedFunctions/internal/targets/core/config.go:169.67,172.2 1 0
github.com/GabeCordo/DistributedFunctions/internal/targets/core/config.go:174.81,181.2 5 0
github.com/GabeCordo/DistributedFunctions/internal/targets/core/config.go:183.69,191.2 6 0
github.com/GabeCordo/DistributedFunctions/internal/targets/core/config.go:193.78,204.2 9 0
github.com/GabeCordo/DistributedFunctions/internal/targets/core/config.go:206.75,212.2 5 0
github.com/GabeCordo/DistributedFunctions/internal/targets/core/config.go:214.78,222.2 6 0
github.com/GabeCordo/DistributedFunctions/internal/targets/core/config.go:224.73,228.2 2 0
github.com/GabeCordo/DistributedFunctions/internal/targets/core/config.go:230.78,234.2 3 0
github.com/GabeCordo/DistributedFunctions/internal/targets/core/config.go:236.57,238.41 1 0
github.com/GabeCordo/DistributedFunctions/internal/targets/core/config.go:238.41,241.3 1 0
github.com/GabeCordo/DistributedFunctions/internal/targets/core/config.go:243.2,245.16 3 0
github.com/GabeCordo/DistributedFunctions/internal/targets/core/config.go:245.16,247.3 1 0
github.com/GabeCordo/DistributedFunctions/internal/targets/core/config.go:249.2,250.16 2 0
github.com/GabeCordo/DistributedFunctions/internal/targets/core/config.go:250.16,254.3 2 0
github.com/GabeCordo/DistributedFunctions/internal/targets/core/config.go:256.2,256.12 1 0
github.com/GabeCordo/DistributedFunctions/internal/targets/core/config.go:264.63,271.54 3 0
github.com/GabeCordo/DistributedFunctions/internal/targets/core/config.go:271.54,273.3 1 0
github.com/GabeCordo/DistributedFunctions/internal/targets/core/config.go:275.2,275.27 1 0
github.com/GabeCordo/DistributedFunctions/internal/targets/core/config.go:275.27,278.72 2 0
github.com/GabeCordo/DistributedFunctions/internal/targets/core/config.go:278.72,282.46 2 0
github.com/GabeCordo/DistributedFunctions/internal/targets/core/config.go:282.46,284.5 1 0
github.com/GabeCordo/DistributedFunctions/internal/targets/core/config.go:285.9,288.4 2 0
github.com/GabeCordo/DistributedFunctions/internal/targets/core/config.go:291.2,291.28 1 0
github.com/GabeCordo/DistributedFunctions/internal/targets/core/core.go:62.48,63.20 1 0
github.com/GabeCordo/DistributedFunctions/internal/targets/core/core.go:64.15,65.16 1 0
github.com/GabeCordo/DistributedFunctions/internal/targets/core/core.go:66.14,67.18 1 0
github.com/GabeCordo/DistributedFunctions/internal/targets/core/core.go:68.17,69.21 1 0
github.com/GabeCordo/DistributedFunctions/internal/targets/core/core.go:70.14,71.18 1 0
github.com/GabeCordo/DistributedFunctions/internal/targets/core/core.go:72.17,73.21 1 0
github.com/GabeCordo/DistributedFunctions/internal/targets/core/core.go:74.16,75.20 1 0
github.com/GabeCordo/DistributedFunctions/internal/targets/core/core.go:76.13,77.17 1 0
github.com/GabeCordo/DistributedFunctions/internal/targets/core/core.go:78.17,79.21 1 0
github.com/GabeCordo/DistributedFunctions/internal/targets/core/core.go:80.10,81.18 1 0
github.com/GabeCordo/DistributedFunctions/internal/targets/core/core.go:127.41,161.19 30 0
github.com/GabeCordo/DistributedFunctions/internal/targets/core/core.go:161.19,163.3 1 0
github.com/GabeCordo/DistributedFunctions/internal/targets/core/core.go:164.2,167.16 3 0
github.com/GabeCordo/DistributedFunctions/internal/targets/core/core.go:167.16,169.3 1 0
github.com/GabeCordo/DistributedFunctions/internal/targets/core/core.go:170.2,176.16 4 0
github.com/GabeCordo/DistributedFunctions/internal/targets/core/core.go:176.16,179.3 2 0
github.com/GabeCordo/DistributedFunctions/internal/targets/core/core.go:181.2,188.16 5 0
github.com/GabeCordo/DistributedFunctions/internal/targets/core/core.go:188.16,191.3 2 0
github.com/GabeCordo/DistributedFunctions/internal/targets/core/core.go:195.2,199.16 4 0
github.com/GabeCordo/DistributedFunctions/internal/targets/core/core.go:199.16,202.3 2 0
github.com/GabeCordo/DistributedFunctions/internal/targets/core/core.go:204.2,212.16 5 0
github.com/GabeCordo/DistributedFunctions/internal/targets/core/core.go:212.16,215.3 2 0
github.com/GabeCordo/DistributedFunctions/internal/targets/core/core.go:219.2,220.16 2 0
github.com/GabeCordo/DistributedFunctions/internal/targets/core/core.go:220.16,223.3 2 0
github.com/GabeCordo/DistributedFunctions/internal/targets/core/core.go:225.2,237.16 6 0
github.com/GabeCordo/DistributedFunctions/internal/targets/core/core.go:237.16,240.3 2 0
github.com/GabeCordo/DistributedFunctions/internal/targets/core/core.go:244.2,245.16 2 0
github.com/GabeCordo/DistributedFunctions/internal/targets/core/core.go:245.16,248.3 2 0
github.com/GabeCordo/DistributedFunctions/internal/targets/core/core.go:250.2,261.16 6 0
github.com/GabeCordo/DistributedFunctions/internal/targets/core/core.go:261.16,264.3 2 0
github.com/GabeCordo/DistributedFunctions/internal/targets/core/core.go:268.2,269.16 2 0
github.com/GabeCordo/DistributedFunctions/internal/targets/core/core.go:269.16,272.3 2 0
github.com/GabeCordo/DistributedFunctions/internal/targets/core/core.go:274.2,281.16 5 0
github.com/GabeCordo/DistributedFunctions/internal/targets/core/core.go:281.16,284.3 2 0
github.com/GabeCordo/DistributedFunctions/internal/targets/core/core.go:288.2,289.16 2 0
github.com/GabeCordo/DistributedFunctions/internal/targets/core/core.go:289.16,292.3 2 0
github.com/GabeCordo/DistributedFunctions/internal/targets/core/core.go:294.2,302.16 7 0
github.com/GabeCordo/DistributedFunctions/internal/targets/core/core.go:302.16,305.3 2 0
github.com/GabeCordo/DistributedFunctions/internal/targets/core/core.go:305.8,308.3 2 0
github.com/GabeCordo/DistributedFunctions/internal/targets/core/core.go:310.2,311.16 2 0
github.com/GabeCordo/DistributedFunctions/internal/targets/core/core.go:311.16,314.3 2 0
github.com/GabeCordo/DistributedFunctions/internal/targets/core/core.go:316.2,317.16 2 0
github.com/GabeCordo/DistributedFunctions/internal/targets/core/core.go:317.16,320.3 2 0
github.com/GabeCordo/DistributedFunctions/internal/targets/core/core.go:322.2,323.16 2 0
github.com/GabeCordo/DistributedFunctions/internal/targets/core/core.go:323.16,326.3 2 0
github.com/GabeCordo/DistributedFunctions/internal/targets/core/core.go:328.2,337.16 3 0
github.com/GabeCordo/DistributedFunctions/internal/targets/core/core.go:337.16,340.3 2 0
github.com/GabeCordo/DistributedFunctions/internal/targets/core/core.go:362.2,363.16 2 0
github.com/GabeCordo/DistributedFunctions/internal/targets/core/core.go:363.16,366.3 2 0
github.com/GabeCordo/DistributedFunctions/internal/targets/core/core.go:368.2,372.16 4 0
github.com/GabeCordo/DistributedFunctions/internal/targets/core/core.go:372.16,375.3 2 0
github.com/GabeCordo/DistributedFunctions/internal/targets/core/core.go:377.2,387.16 4 0
github.com/GabeCordo/DistributedFunctions/internal/targets/core/core.go:387.16,390.3 2 0
github.com/GabeCordo/DistributedFunctions/internal/targets/core/core.go:392.2,392.18 1 0
github.com/GabeCordo/DistributedFunctions/internal/targets/core/core.go:395.25,397.23 1 0
github.com/GabeCordo/DistributedFunctions/internal/targets/core/core.go:397.23,399.3 1 0
github.com/GabeCordo/DistributedFunctions/internal/targets/core/core.go:399.8,401.3 1 0
github.com/GabeCordo/DistributedFunctions/internal/targets/core/core.go:403.2,472.9 34 0
github.com/GabeCordo/DistributedFunctions/internal/targets/core/core.go:473.13,474.36 1 0
github.com/GabeCordo/DistributedFunctions/internal/targets/core/core.go:475.29,476.12 1 0
github.com/GabeCordo/DistributedFunctions/internal/targets/core/core.go:477.21,478.57 1 0
github.com/GabeCordo/DistributedFunctions/internal/targets/core/core.go:479.11,480.53 1 0
github.com/GabeCordo/DistributedFunctions/internal/targets/core/core.go:484.2,489.23 3 0
github.com/GabeCordo/DistributedFunctions/internal/targets/core/core.go:489.23,491.3 1 0
github.com/GabeCordo/DistributedFunctions/internal/targets/core/core.go:493.2,495.23 2 0
github.com/GabeCordo/DistributedFunctions/internal/targets/core/core.go:495.23,497.3 1 0
github.com/GabeCordo/DistributedFunctions/internal/targets/core/core.go:499.2,501.23 2 0
github.com/GabeCordo/DistributedFunctions/internal/targets/core/core.go:501.23,503.3 1 0
github.com/GabeCordo/DistributedFunctions/internal/targets/core/core.go:505.2,507.23 2 0
github.com/GabeCordo/DistributedFunctions/internal/targets/core/core.go:507.23,509.3 1 0
github.com/GabeCordo/DistributedFunctions/internal/targets/core/core.go:511.2,513.23 2 0
github.com/GabeCordo/DistributedFunctions/internal/targets/core/core.go:513.23,515.3 1 0
github.com/GabeCordo/DistributedFunctions/internal/targets/core/core.go:525.2,527.23 2 0
github.com/GabeCordo/DistributedFunctions/internal/targets/core/core.go:527.23,529.3 1 0
github.com/GabeCordo/DistributedFunctions/internal/targets/core/core.go:532.2,534.23 2 0
github.com/GabeCordo/DistributedFunctions/internal/targets/core/core.go:534.23,536.3 1 0
github.com/GabeCordo/DistributedFunctions/internal/targets/core/component/message/message.go:14.45,15.24 1 0
github.com/GabeCordo/DistributedFunctions/internal/targets/core/component/message/message.go:15.24,17.3 1 0
github.com/GabeCordo/DistributedFunctions/internal/targets/core/component/message/message.go:17.8,17.32 1 0
github.com/GabeCordo/DistributedFunctions/internal/targets/core/component/message/message.go:17.32,19.3 1 0
github.com/GabeCordo/DistributedFunctions/internal/targets/core/component/message/message.go:19.8,19.30 1 0
github.com/GabeCordo/DistributedFunctions/internal/targets/core/component/message/message.go:19.30,21.3 1 0
github.com/GabeCordo/DistributedFunctions/internal/targets/core/component/message/message.go:21.8,23.3 1 0
github.com/GabeCordo/DistributedFunctions/internal/targets/core/component/message/message.go:26.47,27.22 1 0
github.com/GabeCordo/DistributedFunctions/internal/targets/core/component/message/message.go:27.22,29.3 1 0
github.com/GabeCordo/DistributedFunctions/internal/targets/core/component/message/message.go:29.8,29.29 1 0
github.com/GabeCordo/DistributedFunctions/internal/targets/core/component/message/message.go:29.29,31.3 1 0
github.com/GabeCordo/DistributedFunctions/internal/targets/core/component/message/message.go:31.8,31.29 1 0
github.com/GabeCordo/DistributedFunctions/internal/targets/core/component/message/message.go:31.29,33.3 1 0
github.com/GabeCordo/DistributedFunctions/internal/targets/core/component/message/message.go:33.8,35.3 1 0
github.com/GabeCordo/DistributedFunctions/internal/targets/core/component/processor/function.go:25.66,38.2 10 3
github.com/GabeCordo/DistributedFunctions/internal/targets/core/component/processor/function.go:40.46,47.2 4 7
github.com/GabeCordo/DistributedFunctions/internal/targets/core/component/processor/function.go:49.37,51.2 1 0
github.com/GabeCordo/DistributedFunctions/internal/targets/core/component/processor/function.go:53.28,59.2 3 0
github.com/GabeCordo/DistributedFunctions/internal/targets/core/component/processor/function.go:61.30,67.2 3 0
github.com/GabeCordo/DistributedFunctions/internal/targets/core/component/processor/function.go:69.43,71.2 1 0
github.com/GabeCordo/DistributedFunctions/internal/targets/core/component/processor/function.go:73.49,80.40 2 9
github.com/GabeCordo/DistributedFunctions/internal/targets/core/component/processor/function.go:80.40,82.3 1 8
github.com/GabeCordo/DistributedFunctions/internal/targets/core/component/processor/function.go:82.8,84.3 1 1
github.com/GabeCordo/DistributedFunctions/internal/targets/core/component/processor/function.go:86.2,86.17 1 9
github.com/GabeCordo/DistributedFunctions/internal/targets/core/component/processor/module.go:22.92,28.28 4 1
github.com/GabeCordo/DistributedFunctions/internal/targets/core/component/processor/module.go:28.28,30.3 1 1
github.com/GabeCordo/DistributedFunctions/internal/targets/core/component/processor/module.go:32.2,35.15 3 1
github.com/GabeCordo/DistributedFunctions/internal/targets/core/component/processor/module.go:58.88,63.61 3 1
github.com/GabeCordo/DistributedFunctions/internal/targets/core/component/processor/module.go:63.61,65.3 1 0
github.com/GabeCordo/DistributedFunctions/internal/targets/core/component/processor/module.go:67.2,68.13 2 1
github.com/GabeCordo/DistributedFunctions/internal/targets/core/component/processor/module.go:71.40,73.2 1 0
github.com/GabeCordo/DistributedFunctions/internal/targets/core/component/processor/module.go:75.31,81.2 3 2
github.com/GabeCordo/DistributedFunctions/internal/targets/core/component/processor/module.go:83.33,89.2 3 0
github.com/GabeCordo/DistributedFunctions/internal/targets/core/component/processor/module.go:91.44,94.2 1 0
github.com/GabeCordo/DistributedFunctions/internal/targets/core/component/processor/module.go:96.81,103.2 4 4
github.com/GabeCordo/DistributedFunctions/internal/targets/core/component/processor/module.go:105.51,113.52 5 0
github.com/GabeCordo/DistributedFunctions/internal/targets/core/component/processor/module.go:113.52,116.3 2 0
github.com/GabeCordo/DistributedFunctions/internal/targets/core/component/processor/module.go:118.2,118.17 1 0
github.com/GabeCordo/DistributedFunctions/internal/targets/core/component/processor/processor.go:28.47,30.2 1 1
github.com/GabeCordo/DistributedFunctions/internal/targets/core/component/processor/processor.go:32.60,42.2 7 9
github.com/GabeCordo/DistributedFunctions/internal/targets/core/component/processor/table.go:18.24,27.2 5 4
github.com/GabeCordo/DistributedFunctions/internal/targets/core/component/processor/table.go:29.50,35.2 3 0
github.com/GabeCordo/DistributedFunctions/internal/targets/core/component/processor/table.go:37.67,42.45 3 5
github.com/GabeCordo/DistributedFunctions/internal/targets/core/component/processor/table.go:42.45,43.37 1 2
github.com/GabeCordo/DistributedFunctions/internal/targets/core/component/processor/table.go:43.37,45.4 1 1
github.com/GabeCordo/DistributedFunctions/internal/targets/core/component/processor/table.go:48.2,52.23 4 4
github.com/GabeCordo/DistributedFunctions/internal/targets/core/component/processor/table.go:57.56,64.45 5 0
github.com/GabeCordo/DistributedFunctions/internal/targets/core/component/processor/table.go:64.45,65.36 1 0
github.com/GabeCordo/DistributedFunctions/internal/targets/core/component/processor/table.go:65.36,66.9 1 0
github.com/GabeCordo/DistributedFunctions/internal/targets/core/component/processor/table.go:70.2,70.21 1 0
github.com/GabeCordo/DistributedFunctions/internal/targets/core/component/processor/table.go:70.21,72.3 1 0
github.com/GabeCordo/DistributedFunctions/internal/targets/core/component/processor/table.go:74.2,85.55 2 0
github.com/GabeCordo/DistributedFunctions/internal/targets/core/component/processor/table.go:85.55,87.61 1 0
github.com/GabeCordo/DistributedFunctions/internal/targets/core/component/processor/table.go:87.61,93.50 3 0
github.com/GabeCordo/DistributedFunctions/internal/targets/core/component/processor/table.go:93.50,95.30 1 0
github.com/GabeCordo/DistributedFunctions/internal/targets/core/component/processor/table.go:95.30,96.11 1 0
github.com/GabeCordo/DistributedFunctions/internal/targets/core/component/processor/table.go:100.4,102.36 2 0
github.com/GabeCordo/DistributedFunctions/internal/targets/core/component/processor/table.go:102.36,104.5 1 0
github.com/GabeCordo/DistributedFunctions/internal/targets/core/component/processor/table.go:107.3,107.34 1 0
github.com/GabeCordo/DistributedFunctions/internal/targets/core/component/processor/table.go:107.34,109.4 1 0
github.com/GabeCordo/DistributedFunctions/internal/targets/core/component/processor/table.go:112.2,112.12 1 0
github.com/GabeCordo/DistributedFunctions/internal/targets/core/component/processor/table.go:117.75,124.2 4 2
github.com/GabeCordo/DistributedFunctions/internal/targets/core/component/processor/table.go:129.92,135.44 4 3
github.com/GabeCordo/DistributedFunctions/internal/targets/core/component/processor/table.go:135.44,136.33 1 3
github.com/GabeCordo/DistributedFunctions/internal/targets/core/component/processor/table.go:136.33,138.9 2 2
github.com/GabeCordo/DistributedFunctions/internal/targets/core/component/processor/table.go:143.2,143.30 1 3
github.com/GabeCordo/DistributedFunctions/internal/targets/core/component/processor/table.go:143.30,145.3 1 1
github.com/GabeCordo/DistributedFunctions/internal/targets/core/component/processor/table.go:148.2,148.51 1 2
github.com/GabeCordo/DistributedFunctions/internal/targets/core/component/processor/table.go:148.51,149.34 1 0
github.com/GabeCordo/DistributedFunctions/internal/targets/core/component/processor/table.go:149.34,151.4 1 0
github.com/GabeCordo/DistributedFunctions/internal/targets/core/component/processor/table.go:155.2,160.64 3 2
github.com/GabeCordo/DistributedFunctions/internal/targets/core/component/processor/table.go:160.64,163.46 1 1
github.com/GabeCordo/DistributedFunctions/internal/targets/core/component/processor/table.go:163.46,165.4 1 0
github.com/GabeCordo/DistributedFunctions/internal/targets/core/component/processor/table.go:168.3,169.58 1 1
github.com/GabeCordo/DistributedFunctions/internal/targets/core/component/processor/table.go:169.58,171.4 1 0
github.com/GabeCordo/DistributedFunctions/internal/targets/core/component/processor/table.go:173.3,173.28 1 1
github.com/GabeCordo/DistributedFunctions/internal/targets/core/component/processor/table.go:174.8,176.3 1 1
github.com/GabeCordo/DistributedFunctions/internal/targets/core/component/processor/table.go:178.2,178.42 1 2
github.com/GabeCordo/DistributedFunctions/internal/targets/core/component/processor/table.go:178.42,182.85 1 2
github.com/GabeCordo/DistributedFunctions/internal/targets/core/component/processor/table.go:182.85,184.12 2 1
github.com/GabeCordo/DistributedFunctions/internal/targets/core/component/processor/table.go:188.3,197.34 4 1
github.com/GabeCordo/DistributedFunctions/internal/targets/core/component/processor/table.go:197.34,199.4 1 0
github.com/GabeCordo/DistributedFunctions/internal/targets/core/component/processor/table.go:207.2,211.12 3 2
github.com/GabeCordo/DistributedFunctions/internal/targets/core/component/processor/table.go:216.71,222.43 4 0
github.com/GabeCordo/DistributedFunctions/internal/targets/core/component/processor/table.go:222.43,223.31 1 0
github.com/GabeCordo/DistributedFunctions/internal/targets/core/component/processor/table.go:223.31,224.9 1 0
github.com/GabeCordo/DistributedFunctions/internal/targets/core/component/processor/table.go:228.2,228.21 1 0
github.com/GabeCordo/DistributedFunctions/internal/targets/core/component/processor/table.go:228.21,230.3 1 0
github.com/GabeCordo/DistributedFunctions/internal/targets/core/component/processor/table.go:232.2,234.12 2 0
github.com/GabeCordo/DistributedFunctions/internal/targets/core/component/processor/table.go:234.12,236.3 1 0
github.com/GabeCordo/DistributedFunctions/internal/targets/core/component/processor/table.go:238.2,238.59 1 0
github.com/GabeCordo/DistributedFunctions/internal/targets/core/component/processor/table.go:238.59,240.50 1 0
github.com/GabeCordo/DistributedFunctions/internal/targets/core/component/processor/table.go:240.50,242.29 1 0
github.com/GabeCordo/DistributedFunctions/internal/targets/core/component/processor/table.go:242.29,244.10 2 0
github.com/GabeCordo/DistributedFunctions/internal/targets/core/component/processor/table.go:248.3,248.35 1 0
github.com/GabeCordo/DistributedFunctions/internal/targets/core/component/processor/table.go:248.35,250.4 1 0
github.com/GabeCordo/DistributedFunctions/internal/targets/core/component/processor/table.go:253.2,253.32 1 0
github.com/GabeCordo/DistributedFunctions/internal/targets/core/component/processor/table.go:253.32,255.3 1 0
github.com/GabeCordo/DistributedFunctions/internal/targets/core/component/processor/table.go:257.2,257.44 1 0
github.com/GabeCordo/DistributedFunctions/internal/targets/core/component/processor/table.go:257.44,259.21 1 0
github.com/GabeCordo/DistributedFunctions/internal/targets/core/component/processor/table.go:259.21,261.4 1 0
github.com/GabeCordo/DistributedFunctions/internal/targets/core/component/processor/table.go:264.2,264.12 1 0
github.com/GabeCordo/DistributedFunctions/internal/targets/core/component/processor/table.go:269.54,277.41 5 0
github.com/GabeCordo/DistributedFunctions/internal/targets/core/component/processor/table.go:277.41,280.3 2 0
github.com/GabeCordo/DistributedFunctions/internal/targets/core/component/processor/table.go:282.2,282.16 1 0
github.com/GabeCordo/DistributedFunctions/internal/targets/core/component/processor/table.go:287.29,289.48 1 0
github.com/GabeCordo/DistributedFunctions/internal/targets/core/component/processor/table.go:289.48,292.53 2 0
github.com/GabeCordo/DistributedFunctions/internal/targets/core/component/processor/table.go:292.53,296.49 2 0
github.com/GabeCordo/DistributedFunctions/internal/targets/core/component/processor/table.go:296.49,298.5 1 0
github.com/GabeCordo/DistributedFunctions/internal/shared/terminal/terminal.go:39.22,41.2 1 0
github.com/GabeCordo/DistributedFunctions/internal/shared/terminal/terminal.go:43.16,45.2 1 0
github.com/GabeCordo/DistributedFunctions/internal/targets/core/component/message/email/email.go:20.45,22.2 1 0
github.com/GabeCordo/DistributedFunctions/internal/targets/core/component/message/email/email.go:45.73,53.2 4 0
github.com/GabeCordo/DistributedFunctions/internal/targets/core/component/message/email/email.go:55.102,61.2 3 0
github.com/GabeCordo/DistributedFunctions/internal/targets/core/component/message/email/email.go:63.86,71.2 4 0
github.com/GabeCordo/DistributedFunctions/internal/targets/core/component/message/email/email.go:73.64,80.55 4 0
github.com/GabeCordo/DistributedFunctions/internal/targets/core/component/message/email/email.go:80.55,83.3 2 0
github.com/GabeCordo/DistributedFunctions/internal/targets/core/component/message/email/email.go:85.2,85.24 1 0
github.com/GabeCordo/DistributedFunctions/internal/targets/core/component/message/email/email.go:88.78,90.26 1 0
github.com/GabeCordo/DistributedFunctions/internal/targets/core/component/message/email/email.go:93.81,95.26 1 0
github.com/GabeCordo/DistributedFunctions/internal/targets/core/component/message/email/external.go:10.113,12.25 2 0
github.com/GabeCordo/DistributedFunctions/internal/targets/core/component/message/email/external.go:12.25,14.3 1 0
github.com/GabeCordo/DistributedFunctions/internal/targets/core/component/message/email/external.go:16.2,20.16 4 0
github.com/GabeCordo/DistributedFunctions/internal/targets/core/component/message/email/external.go:20.16,22.3 1 0
github.com/GabeCordo/DistributedFunctions/internal/targets/core/component/message/email/external.go:24.2,24.19 1 0
github.com/GabeCordo/DistributedFunctions/internal/targets/core/component/scheduler/job/scheduler_core.go:13.34,16.6 1 0
github.com/GabeCordo/DistributedFunctions/internal/targets/core/component/scheduler/job/scheduler_core.go:16.6,21.24 2 0
github.com/GabeCordo/DistributedFunctions/internal/targets/core/component/scheduler/job/scheduler_core.go:21.24,22.26 1 0
github.com/GabeCordo/DistributedFunctions/internal/targets/core/component/scheduler/job/scheduler_core.go:22.26,26.5 3 0
github.com/GabeCordo/DistributedFunctions/internal/targets/core/component/scheduler/job/scheduler_core.go:29.3,29.30 1 0
github.com/GabeCordo/DistributedFunctions/internal/targets/core/component/scheduler/job/scheduler_core.go:35.71,38.6 1 0
github.com/GabeCordo/DistributedFunctions/internal/targets/core/component/scheduler/job/scheduler_core.go:38.6,41.32 2 0
github.com/GabeCordo/DistributedFunctions/internal/targets/core/component/scheduler/job/scheduler_core.go:41.32,54.35 3 0
github.com/GabeCordo/DistributedFunctions/internal/targets/core/component/scheduler/job/scheduler_core.go:54.35,62.5 1 0
github.com/GabeCordo/DistributedFunctions/internal/targets/core/component/scheduler/job/scheduler_core.go:64.3,67.81 2 0
github.com/GabeCordo/DistributedFunctions/internal/targets/core/component/scheduler/job/scheduler_core.go:71.50,77.38 4 0
github.com/GabeCordo/DistributedFunctions/internal/targets/core/component/scheduler/job/scheduler_core.go:77.38,79.3 1 0
github.com/GabeCordo/DistributedFunctions/internal/targets/core/component/scheduler/job/scheduler_core.go:81.2,81.13 1 0
github.com/GabeCordo/DistributedFunctions/internal/targets/core/component/scheduler/job/scheduler_core.go:84.37,87.2 1 0
github.com/GabeCordo/DistributedFunctions/internal/targets/core/component/scheduler/job/scheduler_types.go:27.53,33.2 5 3
github.com/GabeCordo/DistributedFunctions/internal/targets/core/component/scheduler/job/scheduler_types.go:35.48,40.2 3 0
github.com/GabeCordo/DistributedFunctions/internal/targets/core/database/contact/contact.go:27.33,29.2 1 5
github.com/GabeCordo/DistributedFunctions/internal/targets/core/database/contact/contact.go:31.44,34.20 2 5
github.com/GabeCordo/DistributedFunctions/internal/targets/core/database/contact/contact.go:34.20,36.3 1 1
github.com/GabeCordo/DistributedFunctions/internal/targets/core/database/contact/contact.go:36.8,38.3 1 4
github.com/GabeCordo/DistributedFunctions/internal/targets/core/database/contact/contact.go:56.45,64.2 5 4
github.com/GabeCordo/DistributedFunctions/internal/targets/core/database/contact/contact.go:66.59,75.2 5 1
github.com/GabeCordo/DistributedFunctions/internal/targets/core/database/contact/contact.go:77.77,82.61 3 4
github.com/GabeCordo/DistributedFunctions/internal/targets/core/database/contact/contact.go:82.61,83.46 1 2
github.com/GabeCordo/DistributedFunctions/internal/targets/core/database/contact/contact.go:83.46,85.4 1 1
github.com/GabeCordo/DistributedFunctions/internal/targets/core/database/contact/contact.go:88.2,89.12 2 3
github.com/GabeCordo/DistributedFunctions/internal/targets/core/database/contact/contact.go:92.83,98.63 4 1
github.com/GabeCordo/DistributedFunctions/internal/targets/core/database/contact/contact.go:98.63,99.49 1 1
github.com/GabeCordo/DistributedFunctions/internal/targets/core/database/contact/contact.go:99.49,102.9 3 1
github.com/GabeCordo/DistributedFunctions/internal/targets/core/database/contact/contact.go:106.2,106.24 1 1
github.com/GabeCordo/DistributedFunctions/internal/targets/core/database/contact/contact.go:106.24,108.3 1 0
github.com/GabeCordo/DistributedFunctions/internal/targets/core/database/contact/contact.go:108.8,110.3 1 1
github.com/GabeCordo/DistributedFunctions/internal/targets/core/database/contact/contact.go:113.45,122.2 5 1
github.com/GabeCordo/DistributedFunctions/internal/targets/core/database/contact/contact.go:124.56,129.48 3 4
github.com/GabeCordo/DistributedFunctions/internal/targets/core/database/contact/contact.go:129.48,130.45 1 2
github.com/GabeCordo/DistributedFunctions/internal/targets/core/database/contact/contact.go:130.45,132.4 1 1
github.com/GabeCordo/DistributedFunctions/internal/targets/core/database/contact/contact.go:135.2,136.12 2 3
github.com/GabeCordo/DistributedFunctions/internal/targets/core/database/contact/contact.go:139.62,145.49 4 1
github.com/GabeCordo/DistributedFunctions/internal/targets/core/database/contact/contact.go:145.49,146.35 1 1
github.com/GabeCordo/DistributedFunctions/internal/targets/core/database/contact/contact.go:146.35,149.9 3 1
github.com/GabeCordo/DistributedFunctions/internal/targets/core/database/contact/contact.go:153.2,153.26 1 1
github.com/GabeCordo/DistributedFunctions/internal/targets/core/database/contact/contact.go:153.26,155.3 1 0
github.com/GabeCordo/DistributedFunctions/internal/targets/core/database/contact/contact.go:155.8,157.3 1 1
github.com/GabeCordo/DistributedFunctions/internal/targets/core/database/contact/in_memory/database.go:14.22,18.2 3 3
github.com/GabeCordo/DistributedFunctions/internal/targets/core/database/contact/in_memory/database.go:20.54,28.32 5 1
github.com/GabeCordo/DistributedFunctions/internal/targets/core/database/contact/in_memory/database.go:28.32,31.3 2 1
github.com/GabeCordo/DistributedFunctions/internal/targets/core/database/contact/in_memory/database.go:33.2,33.22 1 1
github.com/GabeCordo/DistributedFunctions/internal/targets/core/database/contact/in_memory/database.go:36.67,38.23 1 4
github.com/GabeCordo/DistributedFunctions/internal/targets/core/database/contact/in_memory/database.go:38.23,40.3 1 0
github.com/GabeCordo/DistributedFunctions/internal/targets/core/database/contact/in_memory/database.go:42.2,44.59 2 4
github.com/GabeCordo/DistributedFunctions/internal/targets/core/database/contact/in_memory/database.go:44.59,47.3 2 1
github.com/GabeCordo/DistributedFunctions/internal/targets/core/database/contact/in_memory/database.go:49.2,55.12 5 3
github.com/GabeCordo/DistributedFunctions/internal/targets/core/database/contact/in_memory/database.go:58.60,62.49 2 1
github.com/GabeCordo/DistributedFunctions/internal/targets/core/database/contact/in_memory/database.go:62.49,65.3 2 0
github.com/GabeCordo/DistributedFunctions/internal/targets/core/database/contact/in_memory/database.go:67.2,73.12 5 1
github.com/GabeCordo/DistributedFunctions/internal/targets/core/database/contact/in_memory/database.go:76.30,78.2 0 1
github.com/GabeCordo/DistributedFunctions/internal/targets/core/database/job/in_memory/database.go:24.43,28.2 3 1
github.com/GabeCordo/DistributedFunctions/internal/targets/core/database/job/in_memory/database.go:31.69,33.32 1 0
github.com/GabeCordo/DistributedFunctions/internal/targets/core/database/job/in_memory/database.go:33.32,35.3 1 0
github.com/GabeCordo/DistributedFunctions/internal/targets/core/database/job/in_memory/database.go:37.2,37.12 1 0
github.com/GabeCordo/DistributedFunctions/internal/targets/core/database/job/in_memory/database.go:41.61,45.92 1 0
github.com/GabeCordo/DistributedFunctions/internal/targets/core/database/job/in_memory/database.go:45.92,48.3 2 0
github.com/GabeCordo/DistributedFunctions/internal/targets/core/database/job/in_memory/database.go:50.2,50.82 1 0
github.com/GabeCordo/DistributedFunctions/internal/targets/core/database/job/in_memory/database.go:50.82,53.16 1 0
github.com/GabeCordo/DistributedFunctions/internal/targets/core/database/job/in_memory/database.go:53.16,55.4 1 0
github.com/GabeCordo/DistributedFunctions/internal/targets/core/database/job/in_memory/database.go:57.3,59.17 3 0
github.com/GabeCordo/DistributedFunctions/internal/targets/core/database/job/in_memory/database.go:59.17,61.4 1 0
github.com/GabeCordo/DistributedFunctions/internal/targets/core/database/job/in_memory/database.go:63.3,64.49 2 0
github.com/GabeCordo/DistributedFunctions/internal/targets/core/database/job/in_memory/database.go:64.49,66.4 1 0
github.com/GabeCordo/DistributedFunctions/internal/targets/core/database/job/in_memory/database.go:68.3,68.55 1 0
github.com/GabeCordo/DistributedFunctions/internal/targets/core/database/job/in_memory/database.go:68.55,70.4 1 0
github.com/GabeCordo/DistributedFunctions/internal/targets/core/database/job/in_memory/database.go:72.3,72.13 1 0
github.com/GabeCordo/DistributedFunctions/internal/targets/core/database/job/in_memory/database.go:76.2,76.12 1 0
github.com/GabeCordo/DistributedFunctions/internal/targets/core/database/job/in_memory/database.go:80.61,82.92 1 0
github.com/GabeCordo/DistributedFunctions/internal/targets/core/database/job/in_memory/database.go:82.92,85.3 2 0
github.com/GabeCordo/DistributedFunctions/internal/targets/core/database/job/in_memory/database.go:89.2,90.16 2 0
github.com/GabeCordo/DistributedFunctions/internal/targets/core/database/job/in_memory/database.go:90.16,92.3 1 0
github.com/GabeCordo/DistributedFunctions/internal/targets/core/database/job/in_memory/database.go:93.2,94.16 2 0
github.com/GabeCordo/DistributedFunctions/internal/targets/core/database/job/in_memory/database.go:94.16,96.3 1 0
github.com/GabeCordo/DistributedFunctions/internal/targets/core/database/job/in_memory/database.go:98.2,101.39 2 0
github.com/GabeCordo/DistributedFunctions/internal/targets/core/database/job/in_memory/database.go:101.39,102.59 1 0
github.com/GabeCordo/DistributedFunctions/internal/targets/core/database/job/in_memory/database.go:102.59,104.4 1 0
github.com/GabeCordo/DistributedFunctions/internal/targets/core/database/job/in_memory/database.go:105.3,105.81 1 0
github.com/GabeCordo/DistributedFunctions/internal/targets/core/database/job/in_memory/database.go:109.2,109.48 1 0
github.com/GabeCordo/DistributedFunctions/internal/targets/core/database/job/in_memory/database.go:109.48,115.17 5 0
github.com/GabeCordo/DistributedFunctions/internal/targets/core/database/job/in_memory/database.go:115.17,118.4 2 0
github.com/GabeCordo/DistributedFunctions/internal/targets/core/database/job/in_memory/database.go:119.3,119.67 1 0
github.com/GabeCordo/DistributedFunctions/internal/targets/core/database/job/in_memory/database.go:119.67,122.4 2 0
github.com/GabeCordo/DistributedFunctions/internal/targets/core/database/job/in_memory/database.go:125.2,125.12 1 0
github.com/GabeCordo/DistributedFunctions/internal/targets/core/database/job/in_memory/database.go:129.83,134.22 3 0
github.com/GabeCordo/DistributedFunctions/internal/targets/core/database/job/in_memory/database.go:134.22,135.40 1 0
github.com/GabeCordo/DistributedFunctions/internal/targets/core/database/job/in_memory/database.go:135.40,137.4 1 0
github.com/GabeCordo/DistributedFunctions/internal/targets/core/database/job/in_memory/database.go:138.3,138.14 1 0
github.com/GabeCordo/DistributedFunctions/internal/targets/core/database/job/in_memory/database.go:141.2,146.39 5 0
github.com/GabeCordo/DistributedFunctions/internal/targets/core/database/job/in_memory/database.go:146.39,152.51 4 0
github.com/GabeCordo/DistributedFunctions/internal/targets/core/database/job/in_memory/database.go:152.51,154.9 2 0
github.com/GabeCordo/DistributedFunctions/internal/targets/core/database/job/in_memory/database.go:155.9,157.66 1 0
github.com/GabeCordo/DistributedFunctions/internal/targets/core/database/job/in_memory/database.go:157.66,159.4 1 0
github.com/GabeCordo/DistributedFunctions/internal/targets/core/database/job/in_memory/database.go:162.2,162.13 1 0
github.com/GabeCordo/DistributedFunctions/internal/targets/core/database/job/in_memory/database.go:166.101,175.49 3 0
github.com/GabeCordo/DistributedFunctions/internal/targets/core/database/job/in_memory/database.go:175.49,176.33 1 0
github.com/GabeCordo/DistributedFunctions/internal/targets/core/database/job/in_memory/database.go:176.33,178.9 2 0
github.com/GabeCordo/DistributedFunctions/internal/targets/core/database/job/in_memory/database.go:182.2,182.11 1 0
github.com/GabeCordo/DistributedFunctions/internal/targets/core/database/job/in_memory/database.go:182.11,185.3 2 0
github.com/GabeCordo/DistributedFunctions/internal/targets/core/database/job/in_memory/database.go:187.2,195.31 5 0
github.com/GabeCordo/DistributedFunctions/internal/targets/core/database/job/in_memory/database.go:199.74,209.51 7 0
github.com/GabeCordo/DistributedFunctions/internal/targets/core/database/job/in_memory/database.go:209.51,215.61 4 0
github.com/GabeCordo/DistributedFunctions/internal/targets/core/database/job/in_memory/database.go:215.61,217.9 2 0
github.com/GabeCordo/DistributedFunctions/internal/targets/core/database/job/in_memory/database.go:218.9,218.146 1 0
github.com/GabeCordo/DistributedFunctions/internal/targets/core/database/job/in_memory/database.go:218.146,220.4 1 0
github.com/GabeCordo/DistributedFunctions/internal/targets/core/database/job/in_memory/database.go:223.2,223.12 1 0
github.com/GabeCordo/DistributedFunctions/internal/targets/core/database/job/in_memory/database.go:227.98,231.2 2 0
github.com/GabeCordo/DistributedFunctions/internal/targets/core/database/job/in_memory/database.go:234.45,236.41 1 1
github.com/GabeCordo/DistributedFunctions/internal/targets/core/database/job/in_memory/database.go:236.41,238.3 1 0
github.com/GabeCordo/DistributedFunctions/internal/targets/core/database/job/mongo/database.go:16.68,21.2 3 1
github.com/GabeCordo/DistributedFunctions/internal/targets/core/database/job/mongo/database.go:24.82,26.41 1 0
github.com/GabeCordo/DistributedFunctions/internal/targets/core/database/job/mongo/database.go:26.41,28.3 1 0
github.com/GabeCordo/DistributedFunctions/internal/targets/core/database/job/mongo/database.go:30.2,34.27 4 0
github.com/GabeCordo/DistributedFunctions/internal/targets/core/database/job/mongo/database.go:34.27,36.3 1 0
github.com/GabeCordo/DistributedFunctions/internal/targets/core/database/job/mongo/database.go:36.8,36.33 1 0
github.com/GabeCordo/DistributedFunctions/internal/targets/core/database/job/mongo/database.go:36.33,38.3 1 0
github.com/GabeCordo/DistributedFunctions/internal/targets/core/database/job/mongo/database.go:38.8,38.35 1 0
github.com/GabeCordo/DistributedFunctions/internal/targets/core/database/job/mongo/database.go:38.35,40.3 1 0
github.com/GabeCordo/DistributedFunctions/internal/targets/core/database/job/mongo/database.go:40.8,42.3 1 0
github.com/GabeCordo/DistributedFunctions/internal/targets/core/database/job/mongo/database.go:44.2,44.16 1 0
github.com/GabeCordo/DistributedFunctions/internal/targets/core/database/job/mongo/database.go:44.16,46.3 1 0
github.com/GabeCordo/DistributedFunctions/internal/targets/core/database/job/mongo/database.go:48.2,48.13 1 0
github.com/GabeCordo/DistributedFunctions/internal/targets/core/database/job/mongo/database.go:52.107,54.41 1 0
github.com/GabeCordo/DistributedFunctions/internal/targets/core/database/job/mongo/database.go:54.41,56.3 1 0
github.com/GabeCordo/DistributedFunctions/internal/targets/core/database/job/mongo/database.go:58.2,62.16 4 0
github.com/GabeCordo/DistributedFunctions/internal/targets/core/database/job/mongo/database.go:66.79,68.41 1 0
github.com/GabeCordo/DistributedFunctions/internal/targets/core/database/job/mongo/database.go:68.41,70.3 1 0
github.com/GabeCordo/DistributedFunctions/internal/targets/core/database/job/mongo/database.go:72.2,75.27 3 0
github.com/GabeCordo/DistributedFunctions/internal/targets/core/database/job/mongo/database.go:75.27,77.3 1 0
github.com/GabeCordo/DistributedFunctions/internal/targets/core/database/job/mongo/database.go:77.8,77.33 1 0
github.com/GabeCordo/DistributedFunctions/internal/targets/core/database/job/mongo/database.go:77.33,79.3 1 0
github.com/GabeCordo/DistributedFunctions/internal/targets/core/database/job/mongo/database.go:79.8,79.35 1 0
github.com/GabeCordo/DistributedFunctions/internal/targets/core/database/job/mongo/database.go:79.35,81.3 1 0
github.com/GabeCordo/DistributedFunctions/internal/targets/core/database/job/mongo/database.go:83.2,83.12 1 0
github.com/GabeCordo/DistributedFunctions/internal/targets/core/database/job/mongo/database.go:87.97,91.2 2 0
github.com/GabeCordo/DistributedFunctions/internal/targets/core/database/job/mongo/database.go:94.66,98.2 2 0
github.com/GabeCordo/DistributedFunctions/internal/targets/core/database/job/mongo/database.go:101.66,105.2 2 0
github.com/GabeCordo/DistributedFunctions/internal/targets/core/database/job/mongo/database.go:108.45,111.2 0 1
github.com/GabeCordo/DistributedFunctions/internal/targets/core/database/pipeline/in_memory/database.go:24.48,30.2 3 1
github.com/GabeCordo/DistributedFunctions/internal/targets/core/database/pipeline/in_memory/database.go:33.61,37.49 2 0
github.com/GabeCordo/DistributedFunctions/internal/targets/core/database/pipeline/in_memory/database.go:37.49,39.3 1 0
github.com/GabeCordo/DistributedFunctions/internal/targets/core/database/pipeline/in_memory/database.go:41.2,44.85 3 0
github.com/GabeCordo/DistributedFunctions/internal/targets/core/database/pipeline/in_memory/database.go:44.85,45.17 1 0
github.com/GabeCordo/DistributedFunctions/internal/targets/core/database/pipeline/in_memory/database.go:45.17,47.4 1 0
github.com/GabeCordo/DistributedFunctions/internal/targets/core/database/pipeline/in_memory/database.go:49.3,49.22 1 0
github.com/GabeCordo/DistributedFunctions/internal/targets/core/database/pipeline/in_memory/database.go:49.22,51.4 1 0
github.com/GabeCordo/DistributedFunctions/internal/targets/core/database/pipeline/in_memory/database.go:53.3,53.20 1 0
github.com/GabeCordo/DistributedFunctions/internal/targets/core/database/pipeline/in_memory/database.go:53.20,55.4 1 0
github.com/GabeCordo/DistributedFunctions/internal/targets/core/database/pipeline/in_memory/database.go:57.3,58.13 2 0
github.com/GabeCordo/DistributedFunctions/internal/targets/core/database/pipeline/in_memory/database.go:61.2,61.16 1 0
github.com/GabeCordo/DistributedFunctions/internal/targets/core/database/pipeline/in_memory/database.go:61.16,63.3 1 0
github.com/GabeCordo/DistributedFunctions/internal/targets/core/database/pipeline/in_memory/database.go:65.2,65.55 1 0
github.com/GabeCordo/DistributedFunctions/internal/targets/core/database/pipeline/in_memory/database.go:65.55,68.48 2 0
github.com/GabeCordo/DistributedFunctions/internal/targets/core/database/pipeline/in_memory/database.go:68.48,70.18 2 0
github.com/GabeCordo/DistributedFunctions/internal/targets/core/database/pipeline/in_memory/database.go:70.18,72.13 2 0
github.com/GabeCordo/DistributedFunctions/internal/targets/core/database/pipeline/in_memory/database.go:76.3,77.17 2 0
github.com/GabeCordo/DistributedFunctions/internal/targets/core/database/pipeline/in_memory/database.go:77.17,79.12 2 0
github.com/GabeCordo/DistributedFunctions/internal/targets/core/database/pipeline/in_memory/database.go:82.3,82.43 1 0
github.com/GabeCordo/DistributedFunctions/internal/targets/core/database/pipeline/in_memory/database.go:82.43,88.18 6 0
github.com/GabeCordo/DistributedFunctions/internal/targets/core/database/pipeline/in_memory/database.go:88.18,90.13 2 0
github.com/GabeCordo/DistributedFunctions/internal/targets/core/database/pipeline/in_memory/database.go:92.4,93.18 2 0
github.com/GabeCordo/DistributedFunctions/internal/targets/core/database/pipeline/in_memory/database.go:93.18,95.13 2 0
github.com/GabeCordo/DistributedFunctions/internal/targets/core/database/pipeline/in_memory/database.go:97.4,98.18 2 0
github.com/GabeCordo/DistributedFunctions/internal/targets/core/database/pipeline/in_memory/database.go:98.18,100.5 1 0
github.com/GabeCordo/DistributedFunctions/internal/targets/core/database/pipeline/in_memory/database.go:104.2,104.12 1 0
github.com/GabeCordo/DistributedFunctions/internal/targets/core/database/pipeline/in_memory/database.go:108.61,110.49 1 0
github.com/GabeCordo/DistributedFunctions/internal/targets/core/database/pipeline/in_memory/database.go:110.49,112.3 1 0
github.com/GabeCordo/DistributedFunctions/internal/targets/core/database/pipeline/in_memory/database.go:114.2,114.85 1 0
github.com/GabeCordo/DistributedFunctions/internal/targets/core/database/pipeline/in_memory/database.go:114.85,115.17 1 0
github.com/GabeCordo/DistributedFunctions/internal/targets/core/database/pipeline/in_memory/database.go:115.17,117.4 1 0
github.com/GabeCordo/DistributedFunctions/internal/targets/core/database/pipeline/in_memory/database.go:119.3,119.22 1 0
github.com/GabeCordo/DistributedFunctions/internal/targets/core/database/pipeline/in_memory/database.go:119.22,121.4 1 0
github.com/GabeCordo/DistributedFunctions/internal/targets/core/database/pipeline/in_memory/database.go:123.3,123.19 1 0
github.com/GabeCordo/DistributedFunctions/internal/targets/core/database/pipeline/in_memory/database.go:123.19,125.4 1 0
github.com/GabeCordo/DistributedFunctions/internal/targets/core/database/pipeline/in_memory/database.go:134.3,135.32 2 0
github.com/GabeCordo/DistributedFunctions/internal/targets/core/database/pipeline/in_memory/database.go:135.32,137.4 1 0
github.com/GabeCordo/DistributedFunctions/internal/targets/core/database/pipeline/in_memory/database.go:138.3,141.19 2 0
github.com/GabeCordo/DistributedFunctions/internal/targets/core/database/pipeline/in_memory/database.go:141.19,144.4 2 0
github.com/GabeCordo/DistributedFunctions/internal/targets/core/database/pipeline/in_memory/database.go:145.3,149.17 4 0
github.com/GabeCordo/DistributedFunctions/internal/targets/core/database/pipeline/in_memory/database.go:149.17,151.4 1 0
github.com/GabeCordo/DistributedFunctions/internal/targets/core/database/pipeline/in_memory/database.go:153.3,154.55 2 0
github.com/GabeCordo/DistributedFunctions/internal/targets/core/database/pipeline/in_memory/database.go:154.55,156.4 1 0
github.com/GabeCordo/DistributedFunctions/internal/targets/core/database/pipeline/in_memory/database.go:158.3,159.13 2 0
github.com/GabeCordo/DistributedFunctions/internal/targets/core/database/pipeline/in_memory/database.go:162.2,162.12 1 0
github.com/GabeCordo/DistributedFunctions/internal/targets/core/database/pipeline/in_memory/database.go:166.106,171.28 3 0
github.com/GabeCordo/DistributedFunctions/internal/targets/core/database/pipeline/in_memory/database.go:171.28,173.3 1 0
github.com/GabeCordo/DistributedFunctions/internal/targets/core/database/pipeline/in_memory/database.go:175.2,176.12 2 0
github.com/GabeCordo/DistributedFunctions/internal/targets/core/database/pipeline/in_memory/database.go:176.12,178.3 1 0
github.com/GabeCordo/DistributedFunctions/internal/targets/core/database/pipeline/in_memory/database.go:180.2,181.29 2 0
github.com/GabeCordo/DistributedFunctions/internal/targets/core/database/pipeline/in_memory/database.go:181.29,183.13 2 0
github.com/GabeCordo/DistributedFunctions/internal/targets/core/database/pipeline/in_memory/database.go:183.13,185.4 1 0
github.com/GabeCordo/DistributedFunctions/internal/targets/core/database/pipeline/in_memory/database.go:186.3,186.38 1 0
github.com/GabeCordo/DistributedFunctions/internal/targets/core/database/pipeline/in_memory/database.go:187.8,188.30 1 0
github.com/GabeCordo/DistributedFunctions/internal/targets/core/database/pipeline/in_memory/database.go:188.30,190.4 1 0
github.com/GabeCordo/DistributedFunctions/internal/targets/core/database/pipeline/in_memory/database.go:193.2,193.16 1 0
github.com/GabeCordo/DistributedFunctions/internal/targets/core/database/pipeline/in_memory/database.go:197.121,206.12 4 0
github.com/GabeCordo/DistributedFunctions/internal/targets/core/database/pipeline/in_memory/database.go:206.12,210.3 3 0
github.com/GabeCordo/DistributedFunctions/internal/targets/core/database/pipeline/in_memory/database.go:212.2,216.11 2 0
github.com/GabeCordo/DistributedFunctions/internal/targets/core/database/pipeline/in_memory/database.go:216.11,218.3 1 0
github.com/GabeCordo/DistributedFunctions/internal/targets/core/database/pipeline/in_memory/database.go:220.2,221.31 2 0
github.com/GabeCordo/DistributedFunctions/internal/targets/core/database/pipeline/in_memory/database.go:225.112,234.12 4 0
github.com/GabeCordo/DistributedFunctions/internal/targets/core/database/pipeline/in_memory/database.go:234.12,237.3 2 0
github.com/GabeCordo/DistributedFunctions/internal/targets/core/database/pipeline/in_memory/database.go:239.2,240.12 2 0
github.com/GabeCordo/DistributedFunctions/internal/targets/core/database/pipeline/in_memory/database.go:244.74,250.12 4 0
github.com/GabeCordo/DistributedFunctions/internal/targets/core/database/pipeline/in_memory/database.go:250.12,252.3 1 0
github.com/GabeCordo/DistributedFunctions/internal/targets/core/database/pipeline/in_memory/database.go:254.2,255.12 2 0
github.com/GabeCordo/DistributedFunctions/internal/targets/core/database/pipeline/in_memory/database.go:255.12,257.3 1 0
github.com/GabeCordo/DistributedFunctions/internal/targets/core/database/pipeline/in_memory/database.go:259.2,260.12 2 0
github.com/GabeCordo/DistributedFunctions/internal/targets/core/database/pipeline/in_memory/database.go:264.45,266.56 1 1
github.com/GabeCordo/DistributedFunctions/internal/targets/core/database/pipeline/in_memory/database.go:266.56,270.35 2 0
github.com/GabeCordo/DistributedFunctions/internal/targets/core/database/pipeline/in_memory/database.go:270.35,272.4 1 0
github.com/GabeCordo/DistributedFunctions/internal/targets/core/database/pipeline/in_memory/database.go:276.85,279.2 1 0
github.com/GabeCordo/DistributedFunctions/internal/targets/core/component/message/log/filesystem.go:15.55,17.33 1 0
github.com/GabeCordo/DistributedFunctions/internal/targets/core/component/message/log/filesystem.go:17.33,18.15 1 0
github.com/GabeCordo/DistributedFunctions/internal/targets/core/component/message/log/filesystem.go:18.15,19.12 1 0
github.com/GabeCordo/DistributedFunctions/internal/targets/core/component/message/log/filesystem.go:22.3,22.91 1 0
github.com/GabeCordo/DistributedFunctions/internal/targets/core/component/message/log/filesystem.go:22.91,24.4 1 0
github.com/GabeCordo/DistributedFunctions/internal/targets/core/component/message/log/filesystem.go:28.37,35.32 5 0
github.com/GabeCordo/DistributedFunctions/internal/targets/core/component/message/log/filesystem.go:35.32,37.42 2 0
github.com/GabeCordo/DistributedFunctions/internal/targets/core/component/message/log/filesystem.go:37.42,39.4 1 0
github.com/GabeCordo/DistributedFunctions/internal/targets/core/component/message/log/filesystem.go:42.2,42.17 1 0
github.com/GabeCordo/DistributedFunctions/internal/targets/core/component/message/log/log.go:25.20,28.2 2 0
github.com/GabeCordo/DistributedFunctions/internal/targets/core/component/message/log/log.go:30.35,32.2 1 0
github.com/GabeCordo/DistributedFunctions/internal/targets/core/component/message/log/log.go:34.42,37.23 2 0
github.com/GabeCordo/DistributedFunctions/internal/targets/core/component/message/log/log.go:37.23,39.3 1 0
github.com/GabeCordo/DistributedFunctions/internal/targets/core/component/message/log/log.go:41.2,42.16 2 0
github.com/GabeCordo/DistributedFunctions/internal/targets/core/component/message/log/log.go:42.16,44.3 1 0
github.com/GabeCordo/DistributedFunctions/internal/targets/core/component/message/log/log.go:46.2,50.12 4 0
github.com/GabeCordo/DistributedFunctions/internal/targets/core/component/message/log/log.go:58.28,62.2 3 0
github.com/GabeCordo/DistributedFunctions/internal/targets/core/component/message/log/log.go:69.26,73.2 3 0
github.com/GabeCordo/DistributedFunctions/internal/targets/core/component/message/log/log.go:86.38,93.2 4 0
github.com/GabeCordo/DistributedFunctions/internal/targets/core/component/message/log/log.go:95.61,96.28 1 0
github.com/GabeCordo/DistributedFunctions/internal/targets/core/component/message/log/log.go:96.28,98.3 1 0
github.com/GabeCordo/DistributedFunctions/internal/targets/core/component/message/log/log.go:100.2,100.15 1 0
github.com/GabeCordo/DistributedFunctions/internal/targets/core/component/message/log/log.go:103.72,109.18 3 0
github.com/GabeCordo/DistributedFunctions/internal/targets/core/component/message/log/log.go:109.18,112.3 2 0
github.com/GabeCordo/DistributedFunctions/internal/targets/core/component/message/log/log.go:114.2,119.19 4 0
github.com/GabeCordo/DistributedFunctions/internal/targets/core/component/message/log/log.go:119.19,122.3 2 0
github.com/GabeCordo/DistributedFunctions/internal/targets/core/component/message/log/log.go:124.2,129.22 5 0
github.com/GabeCordo/DistributedFunctions/internal/targets/core/component/message/log/log.go:129.22,132.3 2 0
github.com/GabeCordo/DistributedFunctions/internal/targets/core/component/message/log/log.go:134.2,137.12 3 0
github.com/GabeCordo/DistributedFunctions/internal/targets/core/component/message/log/log.go:140.75,142.29 1 0
github.com/GabeCordo/DistributedFunctions/internal/targets/core/component/message/log/log.go:142.29,144.3 1 0
github.com/GabeCordo/DistributedFunctions/internal/targets/core/component/message/log/log.go:146.2,149.18 3 0
github.com/GabeCordo/DistributedFunctions/internal/targets/core/component/message/log/log.go:149.18,151.3 1 0
github.com/GabeCordo/DistributedFunctions/internal/targets/core/component/message/log/log.go:153.2,157.19 4 0
github.com/GabeCordo/DistributedFunctions/internal/targets/core/component/message/log/log.go:157.19,159.3 1 0
github.com/GabeCordo/DistributedFunctions/internal/targets/core/component/message/log/log.go:161.2,167.16 5 0
github.com/GabeCordo/DistributedFunctions/internal/targets/core/component/message/log/log.go:167.16,169.3 1 0
github.com/GabeCordo/DistributedFunctions/internal/targets/core/component/message/log/log.go:171.2,173.53 2 0
github.com/GabeCordo/DistributedFunctions/internal/targets/core/component/message/log/log.go:173.53,175.3 1 0
github.com/GabeCordo/DistributedFunctions/internal/targets/core/component/message/log/log.go:177.2,185.16 7 0
github.com/GabeCordo/DistributedFunctions/internal/targets/core/component/message/log/log.go:185.16,187.3 1 0
github.com/GabeCordo/DistributedFunctions/internal/targets/core/component/message/log/log.go:188.2,188.28 1 0
github.com/GabeCordo/DistributedFunctions/internal/targets/core/component/message/log/log.go:188.28,190.17 2 0
github.com/GabeCordo/DistributedFunctions/internal/targets/core/component/message/log/log.go:190.17,192.4 1 0
github.com/GabeCordo/DistributedFunctions/internal/targets/core/component/message/log/log.go:195.2,195.25 1 0
github.com/GabeCordo/DistributedFunctions/internal/targets/core/component/message/log/log.go:195.25,198.17 3 0
github.com/GabeCordo/DistributedFunctions/internal/targets/core/component/message/log/log.go:198.17,200.4 1 0
github.com/GabeCordo/DistributedFunctions/internal/targets/core/component/message/log/log.go:203.2,203.12 1 0
github.com/GabeCordo/DistributedFunctions/internal/targets/core/database/pipeline/mongo/database.go:19.68,24.2 3 1
github.com/GabeCordo/DistributedFunctions/internal/targets/core/database/pipeline/mongo/database.go:27.105,29.41 1 0
github.com/GabeCordo/DistributedFunctions/internal/targets/core/database/pipeline/mongo/database.go:29.41,31.3 1 0
github.com/GabeCordo/DistributedFunctions/internal/targets/core/database/pipeline/mongo/database.go:33.2,40.59 5 0
github.com/GabeCordo/DistributedFunctions/internal/targets/core/database/pipeline/mongo/database.go:40.59,42.3 1 0
github.com/GabeCordo/DistributedFunctions/internal/targets/core/database/pipeline/mongo/database.go:42.8,42.66 1 0
github.com/GabeCordo/DistributedFunctions/internal/targets/core/database/pipeline/mongo/database.go:42.66,44.3 1 0
github.com/GabeCordo/DistributedFunctions/internal/targets/core/database/pipeline/mongo/database.go:44.8,46.3 1 0
github.com/GabeCordo/DistributedFunctions/internal/targets/core/database/pipeline/mongo/database.go:48.2,48.16 1 0
github.com/GabeCordo/DistributedFunctions/internal/targets/core/database/pipeline/mongo/database.go:48.16,50.3 1 0
github.com/GabeCordo/DistributedFunctions/internal/targets/core/database/pipeline/mongo/database.go:52.2,52.23 1 0
github.com/GabeCordo/DistributedFunctions/internal/targets/core/database/pipeline/mongo/database.go:52.23,54.3 1 0
github.com/GabeCordo/DistributedFunctions/internal/targets/core/database/pipeline/mongo/database.go:56.2,56.16 1 0
github.com/GabeCordo/DistributedFunctions/internal/targets/core/database/pipeline/mongo/database.go:60.127,62.41 1 0
github.com/GabeCordo/DistributedFunctions/internal/targets/core/database/pipeline/mongo/database.go:62.41,64.3 1 0
github.com/GabeCordo/DistributedFunctions/internal/targets/core/database/pipeline/mongo/database.go:66.2,66.28 1 0
github.com/GabeCordo/DistributedFunctions/internal/targets/core/database/pipeline/mongo/database.go:66.28,69.3 2 0
github.com/GabeCordo/DistributedFunctions/internal/targets/core/database/pipeline/mongo/database.go:71.2,71.29 1 0
github.com/GabeCordo/DistributedFunctions/internal/targets/core/database/pipeline/mongo/database.go:71.29,74.3 2 0
github.com/GabeCordo/DistributedFunctions/internal/targets/core/database/pipeline/mongo/database.go:76.2,81.23 5 0
github.com/GabeCordo/DistributedFunctions/internal/targets/core/database/pipeline/mongo/database.go:81.23,84.3 2 0
github.com/GabeCordo/DistributedFunctions/internal/targets/core/database/pipeline/mongo/database.go:86.2,93.16 3 0
github.com/GabeCordo/DistributedFunctions/internal/targets/core/database/pipeline/mongo/database.go:97.117,99.41 1 0
github.com/GabeCordo/DistributedFunctions/internal/targets/core/database/pipeline/mongo/database.go:99.41,101.3 1 0
github.com/GabeCordo/DistributedFunctions/internal/targets/core/database/pipeline/mongo/database.go:103.2,103.28 1 0
github.com/GabeCordo/DistributedFunctions/internal/targets/core/database/pipeline/mongo/database.go:103.28,106.3 2 0
github.com/GabeCordo/DistributedFunctions/internal/targets/core/database/pipeline/mongo/database.go:108.2,108.29 1 0
github.com/GabeCordo/DistributedFunctions/internal/targets/core/database/pipeline/mongo/database.go:108.29,111.3 2 0
github.com/GabeCordo/DistributedFunctions/internal/targets/core/database/pipeline/mongo/database.go:113.2,123.12 5 0
github.com/GabeCordo/DistributedFunctions/internal/targets/core/database/pipeline/mongo/database.go:127.79,129.41 1 0
github.com/GabeCordo/DistributedFunctions/internal/targets/core/database/pipeline/mongo/database.go:129.41,131.3 1 0
github.com/GabeCordo/DistributedFunctions/internal/targets/core/database/pipeline/mongo/database.go:133.2,133.28 1 0
github.com/GabeCordo/DistributedFunctions/internal/targets/core/database/pipeline/mongo/database.go:133.28,136.3 2 0
github.com/GabeCordo/DistributedFunctions/internal/targets/core/database/pipeline/mongo/database.go:138.2,138.29 1 0
github.com/GabeCordo/DistributedFunctions/internal/targets/core/database/pipeline/mongo/database.go:138.29,141.3 2 0
github.com/GabeCordo/DistributedFunctions/internal/targets/core/database/pipeline/mongo/database.go:143.2,147.12 4 0
github.com/GabeCordo/DistributedFunctions/internal/targets/core/database/pipeline/mongo/database.go:151.66,155.2 2 0
github.com/GabeCordo/DistributedFunctions/internal/targets/core/database/pipeline/mongo/database.go:158.66,162.2 2 0
github.com/GabeCordo/DistributedFunctions/internal/targets/core/database/pipeline/mongo/database.go:165.45,168.2 0 1
github.com/GabeCordo/DistributedFunctions/internal/targets/core/database/pipeline/mongo/database.go:170.99,172.41 1 0
github.com/GabeCordo/DistributedFunctions/internal/targets/core/database/pipeline/mongo/database.go:172.41,175.3 2 0
github.com/GabeCordo/DistributedFunctions/internal/targets/core/database/pipeline/mongo/database.go:177.2,181.24 4 0
github.com/GabeCordo/DistributedFunctions/internal/targets/core/database/run/in_memory/database.go:20.40,29.2 6 3
github.com/GabeCordo/DistributedFunctions/internal/targets/core/database/run/in_memory/database.go:32.83,35.16 2 1
github.com/GabeCordo/DistributedFunctions/internal/targets/core/database/run/in_memory/database.go:35.16,37.3 1 0
github.com/GabeCordo/DistributedFunctions/internal/targets/core/database/run/in_memory/database.go:39.2,43.13 3 1
github.com/GabeCordo/DistributedFunctions/internal/targets/core/database/run/in_memory/database.go:43.13,47.3 3 1
github.com/GabeCordo/DistributedFunctions/internal/targets/core/database/run/in_memory/database.go:49.2,55.52 5 0
github.com/GabeCordo/DistributedFunctions/internal/targets/core/database/run/in_memory/database.go:55.52,60.63 2 0
github.com/GabeCordo/DistributedFunctions/internal/targets/core/database/run/in_memory/database.go:60.63,62.12 2 0
github.com/GabeCordo/DistributedFunctions/internal/targets/core/database/run/in_memory/database.go:66.3,66.96 1 0
github.com/GabeCordo/DistributedFunctions/internal/targets/core/database/run/in_memory/database.go:66.96,67.9 1 0
github.com/GabeCordo/DistributedFunctions/internal/targets/core/database/run/in_memory/database.go:70.3,70.101 1 0
github.com/GabeCordo/DistributedFunctions/internal/targets/core/database/run/in_memory/database.go:70.101,72.4 1 0
github.com/GabeCordo/DistributedFunctions/internal/targets/core/database/run/in_memory/database.go:72.9,72.60 1 0
github.com/GabeCordo/DistributedFunctions/internal/targets/core/database/run/in_memory/database.go:72.60,74.4 1 0
github.com/GabeCordo/DistributedFunctions/internal/targets/core/database/run/in_memory/database.go:74.9,74.40 1 0
github.com/GabeCordo/DistributedFunctions/internal/targets/core/database/run/in_memory/database.go:74.40,76.4 1 0
github.com/GabeCordo/DistributedFunctions/internal/targets/core/database/run/in_memory/database.go:78.3,78.12 1 0
github.com/GabeCordo/DistributedFunctions/internal/targets/core/database/run/in_memory/database.go:81.2,81.13 1 0
github.com/GabeCordo/DistributedFunctions/internal/targets/core/database/run/in_memory/database.go:85.82,98.52 8 0
github.com/GabeCordo/DistributedFunctions/internal/targets/core/database/run/in_memory/database.go:98.52,103.63 2 0
github.com/GabeCordo/DistributedFunctions/internal/targets/core/database/run/in_memory/database.go:103.63,105.12 2 0
github.com/GabeCordo/DistributedFunctions/internal/targets/core/database/run/in_memory/database.go:109.3,109.96 1 0
github.com/GabeCordo/DistributedFunctions/internal/targets/core/database/run/in_memory/database.go:109.96,110.9 1 0
github.com/GabeCordo/DistributedFunctions/internal/targets/core/database/run/in_memory/database.go:113.3,113.101 1 0
github.com/GabeCordo/DistributedFunctions/internal/targets/core/database/run/in_memory/database.go:113.101,115.4 1 0
github.com/GabeCordo/DistributedFunctions/internal/targets/core/database/run/in_memory/database.go:115.9,115.60 1 0
github.com/GabeCordo/DistributedFunctions/internal/targets/core/database/run/in_memory/database.go:115.60,117.4 1 0
github.com/GabeCordo/DistributedFunctions/internal/targets/core/database/run/in_memory/database.go:117.9,117.40 1 0
github.com/GabeCordo/DistributedFunctions/internal/targets/core/database/run/in_memory/database.go:117.40,119.4 1 0
github.com/GabeCordo/DistributedFunctions/internal/targets/core/database/run/in_memory/database.go:121.3,121.12 1 0
github.com/GabeCordo/DistributedFunctions/internal/targets/core/database/run/in_memory/database.go:124.2,124.14 1 0
github.com/GabeCordo/DistributedFunctions/internal/targets/core/database/run/in_memory/database.go:128.144,145.2 9 2
github.com/GabeCordo/DistributedFunctions/internal/targets/core/database/run/in_memory/database.go:147.46,149.2 0 1
github.com/GabeCordo/DistributedFunctions/internal/targets/core/database/statistic/in_memory/database.go:22.40,28.2 3 1
github.com/GabeCordo/DistributedFunctions/internal/targets/core/database/statistic/in_memory/database.go:31.61,35.49 2 0
github.com/GabeCordo/DistributedFunctions/internal/targets/core/database/statistic/in_memory/database.go:35.49,37.3 1 0
github.com/GabeCordo/DistributedFunctions/internal/targets/core/database/statistic/in_memory/database.go:39.2,45.56 5 0
github.com/GabeCordo/DistributedFunctions/internal/targets/core/database/statistic/in_memory/database.go:45.56,47.3 1 0
github.com/GabeCordo/DistributedFunctions/internal/targets/core/database/statistic/in_memory/database.go:49.2,50.16 2 0
github.com/GabeCordo/DistributedFunctions/internal/targets/core/database/statistic/in_memory/database.go:50.16,52.3 1 0
github.com/GabeCordo/DistributedFunctions/internal/targets/core/database/statistic/in_memory/database.go:53.2,53.25 1 0
github.com/GabeCordo/DistributedFunctions/internal/targets/core/database/statistic/in_memory/database.go:53.25,55.17 2 0
github.com/GabeCordo/DistributedFunctions/internal/targets/core/database/statistic/in_memory/database.go:55.17,57.4 1 0
github.com/GabeCordo/DistributedFunctions/internal/targets/core/database/statistic/in_memory/database.go:60.2,62.12 3 0
github.com/GabeCordo/DistributedFunctions/internal/targets/core/database/statistic/in_memory/database.go:66.67,70.2 2 0
github.com/GabeCordo/DistributedFunctions/internal/targets/core/database/statistic/in_memory/database.go:73.106,78.28 3 0
github.com/GabeCordo/DistributedFunctions/internal/targets/core/database/statistic/in_memory/database.go:78.28,80.3 1 0
github.com/GabeCordo/DistributedFunctions/internal/targets/core/database/statistic/in_memory/database.go:82.2,84.12 2 0
github.com/GabeCordo/DistributedFunctions/internal/targets/core/database/statistic/in_memory/database.go:84.12,86.3 1 0
github.com/GabeCordo/DistributedFunctions/internal/targets/core/database/statistic/in_memory/database.go:88.2,88.27 1 0
github.com/GabeCordo/DistributedFunctions/internal/targets/core/database/statistic/in_memory/database.go:88.27,90.3 1 0
github.com/GabeCordo/DistributedFunctions/internal/targets/core/database/statistic/in_memory/database.go:92.2,93.12 2 0
github.com/GabeCordo/DistributedFunctions/internal/targets/core/database/statistic/in_memory/database.go:93.12,95.3 1 0
github.com/GabeCordo/DistributedFunctions/internal/targets/core/database/statistic/in_memory/database.go:97.2,97.33 1 0
github.com/GabeCordo/DistributedFunctions/internal/targets/core/database/statistic/in_memory/database.go:97.33,99.3 1 0
github.com/GabeCordo/DistributedFunctions/internal/targets/core/database/statistic/in_memory/database.go:101.2,101.16 1 0
github.com/GabeCordo/DistributedFunctions/internal/targets/core/database/statistic/in_memory/database.go:105.143,110.65 3 0
github.com/GabeCordo/DistributedFunctions/internal/targets/core/database/statistic/in_memory/database.go:110.65,112.3 1 0
github.com/GabeCordo/DistributedFunctions/internal/targets/core/database/statistic/in_memory/database.go:114.2,121.82 2 0
github.com/GabeCordo/DistributedFunctions/internal/targets/core/database/statistic/in_memory/database.go:121.82,125.3 3 0
github.com/GabeCordo/DistributedFunctions/internal/targets/core/database/statistic/in_memory/database.go:125.8,127.3 1 0
github.com/GabeCordo/DistributedFunctions/internal/targets/core/database/statistic/in_memory/database.go:129.2,129.20 1 0
github.com/GabeCordo/DistributedFunctions/internal/targets/core/database/statistic/in_memory/database.go:133.74,138.65 3 0
github.com/GabeCordo/DistributedFunctions/internal/targets/core/database/statistic/in_memory/database.go:138.65,140.3 1 0
github.com/GabeCordo/DistributedFunctions/internal/targets/core/database/statistic/in_memory/database.go:142.2,143.12 2 0
github.com/GabeCordo/DistributedFunctions/internal/targets/core/database/statistic/in_memory/database.go:147.118,151.2 2 0
github.com/GabeCordo/DistributedFunctions/internal/targets/core/database/statistic/in_memory/database.go:154.97,158.2 2 0
github.com/GabeCordo/DistributedFunctions/internal/targets/core/database/statistic/in_memory/database.go:161.45,163.56 1 1
github.com/GabeCordo/DistributedFunctions/internal/targets/core/database/statistic/in_memory/database.go:163.56,167.50 2 0
github.com/GabeCordo/DistributedFunctions/internal/targets/core/database/statistic/in_memory/database.go:167.50,170.4 1 0
github.com/GabeCordo/DistributedFunctions/internal/targets/core/database/database.go:21.39,24.2 1 0
github.com/GabeCordo/DistributedFunctions/internal/targets/core/database/database.go:26.55,28.18 1 0
github.com/GabeCordo/DistributedFunctions/internal/targets/core/database/database.go:28.18,30.3 1 0
github.com/GabeCordo/DistributedFunctions/internal/targets/core/database/database.go:32.2,35.34 1 0
github.com/GabeCordo/DistributedFunctions/internal/targets/core/database/database.go:38.57,41.35 2 0
github.com/GabeCordo/DistributedFunctions/internal/targets/core/database/database.go:41.35,43.3 1 0
github.com/GabeCordo/DistributedFunctions/internal/targets/core/database/database.go:45.2,45.28 1 0
github.com/GabeCordo/DistributedFunctions/internal/targets/core/database/database.go:48.44,58.2 6 0
github.com/GabeCordo/DistributedFunctions/internal/targets/core/database/database.go:78.37,80.2 1 0
github.com/GabeCordo/DistributedFunctions/internal/targets/core/database/database.go:82.43,84.2 1 0
github.com/GabeCordo/DistributedFunctions/internal/targets/core/database/database.go:86.42,88.2 1 0
github.com/GabeCordo/DistributedFunctions/internal/targets/core/database/database.go:90.41,92.2 1 0
github.com/GabeCordo/DistributedFunctions/internal/targets/core/database/database.go:94.41,96.2 1 0
github.com/GabeCordo/DistributedFunctions/internal/targets/core/database/database.go:98.40,100.2 1 0
github.com/GabeCordo/DistributedFunctions/internal/targets/core/database/database.go:102.39,104.2 1 0
github.com/GabeCordo/DistributedFunctions/internal/targets/core/database/statistic/mongo/database.go:19.68,24.2 3 1
github.com/GabeCordo/DistributedFunctions/internal/targets/core/database/statistic/mongo/database.go:27.105,29.41 1 0
github.com/GabeCordo/DistributedFunctions/internal/targets/core/database/statistic/mongo/database.go:29.41,31.3 1 0
github.com/GabeCordo/DistributedFunctions/internal/targets/core/database/statistic/mongo/database.go:33.2,39.28 5 0
github.com/GabeCordo/DistributedFunctions/internal/targets/core/database/statistic/mongo/database.go:39.28,41.3 1 0
github.com/GabeCordo/DistributedFunctions/internal/targets/core/database/statistic/mongo/database.go:41.8,43.3 1 0
github.com/GabeCordo/DistributedFunctions/internal/targets/core/database/statistic/mongo/database.go:45.2,45.16 1 0
github.com/GabeCordo/DistributedFunctions/internal/targets/core/database/statistic/mongo/database.go:45.16,47.3 1 0
github.com/GabeCordo/DistributedFunctions/internal/targets/core/database/statistic/mongo/database.go:49.2,50.29 2 0
github.com/GabeCordo/DistributedFunctions/internal/targets/core/database/statistic/mongo/database.go:50.29,52.3 1 0
github.com/GabeCordo/DistributedFunctions/internal/targets/core/database/statistic/mongo/database.go:54.2,54.16 1 0
github.com/GabeCordo/DistributedFunctions/internal/targets/core/database/statistic/mongo/database.go:57.153,60.41 2 0
github.com/GabeCordo/DistributedFunctions/internal/targets/core/database/statistic/mongo/database.go:60.41,62.3 1 0
github.com/GabeCordo/DistributedFunctions/internal/targets/core/database/statistic/mongo/database.go:64.2,75.20 5 0
github.com/GabeCordo/DistributedFunctions/internal/targets/core/database/statistic/mongo/database.go:78.79,80.41 1 0
github.com/GabeCordo/DistributedFunctions/internal/targets/core/database/statistic/mongo/database.go:80.41,82.3 1 0
github.com/GabeCordo/DistributedFunctions/internal/targets/core/database/statistic/mongo/database.go:84.2,88.12 4 0
github.com/GabeCordo/DistributedFunctions/internal/targets/core/database/statistic/mongo/database.go:91.96,96.28 3 0
github.com/GabeCordo/DistributedFunctions/internal/targets/core/database/statistic/mongo/database.go:96.28,98.3 1 0
github.com/GabeCordo/DistributedFunctions/internal/targets/core/database/statistic/mongo/database.go:98.8,100.3 1 0
github.com/GabeCordo/DistributedFunctions/internal/targets/core/database/statistic/mongo/database.go:102.2,102.21 1 0
github.com/GabeCordo/DistributedFunctions/internal/targets/core/database/statistic/mongo/database.go:106.117,110.2 2 0
github.com/GabeCordo/DistributedFunctions/internal/targets/core/database/statistic/mongo/database.go:113.66,117.2 2 0
github.com/GabeCordo/DistributedFunctions/internal/targets/core/database/statistic/mongo/database.go:120.66,124.2 2 0
github.com/GabeCordo/DistributedFunctions/internal/targets/core/database/statistic/mongo/database.go:127.45,130.2 0 1
github.com/GabeCordo/DistributedFunctions/internal/targets/core/thread/cache/handlers.go:9.89,12.9 2 4
github.com/GabeCordo/DistributedFunctions/internal/targets/core/thread/cache/handlers.go:12.9,16.3 3 0
github.com/GabeCordo/DistributedFunctions/internal/targets/core/thread/cache/handlers.go:18.2,19.16 2 4
github.com/GabeCordo/DistributedFunctions/internal/targets/core/thread/cache/handlers.go:19.16,23.3 3 0
github.com/GabeCordo/DistributedFunctions/internal/targets/core/thread/cache/handlers.go:25.2,29.3 2 4
github.com/GabeCordo/DistributedFunctions/internal/targets/core/thread/cache/handlers.go:32.89,35.9 2 3
github.com/GabeCordo/DistributedFunctions/internal/targets/core/thread/cache/handlers.go:35.9,39.3 3 0
github.com/GabeCordo/DistributedFunctions/internal/targets/core/thread/cache/handlers.go:41.2,42.16 2 3
github.com/GabeCordo/DistributedFunctions/internal/targets/core/thread/cache/handlers.go:42.16,46.3 3 0
github.com/GabeCordo/DistributedFunctions/internal/targets/core/thread/cache/handlers.go:48.2,52.3 2 3
github.com/GabeCordo/DistributedFunctions/internal/targets/core/thread/cache/handlers.go:55.87,57.20 1 0
github.com/GabeCordo/DistributedFunctions/internal/targets/core/thread/cache/handlers.go:57.20,59.3 1 0
github.com/GabeCordo/DistributedFunctions/internal/targets/core/thread/cache/handlers.go:60.2,60.25 1 0
github.com/GabeCordo/DistributedFunctions/internal/targets/core/thread/cache/thread.go:9.27,11.2 0 3
github.com/GabeCordo/DistributedFunctions/internal/targets/core/thread/cache/thread.go:13.26,17.25 2 3
github.com/GabeCordo/DistributedFunctions/internal/targets/core/thread/cache/thread.go:17.25,19.16 1 3
github.com/GabeCordo/DistributedFunctions/internal/targets/core/thread/cache/thread.go:19.16,24.4 2 3
github.com/GabeCordo/DistributedFunctions/internal/targets/core/thread/cache/thread.go:27.2,30.6 3 3
github.com/GabeCordo/DistributedFunctions/internal/targets/core/thread/cache/thread.go:30.6,31.10 1 10
github.com/GabeCordo/DistributedFunctions/internal/targets/core/thread/cache/thread.go:32.31,33.4 1 3
github.com/GabeCordo/DistributedFunctions/internal/targets/core/thread/cache/thread.go:33.4,35.20 2 3
github.com/GabeCordo/DistributedFunctions/internal/targets/core/thread/cache/thread.go:35.20,37.6 1 3
github.com/GabeCordo/DistributedFunctions/internal/targets/core/thread/cache/thread.go:39.32,40.4 1 4
github.com/GabeCordo/DistributedFunctions/internal/targets/core/thread/cache/thread.go:40.4,42.20 2 4
github.com/GabeCordo/DistributedFunctions/internal/targets/core/thread/cache/thread.go:42.20,44.6 1 4
github.com/GabeCordo/DistributedFunctions/internal/targets/core/thread/cache/thread.go:46.27,47.4 1 0
github.com/GabeCordo/DistributedFunctions/internal/targets/core/thread/cache/thread.go:47.4,50.10 2 0
github.com/GabeCordo/DistributedFunctions/internal/targets/core/thread/cache/thread.go:53.3,53.13 1 7
github.com/GabeCordo/DistributedFunctions/internal/targets/core/thread/cache/thread.go:57.85,61.24 2 7
github.com/GabeCordo/DistributedFunctions/internal/targets/core/thread/cache/thread.go:62.27,63.3 1 4
github.com/GabeCordo/DistributedFunctions/internal/targets/core/thread/cache/thread.go:63.3,65.4 1 4
github.com/GabeCordo/DistributedFunctions/internal/targets/core/thread/cache/thread.go:66.24,67.3 1 3
github.com/GabeCordo/DistributedFunctions/internal/targets/core/thread/cache/thread.go:67.3,69.4 1 3
github.com/GabeCordo/DistributedFunctions/internal/targets/core/thread/cache/thread.go:70.25,71.3 1 0
github.com/GabeCordo/DistributedFunctions/internal/targets/core/thread/cache/thread.go:71.3,73.4 1 0
github.com/GabeCordo/DistributedFunctions/internal/targets/core/thread/cache/thread.go:74.10,75.3 1 0
github.com/GabeCordo/DistributedFunctions/internal/targets/core/thread/cache/thread.go:75.3,77.4 1 0
github.com/GabeCordo/DistributedFunctions/internal/targets/core/thread/cache/thread.go:80.2,80.17 1 7
github.com/GabeCordo/DistributedFunctions/internal/targets/core/thread/cache/thread.go:83.29,87.2 1 0
github.com/GabeCordo/DistributedFunctions/internal/targets/core/thread/cache/types.go:34.99,38.16 3 5
github.com/GabeCordo/DistributedFunctions/internal/targets/core/thread/cache/types.go:38.16,40.3 1 1
github.com/GabeCordo/DistributedFunctions/internal/targets/core/thread/cache/types.go:41.2,44.9 3 4
github.com/GabeCordo/DistributedFunctions/internal/targets/core/thread/cache/types.go:44.9,46.3 1 0
github.com/GabeCordo/DistributedFunctions/internal/targets/core/thread/cache/types.go:47.2,48.9 2 4
github.com/GabeCordo/DistributedFunctions/internal/targets/core/thread/cache/types.go:48.9,50.3 1 0
github.com/GabeCordo/DistributedFunctions/internal/targets/core/thread/cache/types.go:51.2,52.9 2 4
github.com/GabeCordo/DistributedFunctions/internal/targets/core/thread/cache/types.go:52.9,54.3 1 0
github.com/GabeCordo/DistributedFunctions/internal/targets/core/thread/cache/types.go:55.2,56.9 2 4
github.com/GabeCordo/DistributedFunctions/internal/targets/core/thread/cache/types.go:56.9,58.3 1 0
github.com/GabeCordo/DistributedFunctions/internal/targets/core/thread/cache/types.go:59.2,60.9 2 4
github.com/GabeCordo/DistributedFunctions/internal/targets/core/thread/cache/types.go:60.9,62.3 1 0
github.com/GabeCordo/DistributedFunctions/internal/targets/core/thread/cache/types.go:63.2,65.19 2 4
github.com/GabeCordo/DistributedFunctions/internal/targets/core/thread/cache/types.go:65.19,67.3 1 0
github.com/GabeCordo/DistributedFunctions/internal/targets/core/thread/cache/types.go:68.2,75.15 4 4
github.com/GabeCordo/DistributedFunctions/internal/targets/core/database/job/job.go:33.33,36.17 1 0
github.com/GabeCordo/DistributedFunctions/internal/targets/core/database/job/job.go:36.17,38.3 1 0
github.com/GabeCordo/DistributedFunctions/internal/targets/core/database/job/job.go:40.2,41.42 2 0
github.com/GabeCordo/DistributedFunctions/internal/targets/core/database/job/job.go:44.40,46.18 1 0
github.com/GabeCordo/DistributedFunctions/internal/targets/core/database/job/job.go:46.18,48.3 1 0
github.com/GabeCordo/DistributedFunctions/internal/targets/core/database/job/job.go:52.2,52.40 1 0
github.com/GabeCordo/DistributedFunctions/internal/targets/core/database/job/job.go:52.40,54.3 1 0
github.com/GabeCordo/DistributedFunctions/internal/targets/core/database/job/job.go:56.2,56.76 1 0
github.com/GabeCordo/DistributedFunctions/internal/targets/core/database/job/job.go:56.76,58.3 1 0
github.com/GabeCordo/DistributedFunctions/internal/targets/core/database/job/job.go:60.2,60.45 1 0
github.com/GabeCordo/DistributedFunctions/internal/targets/core/database/job/job.go:63.34,67.2 1 0
github.com/GabeCordo/DistributedFunctions/internal/targets/core/thread/database/handlers.go:11.97,14.9 2 4
github.com/GabeCordo/DistributedFunctions/internal/targets/core/thread/database/handlers.go:14.9,18.3 3 2
github.com/GabeCordo/DistributedFunctions/internal/targets/core/thread/database/handlers.go:20.2,21.16 2 2
github.com/GabeCordo/DistributedFunctions/internal/targets/core/thread/database/handlers.go:21.16,25.3 3 0
github.com/GabeCordo/DistributedFunctions/internal/targets/core/thread/database/handlers.go:28.2,30.25 2 2
github.com/GabeCordo/DistributedFunctions/internal/targets/core/thread/database/handlers.go:33.98,36.9 2 2
github.com/GabeCordo/DistributedFunctions/internal/targets/core/thread/database/handlers.go:36.9,40.3 3 0
github.com/GabeCordo/DistributedFunctions/internal/targets/core/thread/database/handlers.go:42.2,43.16 2 2
github.com/GabeCordo/DistributedFunctions/internal/targets/core/thread/database/handlers.go:43.16,47.3 3 0
github.com/GabeCordo/DistributedFunctions/internal/targets/core/thread/database/handlers.go:50.2,52.25 2 2
github.com/GabeCordo/DistributedFunctions/internal/targets/core/thread/database/handlers.go:55.94,58.16 2 1
github.com/GabeCordo/DistributedFunctions/internal/targets/core/thread/database/handlers.go:58.16,62.3 3 0
github.com/GabeCordo/DistributedFunctions/internal/targets/core/thread/database/handlers.go:64.2,64.22 1 1
github.com/GabeCordo/DistributedFunctions/internal/targets/core/thread/database/handlers.go:64.22,67.3 2 0
github.com/GabeCordo/DistributedFunctions/internal/targets/core/thread/database/handlers.go:68.2,68.25 1 1
github.com/GabeCordo/DistributedFunctions/internal/targets/core/thread/database/handlers.go:71.95,74.16 2 1
github.com/GabeCordo/DistributedFunctions/internal/targets/core/thread/database/handlers.go:74.16,78.3 3 0
github.com/GabeCordo/DistributedFunctions/internal/targets/core/thread/database/handlers.go:80.2,80.25 1 1
github.com/GabeCordo/DistributedFunctions/internal/targets/core/thread/database/handlers.go:80.25,83.3 2 0
github.com/GabeCordo/DistributedFunctions/internal/targets/core/thread/database/handlers.go:84.2,84.28 1 1
github.com/GabeCordo/DistributedFunctions/internal/targets/core/thread/database/handlers.go:87.95,90.16 2 0
github.com/GabeCordo/DistributedFunctions/internal/targets/core/thread/database/handlers.go:90.16,94.3 3 0
github.com/GabeCordo/DistributedFunctions/internal/targets/core/thread/database/handlers.go:96.2,96.28 1 0
github.com/GabeCordo/DistributedFunctions/internal/targets/core/thread/database/handlers.go:99.94,102.16 2 0
github.com/GabeCordo/DistributedFunctions/internal/targets/core/thread/database/handlers.go:102.16,105.3 2 0
github.com/GabeCordo/DistributedFunctions/internal/targets/core/thread/database/handlers.go:105.8,107.3 1 0
github.com/GabeCordo/DistributedFunctions/internal/targets/core/thread/database/handlers.go:110.97,114.16 2 0
github.com/GabeCordo/DistributedFunctions/internal/targets/core/thread/database/handlers.go:114.16,116.3 1 0
github.com/GabeCordo/DistributedFunctions/internal/targets/core/thread/database/handlers.go:118.2,119.22 2 0
github.com/GabeCordo/DistributedFunctions/internal/targets/core/thread/database/handlers.go:122.98,126.16 2 0
github.com/GabeCordo/DistributedFunctions/internal/targets/core/thread/database/handlers.go:126.16,128.3 1 0
github.com/GabeCordo/DistributedFunctions/internal/targets/core/thread/database/handlers.go:130.2,131.22 2 0
github.com/GabeCordo/DistributedFunctions/internal/targets/core/thread/database/handlers.go:134.97,137.9 2 0
github.com/GabeCordo/DistributedFunctions/internal/targets/core/thread/database/handlers.go:137.9,141.3 3 0
github.com/GabeCordo/DistributedFunctions/internal/targets/core/thread/database/handlers.go:143.2,145.16 2 0
github.com/GabeCordo/DistributedFunctions/internal/targets/core/thread/database/handlers.go:145.16,147.3 1 0
github.com/GabeCordo/DistributedFunctions/internal/targets/core/thread/database/handlers.go:149.2,150.22 2 0
github.com/GabeCordo/DistributedFunctions/internal/targets/core/thread/database/thread.go:9.26,14.16 3 0
github.com/GabeCordo/DistributedFunctions/internal/targets/core/thread/database/thread.go:14.16,15.13 1 0
github.com/GabeCordo/DistributedFunctions/internal/targets/core/thread/database/thread.go:19.26,24.6 3 6
github.com/GabeCordo/DistributedFunctions/internal/targets/core/thread/database/thread.go:24.6,25.10 1 14
github.com/GabeCordo/DistributedFunctions/internal/targets/core/thread/database/thread.go:26.31,27.4 1 2
github.com/GabeCordo/DistributedFunctions/internal/targets/core/thread/database/thread.go:27.4,29.20 2 2
github.com/GabeCordo/DistributedFunctions/internal/targets/core/thread/database/thread.go:29.20,32.6 2 2
github.com/GabeCordo/DistributedFunctions/internal/targets/core/thread/database/thread.go:34.32,35.4 1 4
github.com/GabeCordo/DistributedFunctions/internal/targets/core/thread/database/thread.go:35.4,37.20 2 4
github.com/GabeCordo/DistributedFunctions/internal/targets/core/thread/database/thread.go:37.20,40.6 2 4
github.com/GabeCordo/DistributedFunctions/internal/targets/core/thread/database/thread.go:42.32,43.4 1 1
github.com/GabeCordo/DistributedFunctions/internal/targets/core/thread/database/thread.go:43.4,45.20 2 1
github.com/GabeCordo/DistributedFunctions/internal/targets/core/thread/database/thread.go:45.20,48.6 2 1
github.com/GabeCordo/DistributedFunctions/internal/targets/core/thread/database/thread.go:50.32,51.4 1 1
github.com/GabeCordo/DistributedFunctions/internal/targets/core/thread/database/thread.go:51.4,53.20 2 1
github.com/GabeCordo/DistributedFunctions/internal/targets/core/thread/database/thread.go:53.20,56.6 2 1
github.com/GabeCordo/DistributedFunctions/internal/targets/core/thread/database/thread.go:58.27,59.4 1 0
github.com/GabeCordo/DistributedFunctions/internal/targets/core/thread/database/thread.go:59.4,61.10 1 0
github.com/GabeCordo/DistributedFunctions/internal/targets/core/thread/database/thread.go:64.3,64.13 1 8
github.com/GabeCordo/DistributedFunctions/internal/targets/core/thread/database/thread.go:68.85,70.17 1 8
github.com/GabeCordo/DistributedFunctions/internal/targets/core/thread/database/thread.go:70.17,72.3 1 0
github.com/GabeCordo/DistributedFunctions/internal/targets/core/thread/database/thread.go:74.2,76.24 2 8
github.com/GabeCordo/DistributedFunctions/internal/targets/core/thread/database/thread.go:77.27,78.3 1 6
github.com/GabeCordo/DistributedFunctions/internal/targets/core/thread/database/thread.go:78.3,79.24 1 6
github.com/GabeCordo/DistributedFunctions/internal/targets/core/thread/database/thread.go:80.31,81.5 1 4
github.com/GabeCordo/DistributedFunctions/internal/targets/core/thread/database/thread.go:81.5,83.6 1 4
github.com/GabeCordo/DistributedFunctions/internal/targets/core/thread/database/thread.go:84.32,85.5 1 2
github.com/GabeCordo/DistributedFunctions/internal/targets/core/thread/database/thread.go:85.5,87.6 1 2
github.com/GabeCordo/DistributedFunctions/internal/targets/core/thread/database/thread.go:88.12,89.5 1 0
github.com/GabeCordo/DistributedFunctions/internal/targets/core/thread/database/thread.go:89.5,91.6 1 0
github.com/GabeCordo/DistributedFunctions/internal/targets/core/thread/database/thread.go:94.24,95.3 1 2
github.com/GabeCordo/DistributedFunctions/internal/targets/core/thread/database/thread.go:95.3,96.24 1 2
github.com/GabeCordo/DistributedFunctions/internal/targets/core/thread/database/thread.go:97.31,98.5 1 1
github.com/GabeCordo/DistributedFunctions/internal/targets/core/thread/database/thread.go:98.5,100.6 1 1
github.com/GabeCordo/DistributedFunctions/internal/targets/core/thread/database/thread.go:101.32,102.5 1 1
github.com/GabeCordo/DistributedFunctions/internal/targets/core/thread/database/thread.go:102.5,104.6 1 1
github.com/GabeCordo/DistributedFunctions/internal/targets/core/thread/database/thread.go:105.32,106.5 1 0
github.com/GabeCordo/DistributedFunctions/internal/targets/core/thread/database/thread.go:106.5,108.6 1 0
github.com/GabeCordo/DistributedFunctions/internal/targets/core/thread/database/thread.go:109.12,110.5 1 0
github.com/GabeCordo/DistributedFunctions/internal/targets/core/thread/database/thread.go:110.5,112.6 1 0
github.com/GabeCordo/DistributedFunctions/internal/targets/core/thread/database/thread.go:115.28,116.3 1 0
github.com/GabeCordo/DistributedFunctions/internal/targets/core/thread/database/thread.go:116.3,117.24 1 0
github.com/GabeCordo/DistributedFunctions/internal/targets/core/thread/database/thread.go:118.32,119.5 1 0
github.com/GabeCordo/DistributedFunctions/internal/targets/core/thread/database/thread.go:119.5,121.6 1 0
github.com/GabeCordo/DistributedFunctions/internal/targets/core/thread/database/thread.go:122.12,123.5 1 0
github.com/GabeCordo/DistributedFunctions/internal/targets/core/thread/database/thread.go:123.5,125.6 1 0
github.com/GabeCordo/DistributedFunctions/internal/targets/core/thread/database/thread.go:128.27,129.3 1 0
github.com/GabeCordo/DistributedFunctions/internal/targets/core/thread/database/thread.go:129.3,130.24 1 0
github.com/GabeCordo/DistributedFunctions/internal/targets/core/thread/database/thread.go:131.31,132.5 1 0
github.com/GabeCordo/DistributedFunctions/internal/targets/core/thread/database/thread.go:132.5,134.6 1 0
github.com/GabeCordo/DistributedFunctions/internal/targets/core/thread/database/thread.go:135.32,136.5 1 0
github.com/GabeCordo/DistributedFunctions/internal/targets/core/thread/database/thread.go:136.5,138.6 1 0
github.com/GabeCordo/DistributedFunctions/internal/targets/core/thread/database/thread.go:139.12,140.5 1 0
github.com/GabeCordo/DistributedFunctions/internal/targets/core/thread/database/thread.go:140.5,142.6 1 0
github.com/GabeCordo/DistributedFunctions/internal/targets/core/thread/database/thread.go:145.27,146.3 1 0
github.com/GabeCordo/DistributedFunctions/internal/targets/core/thread/database/thread.go:146.3,147.24 1 0
github.com/GabeCordo/DistributedFunctions/internal/targets/core/thread/database/thread.go:148.31,149.5 1 0
github.com/GabeCordo/DistributedFunctions/internal/targets/core/thread/database/thread.go:149.5,151.6 1 0
github.com/GabeCordo/DistributedFunctions/internal/targets/core/thread/database/thread.go:152.12,153.5 1 0
github.com/GabeCordo/DistributedFunctions/internal/targets/core/thread/database/thread.go:153.5,155.6 1 0
github.com/GabeCordo/DistributedFunctions/internal/targets/core/thread/database/thread.go:158.10,159.3 1 0
github.com/GabeCordo/DistributedFunctions/internal/targets/core/thread/database/thread.go:159.3,161.4 1 0
github.com/GabeCordo/DistributedFunctions/internal/targets/core/thread/database/thread.go:164.2,165.17 2 8
github.com/GabeCordo/DistributedFunctions/internal/targets/core/thread/database/thread.go:168.29,172.2 1 0
github.com/GabeCordo/DistributedFunctions/internal/targets/core/thread/database/types.go:50.117,55.16 3 6
github.com/GabeCordo/DistributedFunctions/internal/targets/core/thread/database/types.go:55.16,57.3 1 0
github.com/GabeCordo/DistributedFunctions/internal/targets/core/thread/database/types.go:58.2,63.9 4 6
github.com/GabeCordo/DistributedFunctions/internal/targets/core/thread/database/types.go:63.9,65.3 1 0
github.com/GabeCordo/DistributedFunctions/internal/targets/core/thread/database/types.go:66.2,67.9 2 6
github.com/GabeCordo/DistributedFunctions/internal/targets/core/thread/database/types.go:67.9,69.3 1 0
github.com/GabeCordo/DistributedFunctions/internal/targets/core/thread/database/types.go:70.2,71.9 2 6
github.com/GabeCordo/DistributedFunctions/internal/targets/core/thread/database/types.go:71.9,73.3 1 0
github.com/GabeCordo/DistributedFunctions/internal/targets/core/thread/database/types.go:74.2,75.9 2 6
github.com/GabeCordo/DistributedFunctions/internal/targets/core/thread/database/types.go:75.9,77.3 1 0
github.com/GabeCordo/DistributedFunctions/internal/targets/core/thread/database/types.go:78.2,79.9 2 6
github.com/GabeCordo/DistributedFunctions/internal/targets/core/thread/database/types.go:79.9,81.3 1 0
github.com/GabeCordo/DistributedFunctions/internal/targets/core/thread/database/types.go:82.2,83.9 2 6
github.com/GabeCordo/DistributedFunctions/internal/targets/core/thread/database/types.go:83.9,85.3 1 0
github.com/GabeCordo/DistributedFunctions/internal/targets/core/thread/database/types.go:86.2,87.9 2 6
github.com/GabeCordo/DistributedFunctions/internal/targets/core/thread/database/types.go:87.9,89.3 1 0
github.com/GabeCordo/DistributedFunctions/internal/targets/core/thread/database/types.go:90.2,91.9 2 6
github.com/GabeCordo/DistributedFunctions/internal/targets/core/thread/database/types.go:91.9,93.3 1 0
github.com/GabeCordo/DistributedFunctions/internal/targets/core/thread/database/types.go:94.2,95.9 2 6
github.com/GabeCordo/DistributedFunctions/internal/targets/core/thread/database/types.go:95.9,97.3 1 0
github.com/GabeCordo/DistributedFunctions/internal/targets/core/thread/database/types.go:98.2,99.9 2 6
github.com/GabeCordo/DistributedFunctions/internal/targets/core/thread/database/types.go:99.9,101.3 1 0
github.com/GabeCordo/DistributedFunctions/internal/targets/core/thread/database/types.go:102.2,103.9 2 6
github.com/GabeCordo/DistributedFunctions/internal/targets/core/thread/database/types.go:103.9,105.3 1 0
github.com/GabeCordo/DistributedFunctions/internal/targets/core/thread/database/types.go:106.2,110.19 3 6
github.com/GabeCordo/DistributedFunctions/internal/targets/core/thread/database/types.go:110.19,112.3 1 0
github.com/GabeCordo/DistributedFunctions/internal/targets/core/thread/database/types.go:113.2,116.15 3 6
github.com/GabeCordo/DistributedFunctions/internal/targets/core/database/run/run.go:23.34,24.11 1 0
github.com/GabeCordo/DistributedFunctions/internal/targets/core/database/run/run.go:25.17,26.17 1 0
github.com/GabeCordo/DistributedFunctions/internal/targets/core/database/run/run.go:27.16,28.16 1 0
github.com/GabeCordo/DistributedFunctions/internal/targets/core/database/run/run.go:29.17,30.17 1 0
github.com/GabeCordo/DistributedFunctions/internal/targets/core/database/run/run.go:31.19,32.19 1 0
github.com/GabeCordo/DistributedFunctions/internal/targets/core/database/run/run.go:33.20,34.20 1 0
github.com/GabeCordo/DistributedFunctions/internal/targets/core/database/run/run.go:35.19,36.19 1 0
github.com/GabeCordo/DistributedFunctions/internal/targets/core/database/run/run.go:37.10,38.19 1 0
github.com/GabeCordo/DistributedFunctions/internal/targets/core/database/run/run.go:51.46,52.11 1 0
github.com/GabeCordo/DistributedFunctions/internal/targets/core/database/run/run.go:53.18,54.18 1 0
github.com/GabeCordo/DistributedFunctions/internal/targets/core/database/run/run.go:55.19,56.19 1 0
github.com/GabeCordo/DistributedFunctions/internal/targets/core/database/run/run.go:57.19,58.19 1 0
github.com/GabeCordo/DistributedFunctions/internal/targets/core/database/run/run.go:59.10,60.17 1 0
github.com/GabeCordo/DistributedFunctions/internal/targets/core/database/run/run.go:107.119,121.2 11 0
github.com/GabeCordo/DistributedFunctions/internal/targets/core/database/run/run.go:123.50,128.27 3 0
github.com/GabeCordo/DistributedFunctions/internal/targets/core/database/run/run.go:129.15,130.16 1 0
github.com/GabeCordo/DistributedFunctions/internal/targets/core/database/run/run.go:131.15,132.33 1 0
github.com/GabeCordo/DistributedFunctions/internal/targets/core/database/run/run.go:133.14,134.29 1 0
github.com/GabeCordo/DistributedFunctions/internal/targets/core/database/run/run.go:136.14,137.16 1 0
github.com/GabeCordo/DistributedFunctions/internal/targets/core/database/run/run.go:138.17,139.33 1 0
github.com/GabeCordo/DistributedFunctions/internal/targets/core/database/run/run.go:140.14,141.31 1 0
github.com/GabeCordo/DistributedFunctions/internal/targets/core/database/run/run.go:145.2,145.26 1 0
github.com/GabeCordo/DistributedFunctions/internal/targets/core/database/run/run.go:148.43,154.2 3 0
github.com/GabeCordo/DistributedFunctions/internal/targets/core/database/run/run.go:156.49,164.2 5 0
github.com/GabeCordo/DistributedFunctions/internal/targets/core/database/run/run.go:166.39,168.2 1 0
github.com/GabeCordo/DistributedFunctions/internal/targets/core/database/run/run.go:170.67,172.2 1 0
github.com/GabeCordo/DistributedFunctions/internal/targets/core/database/run/run.go:174.68,176.2 1 0
github.com/GabeCordo/DistributedFunctions/internal/targets/core/database/run/run.go:178.83,179.22 1 0
github.com/GabeCordo/DistributedFunctions/internal/targets/core/database/run/run.go:179.22,181.3 1 0
github.com/GabeCordo/DistributedFunctions/internal/targets/core/database/run/run.go:182.2,185.12 4 0
github.com/GabeCordo/DistributedFunctions/internal/targets/core/database/run/run.go:188.41,194.2 3 0
github.com/GabeCordo/DistributedFunctions/internal/targets/core/database/run/run.go:196.44,208.73 8 0
github.com/GabeCordo/DistributedFunctions/internal/targets/core/database/run/run.go:208.73,211.3 2 0
github.com/GabeCordo/DistributedFunctions/internal/targets/core/thread/helpers.go:26.137,38.17 2 0
github.com/GabeCordo/DistributedFunctions/internal/targets/core/thread/helpers.go:38.17,40.3 1 0
github.com/GabeCordo/DistributedFunctions/internal/targets/core/thread/helpers.go:42.2,46.16 3 0
github.com/GabeCordo/DistributedFunctions/internal/targets/core/thread/helpers.go:46.16,48.3 1 0
github.com/GabeCordo/DistributedFunctions/internal/targets/core/thread/helpers.go:50.2,51.9 2 0
github.com/GabeCordo/DistributedFunctions/internal/targets/core/thread/helpers.go:51.9,53.3 1 0
github.com/GabeCordo/DistributedFunctions/internal/targets/core/thread/helpers.go:55.2,55.31 1 0
github.com/GabeCordo/DistributedFunctions/internal/targets/core/thread/helpers.go:55.31,57.3 1 0
github.com/GabeCordo/DistributedFunctions/internal/targets/core/thread/helpers.go:59.2,60.9 2 0
github.com/GabeCordo/DistributedFunctions/internal/targets/core/thread/helpers.go:60.9,62.3 1 0
github.com/GabeCordo/DistributedFunctions/internal/targets/core/thread/helpers.go:64.2,64.17 1 0
github.com/GabeCordo/DistributedFunctions/internal/targets/core/thread/helpers.go:67.86,75.17 2 0
github.com/GabeCordo/DistributedFunctions/internal/targets/core/thread/helpers.go:75.17,77.3 1 0
github.com/GabeCordo/DistributedFunctions/internal/targets/core/thread/helpers.go:79.2,83.16 3 0
github.com/GabeCordo/DistributedFunctions/internal/targets/core/thread/helpers.go:83.16,86.3 2 0
github.com/GabeCordo/DistributedFunctions/internal/targets/core/thread/helpers.go:88.2,89.9 2 0
github.com/GabeCordo/DistributedFunctions/internal/targets/core/thread/helpers.go:89.9,92.3 2 0
github.com/GabeCordo/DistributedFunctions/internal/targets/core/thread/helpers.go:94.2,94.31 1 0
github.com/GabeCordo/DistributedFunctions/internal/targets/core/thread/helpers.go:94.31,97.3 2 0
github.com/GabeCordo/DistributedFunctions/internal/targets/core/thread/helpers.go:99.2,100.9 2 0
github.com/GabeCordo/DistributedFunctions/internal/targets/core/thread/helpers.go:100.9,103.3 2 0
github.com/GabeCordo/DistributedFunctions/internal/targets/core/thread/helpers.go:105.2,105.24 1 0
github.com/GabeCordo/DistributedFunctions/internal/targets/core/thread/helpers.go:108.127,119.17 2 0
github.com/GabeCordo/DistributedFunctions/internal/targets/core/thread/helpers.go:119.17,121.3 1 0
github.com/GabeCordo/DistributedFunctions/internal/targets/core/thread/helpers.go:123.2,127.16 3 0
github.com/GabeCordo/DistributedFunctions/internal/targets/core/thread/helpers.go:127.16,129.3 1 0
github.com/GabeCordo/DistributedFunctions/internal/targets/core/thread/helpers.go:131.2,132.9 2 0
github.com/GabeCordo/DistributedFunctions/internal/targets/core/thread/helpers.go:132.9,134.3 1 0
github.com/GabeCordo/DistributedFunctions/internal/targets/core/thread/helpers.go:136.2,136.31 1 0
github.com/GabeCordo/DistributedFunctions/internal/targets/core/thread/helpers.go:136.31,138.3 1 0
github.com/GabeCordo/DistributedFunctions/internal/targets/core/thread/helpers.go:140.2,141.15 2 0
github.com/GabeCordo/DistributedFunctions/internal/targets/core/thread/helpers.go:144.119,157.17 2 0
github.com/GabeCordo/DistributedFunctions/internal/targets/core/thread/helpers.go:157.17,159.3 1 0
github.com/GabeCordo/DistributedFunctions/internal/targets/core/thread/helpers.go:161.2,165.16 3 0
github.com/GabeCordo/DistributedFunctions/internal/targets/core/thread/helpers.go:165.16,167.3 1 0
github.com/GabeCordo/DistributedFunctions/internal/targets/core/thread/helpers.go:169.2,170.9 2 0
github.com/GabeCordo/DistributedFunctions/internal/targets/core/thread/helpers.go:170.9,172.3 1 0
github.com/GabeCordo/DistributedFunctions/internal/targets/core/thread/helpers.go:175.2,175.31 1 0
github.com/GabeCordo/DistributedFunctions/internal/targets/core/thread/helpers.go:175.31,177.3 1 0
github.com/GabeCordo/DistributedFunctions/internal/targets/core/thread/helpers.go:179.2,179.12 1 0
github.com/GabeCordo/DistributedFunctions/internal/targets/core/thread/helpers.go:182.130,195.17 2 0
github.com/GabeCordo/DistributedFunctions/internal/targets/core/thread/helpers.go:195.17,197.3 1 0
github.com/GabeCordo/DistributedFunctions/internal/targets/core/thread/helpers.go:199.2,202.16 3 0
github.com/GabeCordo/DistributedFunctions/internal/targets/core/thread/helpers.go:202.16,205.3 2 0
github.com/GabeCordo/DistributedFunctions/internal/targets/core/thread/helpers.go:207.2,208.9 2 0
github.com/GabeCordo/DistributedFunctions/internal/targets/core/thread/helpers.go:208.9,211.3 2 0
github.com/GabeCordo/DistributedFunctions/internal/targets/core/thread/helpers.go:213.2,214.16 2 0
github.com/GabeCordo/DistributedFunctions/internal/targets/core/thread/helpers.go:217.103,229.17 2 0
github.com/GabeCordo/DistributedFunctions/internal/targets/core/thread/helpers.go:229.17,231.3 1 0
github.com/GabeCordo/DistributedFunctions/internal/targets/core/thread/helpers.go:233.2,236.16 3 0
github.com/GabeCordo/DistributedFunctions/internal/targets/core/thread/helpers.go:236.16,239.3 2 0
github.com/GabeCordo/DistributedFunctions/internal/targets/core/thread/helpers.go:241.2,242.9 2 0
github.com/GabeCordo/DistributedFunctions/internal/targets/core/thread/helpers.go:242.9,245.3 2 0
github.com/GabeCordo/DistributedFunctions/internal/targets/core/thread/helpers.go:247.2,248.16 2 0
github.com/GabeCordo/DistributedFunctions/internal/targets/core/thread/helpers.go:251.72,260.17 2 0
github.com/GabeCordo/DistributedFunctions/internal/targets/core/thread/helpers.go:260.17,262.3 1 0
github.com/GabeCordo/DistributedFunctions/internal/targets/core/thread/helpers.go:264.2,267.16 3 0
github.com/GabeCordo/DistributedFunctions/internal/targets/core/thread/helpers.go:267.16,269.3 1 0
github.com/GabeCordo/DistributedFunctions/internal/targets/core/thread/helpers.go:271.2,272.9 2 0
github.com/GabeCordo/DistributedFunctions/internal/targets/core/thread/helpers.go:272.9,274.3 1 0
github.com/GabeCordo/DistributedFunctions/internal/targets/core/thread/helpers.go:276.2,276.23 1 0
github.com/GabeCordo/DistributedFunctions/internal/targets/core/thread/helpers.go:276.23,278.3 1 0
github.com/GabeCordo/DistributedFunctions/internal/targets/core/thread/helpers.go:280.2,281.9 2 0
github.com/GabeCordo/DistributedFunctions/internal/targets/core/thread/helpers.go:281.9,283.3 1 0
github.com/GabeCordo/DistributedFunctions/internal/targets/core/thread/helpers.go:285.2,285.25 1 0
github.com/GabeCordo/DistributedFunctions/internal/targets/core/thread/helpers.go:288.77,298.17 2 0
github.com/GabeCordo/DistributedFunctions/internal/targets/core/thread/helpers.go:298.17,300.3 1 0
github.com/GabeCordo/DistributedFunctions/internal/targets/core/thread/helpers.go:302.2,305.16 3 0
github.com/GabeCordo/DistributedFunctions/internal/targets/core/thread/helpers.go:305.16,307.3 1 0
github.com/GabeCordo/DistributedFunctions/internal/targets/core/thread/helpers.go:309.2,310.9 2 0
github.com/GabeCordo/DistributedFunctions/internal/targets/core/thread/helpers.go:310.9,312.3 1 0
github.com/GabeCordo/DistributedFunctions/internal/targets/core/thread/helpers.go:314.2,314.41 1 0
github.com/GabeCordo/DistributedFunctions/internal/targets/core/thread/helpers.go:317.72,327.17 2 0
github.com/GabeCordo/DistributedFunctions/internal/targets/core/thread/helpers.go:327.17,329.3 1 0
github.com/GabeCordo/DistributedFunctions/internal/targets/core/thread/helpers.go:331.2,334.16 3 0
github.com/GabeCordo/DistributedFunctions/internal/targets/core/thread/helpers.go:334.16,336.3 1 0
github.com/GabeCordo/DistributedFunctions/internal/targets/core/thread/helpers.go:338.2,339.9 2 0
github.com/GabeCordo/DistributedFunctions/internal/targets/core/thread/helpers.go:339.9,341.3 1 0
github.com/GabeCordo/DistributedFunctions/internal/targets/core/thread/helpers.go:343.2,343.23 1 0
github.com/GabeCordo/DistributedFunctions/internal/targets/core/thread/helpers.go:346.89,356.17 2 0
github.com/GabeCordo/DistributedFunctions/internal/targets/core/thread/helpers.go:356.17,358.3 1 0
github.com/GabeCordo/DistributedFunctions/internal/targets/core/thread/helpers.go:360.2,363.16 3 0
github.com/GabeCordo/DistributedFunctions/internal/targets/core/thread/helpers.go:363.16,365.3 1 0
github.com/GabeCordo/DistributedFunctions/internal/targets/core/thread/helpers.go:367.2,368.9 2 0
github.com/GabeCordo/DistributedFunctions/internal/targets/core/thread/helpers.go:368.9,370.3 1 0
github.com/GabeCordo/DistributedFunctions/internal/targets/core/thread/helpers.go:372.2,372.36 1 0
github.com/GabeCordo/DistributedFunctions/internal/targets/core/thread/helpers.go:375.91,385.17 2 0
github.com/GabeCordo/DistributedFunctions/internal/targets/core/thread/helpers.go:385.17,387.3 1 0
github.com/GabeCordo/DistributedFunctions/internal/targets/core/thread/helpers.go:389.2,392.16 3 0
github.com/GabeCordo/DistributedFunctions/internal/targets/core/thread/helpers.go:392.16,394.3 1 0
github.com/GabeCordo/DistributedFunctions/internal/targets/core/thread/helpers.go:396.2,397.9 2 0
github.com/GabeCordo/DistributedFunctions/internal/targets/core/thread/helpers.go:397.9,399.3 1 0
github.com/GabeCordo/DistributedFunctions/internal/targets/core/thread/helpers.go:401.2,401.36 1 0
github.com/GabeCordo/DistributedFunctions/internal/targets/core/thread/helpers.go:404.109,414.17 2 0
github.com/GabeCordo/DistributedFunctions/internal/targets/core/thread/helpers.go:414.17,416.3 1 0
github.com/GabeCordo/DistributedFunctions/internal/targets/core/thread/helpers.go:418.2,421.16 3 0
github.com/GabeCordo/DistributedFunctions/internal/targets/core/thread/helpers.go:421.16,423.3 1 0
github.com/GabeCordo/DistributedFunctions/internal/targets/core/thread/helpers.go:425.2,426.9 2 0
github.com/GabeCordo/DistributedFunctions/internal/targets/core/thread/helpers.go:426.9,428.3 1 0
github.com/GabeCordo/DistributedFunctions/internal/targets/core/thread/helpers.go:430.2,430.34 1 0
github.com/GabeCordo/DistributedFunctions/internal/targets/core/thread/helpers.go:430.34,432.3 1 0
github.com/GabeCordo/DistributedFunctions/internal/targets/core/thread/helpers.go:434.2,435.15 2 0
github.com/GabeCordo/DistributedFunctions/internal/targets/core/thread/helpers.go:439.82,450.17 2 0
github.com/GabeCordo/DistributedFunctions/internal/targets/core/thread/helpers.go:450.17,452.3 1 0
github.com/GabeCordo/DistributedFunctions/internal/targets/core/thread/helpers.go:454.2,458.16 3 0
github.com/GabeCordo/DistributedFunctions/internal/targets/core/thread/helpers.go:458.16,460.3 1 0
github.com/GabeCordo/DistributedFunctions/internal/targets/core/thread/helpers.go:462.2,463.9 2 0
github.com/GabeCordo/DistributedFunctions/internal/targets/core/thread/helpers.go:463.9,465.3 1 0
github.com/GabeCordo/DistributedFunctions/internal/targets/core/thread/helpers.go:467.2,468.27 2 0
github.com/GabeCordo/DistributedFunctions/internal/targets/core/thread/helpers.go:471.78,474.16 2 0
github.com/GabeCordo/DistributedFunctions/internal/targets/core/thread/helpers.go:474.16,476.3 1 0
github.com/GabeCordo/DistributedFunctions/internal/targets/core/thread/helpers.go:478.2,493.17 2 0
github.com/GabeCordo/DistributedFunctions/internal/targets/core/thread/helpers.go:493.17,495.3 1 0
github.com/GabeCordo/DistributedFunctions/internal/targets/core/thread/helpers.go:497.2,500.16 3 0
github.com/GabeCordo/DistributedFunctions/internal/targets/core/thread/helpers.go:500.16,502.3 1 0
github.com/GabeCordo/DistributedFunctions/internal/targets/core/thread/helpers.go:504.2,505.9 2 0
github.com/GabeCordo/DistributedFunctions/internal/targets/core/thread/helpers.go:505.9,507.3 1 0
github.com/GabeCordo/DistributedFunctions/internal/targets/core/thread/helpers.go:509.2,509.23 1 0
github.com/GabeCordo/DistributedFunctions/internal/targets/core/thread/helpers.go:509.23,511.3 1 0
github.com/GabeCordo/DistributedFunctions/internal/targets/core/thread/helpers.go:513.2,514.9 2 0
github.com/GabeCordo/DistributedFunctions/internal/targets/core/thread/helpers.go:514.9,516.3 1 0
github.com/GabeCordo/DistributedFunctions/internal/targets/core/thread/helpers.go:518.2,518.18 1 0
github.com/GabeCordo/DistributedFunctions/internal/targets/core/thread/helpers.go:521.89,533.17 2 0
github.com/GabeCordo/DistributedFunctions/internal/targets/core/thread/helpers.go:533.17,535.3 1 0
github.com/GabeCordo/DistributedFunctions/internal/targets/core/thread/helpers.go:537.2,540.16 3 0
github.com/GabeCordo/DistributedFunctions/internal/targets/core/thread/helpers.go:540.16,543.3 2 0
github.com/GabeCordo/DistributedFunctions/internal/targets/core/thread/helpers.go:545.2,546.9 2 0
github.com/GabeCordo/DistributedFunctions/internal/targets/core/thread/helpers.go:546.9,549.3 2 0
github.com/GabeCordo/DistributedFunctions/internal/targets/core/thread/helpers.go:551.2,551.23 1 0
github.com/GabeCordo/DistributedFunctions/internal/targets/core/thread/helpers.go:551.23,554.3 2 0
github.com/GabeCordo/DistributedFunctions/internal/targets/core/thread/helpers.go:556.2,557.9 2 0
github.com/GabeCordo/DistributedFunctions/internal/targets/core/thread/helpers.go:557.9,560.3 2 0
github.com/GabeCordo/DistributedFunctions/internal/targets/core/thread/helpers.go:562.2,562.19 1 0
github.com/GabeCordo/DistributedFunctions/internal/targets/core/thread/helpers.go:565.57,575.17 2 0
github.com/GabeCordo/DistributedFunctions/internal/targets/core/thread/helpers.go:575.17,577.3 1 0
github.com/GabeCordo/DistributedFunctions/internal/targets/core/thread/helpers.go:579.2,579.28 1 0
github.com/GabeCordo/DistributedFunctions/internal/targets/core/thread/helpers.go:582.52,591.17 2 0
github.com/GabeCordo/DistributedFunctions/internal/targets/core/thread/helpers.go:591.17,593.3 1 0
github.com/GabeCordo/DistributedFunctions/internal/targets/core/thread/helpers.go:595.2,598.16 3 0
github.com/GabeCordo/DistributedFunctions/internal/targets/core/thread/helpers.go:598.16,600.3 1 0
github.com/GabeCordo/DistributedFunctions/internal/targets/core/thread/helpers.go:602.2,603.9 2 0
github.com/GabeCordo/DistributedFunctions/internal/targets/core/thread/helpers.go:603.9,605.3 1 0
github.com/GabeCordo/DistributedFunctions/internal/targets/core/thread/helpers.go:607.2,607.23 1 0
github.com/GabeCordo/DistributedFunctions/internal/targets/core/thread/helpers.go:610.130,622.17 2 0
github.com/GabeCordo/DistributedFunctions/internal/targets/core/thread/helpers.go:622.17,624.3 1 0
github.com/GabeCordo/DistributedFunctions/internal/targets/core/thread/helpers.go:626.2,629.16 3 0
github.com/GabeCordo/DistributedFunctions/internal/targets/core/thread/helpers.go:629.16,631.3 1 0
github.com/GabeCordo/DistributedFunctions/internal/targets/core/thread/helpers.go:633.2,634.9 2 0
github.com/GabeCordo/DistributedFunctions/internal/targets/core/thread/helpers.go:634.9,636.3 1 0
github.com/GabeCordo/DistributedFunctions/internal/targets/core/thread/helpers.go:638.2,638.31 1 0
github.com/GabeCordo/DistributedFunctions/internal/targets/core/thread/helpers.go:638.31,640.3 1 0
github.com/GabeCordo/DistributedFunctions/internal/targets/core/thread/helpers.go:642.2,643.9 2 0
github.com/GabeCordo/DistributedFunctions/internal/targets/core/thread/helpers.go:643.9,645.3 1 0
github.com/GabeCordo/DistributedFunctions/internal/targets/core/thread/helpers.go:647.2,647.25 1 0
github.com/GabeCordo/DistributedFunctions/internal/targets/core/thread/helpers.go:650.93,661.17 2 0
github.com/GabeCordo/DistributedFunctions/internal/targets/core/thread/helpers.go:661.17,663.3 1 0
github.com/GabeCordo/DistributedFunctions/internal/targets/core/thread/helpers.go:665.2,667.16 3 0
github.com/GabeCordo/DistributedFunctions/internal/targets/core/thread/helpers.go:667.16,670.3 2 0
github.com/GabeCordo/DistributedFunctions/internal/targets/core/thread/helpers.go:672.2,673.9 2 0
github.com/GabeCordo/DistributedFunctions/internal/targets/core/thread/helpers.go:673.9,676.3 2 0
github.com/GabeCordo/DistributedFunctions/internal/targets/core/thread/helpers.go:678.2,678.31 1 0
github.com/GabeCordo/DistributedFunctions/internal/targets/core/thread/helpers.go:678.31,680.3 1 0
github.com/GabeCordo/DistributedFunctions/internal/targets/core/thread/helpers.go:682.2,683.9 2 0
github.com/GabeCordo/DistributedFunctions/internal/targets/core/thread/helpers.go:683.9,686.3 2 0
github.com/GabeCordo/DistributedFunctions/internal/targets/core/thread/helpers.go:688.2,688.20 1 0
github.com/GabeCordo/DistributedFunctions/internal/targets/core/thread/helpers.go:691.53,694.2 2 0
github.com/GabeCordo/DistributedFunctions/internal/targets/core/thread/helpers.go:696.85,705.17 2 0
github.com/GabeCordo/DistributedFunctions/internal/targets/core/thread/helpers.go:705.17,707.3 1 0
github.com/GabeCordo/DistributedFunctions/internal/targets/core/thread/helpers.go:709.2,712.16 3 0
github.com/GabeCordo/DistributedFunctions/internal/targets/core/thread/helpers.go:712.16,714.3 1 0
github.com/GabeCordo/DistributedFunctions/internal/targets/core/thread/helpers.go:716.2,717.9 2 0
github.com/GabeCordo/DistributedFunctions/internal/targets/core/thread/helpers.go:717.9,719.3 1 0
github.com/GabeCordo/DistributedFunctions/internal/targets/core/thread/helpers.go:721.2,721.34 1 0
github.com/GabeCordo/DistributedFunctions/internal/targets/core/thread/helpers.go:721.34,723.3 1 0
github.com/GabeCordo/DistributedFunctions/internal/targets/core/thread/helpers.go:725.2,726.25 2 0
github.com/GabeCordo/DistributedFunctions/internal/targets/core/thread/helpers.go:729.94,732.20 2 0
github.com/GabeCordo/DistributedFunctions/internal/targets/core/thread/helpers.go:732.20,733.38 1 0
github.com/GabeCordo/DistributedFunctions/internal/targets/core/thread/helpers.go:736.2,743.17 7 0
github.com/GabeCordo/DistributedFunctions/internal/targets/core/thread/helpers.go:743.17,745.3 1 0
github.com/GabeCordo/DistributedFunctions/internal/targets/core/thread/helpers.go:747.2,747.27 1 0
github.com/GabeCordo/DistributedFunctions/internal/targets/core/thread/helpers.go:750.72,760.17 2 0
github.com/GabeCordo/DistributedFunctions/internal/targets/core/thread/helpers.go:760.17,762.3 1 0
github.com/GabeCordo/DistributedFunctions/internal/targets/core/thread/helpers.go:764.2,767.16 3 0
github.com/GabeCordo/DistributedFunctions/internal/targets/core/thread/helpers.go:767.16,769.3 1 0
github.com/GabeCordo/DistributedFunctions/internal/targets/core/thread/helpers.go:771.2,772.9 2 0
github.com/GabeCordo/DistributedFunctions/internal/targets/core/thread/helpers.go:772.9,774.3 1 0
github.com/GabeCordo/DistributedFunctions/internal/targets/core/thread/helpers.go:776.2,776.41 1 0
github.com/GabeCordo/DistributedFunctions/internal/targets/core/thread/helpers.go:779.74,789.17 2 0
github.com/GabeCordo/DistributedFunctions/internal/targets/core/thread/helpers.go:789.17,791.3 1 0
github.com/GabeCordo/DistributedFunctions/internal/targets/core/thread/helpers.go:793.2,796.16 3 0
github.com/GabeCordo/DistributedFunctions/internal/targets/core/thread/helpers.go:796.16,798.3 1 0
github.com/GabeCordo/DistributedFunctions/internal/targets/core/thread/helpers.go:800.2,801.9 2 0
github.com/GabeCordo/DistributedFunctions/internal/targets/core/thread/helpers.go:801.9,803.3 1 0
github.com/GabeCordo/DistributedFunctions/internal/targets/core/thread/helpers.go:805.2,805.41 1 0
github.com/GabeCordo/DistributedFunctions/internal/targets/core/thread/helpers.go:808.78,819.17 2 0
github.com/GabeCordo/DistributedFunctions/internal/targets/core/thread/helpers.go:819.17,821.3 1 0
github.com/GabeCordo/DistributedFunctions/internal/targets/core/thread/helpers.go:823.2,827.16 3 0
github.com/GabeCordo/DistributedFunctions/internal/targets/core/thread/helpers.go:827.16,829.3 1 0
github.com/GabeCordo/DistributedFunctions/internal/targets/core/thread/helpers.go:831.2,832.9 2 0
github.com/GabeCordo/DistributedFunctions/internal/targets/core/thread/helpers.go:832.9,834.3 1 0
github.com/GabeCordo/DistributedFunctions/internal/targets/core/thread/helpers.go:836.2,836.40 1 0
github.com/GabeCordo/DistributedFunctions/internal/targets/core/thread/helpers.go:839.100,851.17 2 0
github.com/GabeCordo/DistributedFunctions/internal/targets/core/thread/helpers.go:851.17,853.3 1 0
github.com/GabeCordo/DistributedFunctions/internal/targets/core/thread/helpers.go:855.2,859.16 3 0
github.com/GabeCordo/DistributedFunctions/internal/targets/core/thread/helpers.go:859.16,861.3 1 0
github.com/GabeCordo/DistributedFunctions/internal/targets/core/thread/helpers.go:861.9,863.3 0 0
github.com/GabeCordo/DistributedFunctions/internal/targets/core/thread/helpers.go:865.2,866.9 2 0
github.com/GabeCordo/DistributedFunctions/internal/targets/core/thread/helpers.go:866.9,868.3 1 0
github.com/GabeCordo/DistributedFunctions/internal/targets/core/thread/helpers.go:870.2,872.55 2 0
github.com/GabeCordo/DistributedFunctions/internal/targets/core/thread/helpers.go:875.76,886.17 2 0
github.com/GabeCordo/DistributedFunctions/internal/targets/core/thread/helpers.go:886.17,888.3 1 0
github.com/GabeCordo/DistributedFunctions/internal/targets/core/thread/helpers.go:890.2,894.16 3 0
github.com/GabeCordo/DistributedFunctions/internal/targets/core/thread/helpers.go:894.16,896.3 1 0
github.com/GabeCordo/DistributedFunctions/internal/targets/core/thread/helpers.go:898.2,899.9 2 0
github.com/GabeCordo/DistributedFunctions/internal/targets/core/thread/helpers.go:899.9,901.3 1 0
github.com/GabeCordo/DistributedFunctions/internal/targets/core/thread/helpers.go:903.2,903.25 1 0
github.com/GabeCordo/DistributedFunctions/internal/targets/core/thread/helpers.go:906.51,908.16 1 0
github.com/GabeCordo/DistributedFunctions/internal/targets/core/thread/helpers.go:908.16,910.3 1 0
github.com/GabeCordo/DistributedFunctions/internal/targets/core/thread/helpers.go:912.2,919.17 2 0
github.com/GabeCordo/DistributedFunctions/internal/targets/core/thread/helpers.go:919.17,921.3 1 0
github.com/GabeCordo/DistributedFunctions/internal/targets/core/thread/helpers.go:923.2,928.16 3 0
github.com/GabeCordo/DistributedFunctions/internal/targets/core/thread/helpers.go:928.16,930.3 1 0
github.com/GabeCordo/DistributedFunctions/internal/targets/core/thread/helpers.go:932.2,933.9 2 0
github.com/GabeCordo/DistributedFunctions/internal/targets/core/thread/helpers.go:933.9,935.3 1 0
github.com/GabeCordo/DistributedFunctions/internal/targets/core/thread/helpers.go:937.2,937.23 1 0
github.com/GabeCordo/DistributedFunctions/internal/targets/core/thread/helpers.go:940.89,951.17 3 0
github.com/GabeCordo/DistributedFunctions/internal/targets/core/thread/helpers.go:951.17,953.3 1 0
github.com/GabeCordo/DistributedFunctions/internal/targets/core/thread/helpers.go:955.2,958.16 3 0
github.com/GabeCordo/DistributedFunctions/internal/targets/core/thread/helpers.go:958.16,960.3 1 0
github.com/GabeCordo/DistributedFunctions/internal/targets/core/thread/helpers.go:962.2,963.9 2 0
github.com/GabeCordo/DistributedFunctions/internal/targets/core/thread/helpers.go:963.9,966.3 2 0
github.com/GabeCordo/DistributedFunctions/internal/targets/core/thread/helpers.go:968.2,969.9 2 0
github.com/GabeCordo/DistributedFunctions/internal/targets/core/thread/helpers.go:969.9,972.3 2 0
github.com/GabeCordo/DistributedFunctions/internal/targets/core/thread/helpers.go:974.2,974.18 1 0
github.com/GabeCordo/DistributedFunctions/internal/targets/core/thread/helpers.go:977.57,986.17 2 0
github.com/GabeCordo/DistributedFunctions/internal/targets/core/thread/helpers.go:986.17,988.3 1 0
github.com/GabeCordo/DistributedFunctions/internal/targets/core/thread/helpers.go:990.2,993.16 3 0
github.com/GabeCordo/DistributedFunctions/internal/targets/core/thread/helpers.go:993.16,995.3 1 0
github.com/GabeCordo/DistributedFunctions/internal/targets/core/thread/helpers.go:997.2,998.9 2 0
github.com/GabeCordo/DistributedFunctions/internal/targets/core/thread/helpers.go:998.9,1000.3 1 0
github.com/GabeCordo/DistributedFunctions/internal/targets/core/thread/helpers.go:1002.2,1002.23 1 0
github.com/GabeCordo/DistributedFunctions/internal/targets/core/thread/helpers.go:1005.68,1014.17 2 0
github.com/GabeCordo/DistributedFunctions/internal/targets/core/thread/helpers.go:1014.17,1016.3 1 0
github.com/GabeCordo/DistributedFunctions/internal/targets/core/thread/helpers.go:1018.2,1021.16 3 0
github.com/GabeCordo/DistributedFunctions/internal/targets/core/thread/helpers.go:1021.16,1023.3 1 0
github.com/GabeCordo/DistributedFunctions/internal/targets/core/thread/helpers.go:1025.2,1026.9 2 0
github.com/GabeCordo/DistributedFunctions/internal/targets/core/thread/helpers.go:1026.9,1028.3 1 0
github.com/GabeCordo/DistributedFunctions/internal/targets/core/thread/helpers.go:1030.2,1030.23 1 0
github.com/GabeCordo/DistributedFunctions/internal/targets/core/thread/helpers.go:1033.56,1041.17 2 0
github.com/GabeCordo/DistributedFunctions/internal/targets/core/thread/helpers.go:1041.17,1043.3 1 0
github.com/GabeCordo/DistributedFunctions/internal/targets/core/thread/helpers.go:1045.2,1048.16 3 0
github.com/GabeCordo/DistributedFunctions/internal/targets/core/thread/helpers.go:1048.16,1050.3 1 0
github.com/GabeCordo/DistributedFunctions/internal/targets/core/thread/helpers.go:1052.2,1053.9 2 0
github.com/GabeCordo/DistributedFunctions/internal/targets/core/thread/helpers.go:1053.9,1055.3 1 0
github.com/GabeCordo/DistributedFunctions/internal/targets/core/thread/helpers.go:1057.2,1058.9 2 0
github.com/GabeCordo/DistributedFunctions/internal/targets/core/thread/helpers.go:1058.9,1060.3 1 0
github.com/GabeCordo/DistributedFunctions/internal/targets/core/thread/helpers.go:1062.2,1062.29 1 0
github.com/GabeCordo/DistributedFunctions/internal/targets/core/thread/helpers.go:1065.60,1073.17 2 0
github.com/GabeCordo/DistributedFunctions/internal/targets/core/thread/helpers.go:1073.17,1075.3 1 0
github.com/GabeCordo/DistributedFunctions/internal/targets/core/thread/helpers.go:1077.2,1080.16 3 0
github.com/GabeCordo/DistributedFunctions/internal/targets/core/thread/helpers.go:1080.16,1082.3 1 0
github.com/GabeCordo/DistributedFunctions/internal/targets/core/thread/helpers.go:1084.2,1085.9 2 0
github.com/GabeCordo/DistributedFunctions/internal/targets/core/thread/helpers.go:1085.9,1087.3 1 0
github.com/GabeCordo/DistributedFunctions/internal/targets/core/thread/helpers.go:1089.2,1090.9 2 0
github.com/GabeCordo/DistributedFunctions/internal/targets/core/thread/helpers.go:1090.9,1092.3 1 0
github.com/GabeCordo/DistributedFunctions/internal/targets/core/thread/helpers.go:1094.2,1094.36 1 0
github.com/GabeCordo/DistributedFunctions/internal/targets/core/thread/helpers.go:1097.137,1100.20 2 0
github.com/GabeCordo/DistributedFunctions/internal/targets/core/thread/helpers.go:1100.20,1101.45 1 0
github.com/GabeCordo/DistributedFunctions/internal/targets/core/thread/helpers.go:1104.2,1118.17 7 0
github.com/GabeCordo/DistributedFunctions/internal/targets/core/thread/helpers.go:1118.17,1120.3 1 0
github.com/GabeCordo/DistributedFunctions/internal/targets/core/thread/helpers.go:1122.2,1122.17 1 0
github.com/GabeCordo/DistributedFunctions/internal/targets/core/thread/helpers.go:1125.104,1128.20 2 0
github.com/GabeCordo/DistributedFunctions/internal/targets/core/thread/helpers.go:1128.20,1129.45 1 0
github.com/GabeCordo/DistributedFunctions/internal/targets/core/thread/helpers.go:1132.2,1141.17 6 0
github.com/GabeCordo/DistributedFunctions/internal/targets/core/thread/helpers.go:1141.17,1143.3 1 0
github.com/GabeCordo/DistributedFunctions/internal/targets/core/thread/helpers.go:1145.2,1145.17 1 0
github.com/GabeCordo/DistributedFunctions/internal/targets/core/thread/helpers.go:1148.106,1151.20 2 0
github.com/GabeCordo/DistributedFunctions/internal/targets/core/thread/helpers.go:1151.20,1152.45 1 0
github.com/GabeCordo/DistributedFunctions/internal/targets/core/thread/helpers.go:1155.2,1164.17 6 0
github.com/GabeCordo/DistributedFunctions/internal/targets/core/thread/helpers.go:1164.17,1166.3 1 0
github.com/GabeCordo/DistributedFunctions/internal/targets/core/thread/helpers.go:1168.2,1168.17 1 0
github.com/GabeCordo/DistributedFunctions/internal/targets/core/thread/helpers.go:1171.176,1174.20 2 0
github.com/GabeCordo/DistributedFunctions/internal/targets/core/thread/helpers.go:1174.20,1175.45 1 0
github.com/GabeCordo/DistributedFunctions/internal/targets/core/thread/helpers.go:1178.2,1192.17 10 0
github.com/GabeCordo/DistributedFunctions/internal/targets/core/thread/helpers.go:1192.17,1194.3 1 0
github.com/GabeCordo/DistributedFunctions/internal/targets/core/thread/helpers.go:1201.2,1201.17 1 0
github.com/GabeCordo/DistributedFunctions/internal/targets/core/thread/helpers.go:1204.90,1207.20 2 0
github.com/GabeCordo/DistributedFunctions/internal/targets/core/thread/helpers.go:1207.20,1208.45 1 0
github.com/GabeCordo/DistributedFunctions/internal/targets/core/thread/helpers.go:1211.2,1218.17 7 0
github.com/GabeCordo/DistributedFunctions/internal/targets/core/thread/helpers.go:1218.17,1220.3 1 0
github.com/GabeCordo/DistributedFunctions/internal/targets/core/thread/helpers.go:1222.2,1222.17 1 0
github.com/GabeCordo/DistributedFunctions/internal/targets/core/thread/helpers.go:1225.84,1228.20 2 0
github.com/GabeCordo/DistributedFunctions/internal/targets/core/thread/helpers.go:1228.20,1229.45 1 0
github.com/GabeCordo/DistributedFunctions/internal/targets/core/thread/helpers.go:1232.2,1239.17 7 0
github.com/GabeCordo/DistributedFunctions/internal/targets/core/thread/helpers.go:1239.17,1241.3 1 0
github.com/GabeCordo/DistributedFunctions/internal/targets/core/thread/helpers.go:1243.2,1243.17 1 0
github.com/GabeCordo/DistributedFunctions/internal/targets/core/thread/helpers.go:1246.88,1256.17 7 0
github.com/GabeCordo/DistributedFunctions/internal/targets/core/thread/helpers.go:1256.17,1258.3 1 0
github.com/GabeCordo/DistributedFunctions/internal/targets/core/thread/helpers.go:1260.2,1260.17 1 0
github.com/GabeCordo/DistributedFunctions/internal/targets/core/thread/helpers.go:1263.96,1276.17 7 0
github.com/GabeCordo/DistributedFunctions/internal/targets/core/thread/helpers.go:1276.17,1278.3 1 0
github.com/GabeCordo/DistributedFunctions/internal/targets/core/thread/helpers.go:1280.2,1280.17 1 0
github.com/GabeCordo/DistributedFunctions/internal/targets/core/thread/helpers.go:1283.161,1305.17 9 0
github.com/GabeCordo/DistributedFunctions/internal/targets/core/thread/helpers.go:1305.17,1307.3 1 0
github.com/GabeCordo/DistributedFunctions/internal/targets/core/thread/helpers.go:1309.2,1309.17 1 0
github.com/GabeCordo/DistributedFunctions/internal/targets/core/thread/helpers.go:1312.116,1327.17 8 0
github.com/GabeCordo/DistributedFunctions/internal/targets/core/thread/helpers.go:1327.17,1329.3 1 0
github.com/GabeCordo/DistributedFunctions/internal/targets/core/thread/helpers.go:1331.2,1331.13 1 0
github.com/GabeCordo/DistributedFunctions/internal/targets/core/thread/helpers.go:1334.93,1347.17 6 0
github.com/GabeCordo/DistributedFunctions/internal/targets/core/thread/helpers.go:1347.17,1349.3 1 0
github.com/GabeCordo/DistributedFunctions/internal/targets/core/thread/helpers.go:1351.2,1351.17 1 0
github.com/GabeCordo/DistributedFunctions/internal/targets/core/thread/helpers.go:1356.33,1370.17 7 0
github.com/GabeCordo/DistributedFunctions/internal/targets/core/thread/helpers.go:1370.17,1372.3 1 0
github.com/GabeCordo/DistributedFunctions/internal/targets/core/thread/helpers.go:1374.2,1374.17 1 0
github.com/GabeCordo/DistributedFunctions/internal/targets/core/thread/helpers.go:1377.122,1389.17 6 0
github.com/GabeCordo/DistributedFunctions/internal/targets/core/thread/helpers.go:1389.17,1391.3 1 0
github.com/GabeCordo/DistributedFunctions/internal/targets/core/thread/helpers.go:1393.2,1393.17 1 0
github.com/GabeCordo/DistributedFunctions/internal/targets/core/thread/helpers.go:1396.112,1408.17 6 0
github.com/GabeCordo/DistributedFunctions/internal/targets/core/thread/helpers.go:1408.17,1410.3 1 0
github.com/GabeCordo/DistributedFunctions/internal/targets/core/thread/helpers.go:1412.2,1412.17 1 0
github.com/GabeCordo/DistributedFunctions/internal/targets/core/thread/thread.go:127.42,134.2 1 0
github.com/GabeCordo/DistributedFunctions/internal/targets/core/thread/thread.go:146.44,155.2 1 0
github.com/GabeCordo/DistributedFunctions/internal/targets/core/thread/thread.go:215.41,217.20 2 0
github.com/GabeCordo/DistributedFunctions/internal/targets/core/thread/thread.go:217.20,218.53 1 0
github.com/GabeCordo/DistributedFunctions/internal/targets/core/thread/thread.go:220.2,221.16 2 0
github.com/GabeCordo/DistributedFunctions/internal/targets/core/thread/thread.go:224.43,226.21 2 0
github.com/GabeCordo/DistributedFunctions/internal/targets/core/thread/thread.go:226.21,227.54 1 0
github.com/GabeCordo/DistributedFunctions/internal/targets/core/thread/thread.go:229.2,230.17 2 0
github.com/GabeCordo/DistributedFunctions/internal/targets/core/thread/thread.go:233.57,238.2 3 0
github.com/GabeCordo/DistributedFunctions/internal/targets/core/thread/messenger/handlers.go:11.71,14.22 2 0
github.com/GabeCordo/DistributedFunctions/internal/targets/core/thread/messenger/handlers.go:15.31,16.28 1 0
github.com/GabeCordo/DistributedFunctions/internal/targets/core/thread/messenger/handlers.go:17.31,18.29 1 0
github.com/GabeCordo/DistributedFunctions/internal/targets/core/thread/messenger/handlers.go:19.10,20.27 1 0
github.com/GabeCordo/DistributedFunctions/internal/targets/core/thread/messenger/handlers.go:23.2,24.9 2 0
github.com/GabeCordo/DistributedFunctions/internal/targets/core/thread/messenger/handlers.go:24.9,26.3 1 0
github.com/GabeCordo/DistributedFunctions/internal/targets/core/thread/messenger/handlers.go:28.2,39.12 2 0
github.com/GabeCordo/DistributedFunctions/internal/targets/core/thread/messenger/handlers.go:42.72,62.48 3 0
github.com/GabeCordo/DistributedFunctions/internal/targets/core/thread/messenger/handlers.go:62.48,64.3 1 0
github.com/GabeCordo/DistributedFunctions/internal/targets/core/thread/messenger/handlers.go:66.2,66.12 1 0
github.com/GabeCordo/DistributedFunctions/internal/targets/core/thread/messenger/thread.go:9.26,12.2 1 0
github.com/GabeCordo/DistributedFunctions/internal/targets/core/thread/messenger/thread.go:14.26,19.6 3 0
github.com/GabeCordo/DistributedFunctions/internal/targets/core/thread/messenger/thread.go:19.6,20.10 1 0
github.com/GabeCordo/DistributedFunctions/internal/targets/core/thread/messenger/thread.go:21.31,22.4 1 0
github.com/GabeCordo/DistributedFunctions/internal/targets/core/thread/messenger/thread.go:22.4,24.20 2 0
github.com/GabeCordo/DistributedFunctions/internal/targets/core/thread/messenger/thread.go:24.20,27.6 2 0
github.com/GabeCordo/DistributedFunctions/internal/targets/core/thread/messenger/thread.go:29.32,30.4 1 0
github.com/GabeCordo/DistributedFunctions/internal/targets/core/thread/messenger/thread.go:30.4,32.20 2 0
github.com/GabeCordo/DistributedFunctions/internal/targets/core/thread/messenger/thread.go:32.20,35.6 2 0
github.com/GabeCordo/DistributedFunctions/internal/targets/core/thread/messenger/thread.go:37.32,38.4 1 0
github.com/GabeCordo/DistributedFunctions/internal/targets/core/thread/messenger/thread.go:38.4,40.5 1 0
github.com/GabeCordo/DistributedFunctions/internal/targets/core/thread/messenger/thread.go:41.27,42.4 1 0
github.com/GabeCordo/DistributedFunctions/internal/targets/core/thread/messenger/thread.go:42.4,44.10 1 0
github.com/GabeCordo/DistributedFunctions/internal/targets/core/thread/messenger/thread.go:47.3,47.13 1 0
github.com/GabeCordo/DistributedFunctions/internal/targets/core/thread/messenger/thread.go:51.85,55.17 2 0
github.com/GabeCordo/DistributedFunctions/internal/targets/core/thread/messenger/thread.go:55.17,57.3 1 0
github.com/GabeCordo/DistributedFunctions/internal/targets/core/thread/messenger/thread.go:59.2,59.24 1 0
github.com/GabeCordo/DistributedFunctions/internal/targets/core/thread/messenger/thread.go:60.24,61.3 1 0
github.com/GabeCordo/DistributedFunctions/internal/targets/core/thread/messenger/thread.go:61.3,62.24 1 0
github.com/GabeCordo/DistributedFunctions/internal/targets/core/thread/messenger/thread.go:63.27,64.5 1 0
github.com/GabeCordo/DistributedFunctions/internal/targets/core/thread/messenger/thread.go:64.5,67.6 1 0
github.com/GabeCordo/DistributedFunctions/internal/targets/core/thread/messenger/thread.go:68.12,69.5 1 0
github.com/GabeCordo/DistributedFunctions/internal/targets/core/thread/messenger/thread.go:69.5,71.6 1 0
github.com/GabeCordo/DistributedFunctions/internal/targets/core/thread/messenger/thread.go:74.26,75.3 1 0
github.com/GabeCordo/DistributedFunctions/internal/targets/core/thread/messenger/thread.go:75.3,77.4 1 0
github.com/GabeCordo/DistributedFunctions/internal/targets/core/thread/messenger/thread.go:78.10,79.3 1 0
github.com/GabeCordo/DistributedFunctions/internal/targets/core/thread/messenger/thread.go:79.3,81.4 1 0
github.com/GabeCordo/DistributedFunctions/internal/targets/core/thread/messenger/thread.go:84.2,87.17 4 0
github.com/GabeCordo/DistributedFunctions/internal/targets/core/thread/messenger/thread.go:90.29,94.2 1 0
github.com/GabeCordo/DistributedFunctions/internal/targets/core/thread/messenger/types.go:42.117,46.16 3 0
github.com/GabeCordo/DistributedFunctions/internal/targets/core/thread/messenger/types.go:46.16,48.3 1 0
github.com/GabeCordo/DistributedFunctions/internal/targets/core/thread/messenger/types.go:49.2,52.9 3 0
github.com/GabeCordo/DistributedFunctions/internal/targets/core/thread/messenger/types.go:52.9,54.3 1 0
github.com/GabeCordo/DistributedFunctions/internal/targets/core/thread/messenger/types.go:55.2,56.9 2 0
github.com/GabeCordo/DistributedFunctions/internal/targets/core/thread/messenger/types.go:56.9,58.3 1 0
github.com/GabeCordo/DistributedFunctions/internal/targets/core/thread/messenger/types.go:59.2,60.9 2 0
github.com/GabeCordo/DistributedFunctions/internal/targets/core/thread/messenger/types.go:60.9,62.3 1 0
github.com/GabeCordo/DistributedFunctions/internal/targets/core/thread/messenger/types.go:63.2,64.9 2 0
github.com/GabeCordo/DistributedFunctions/internal/targets/core/thread/messenger/types.go:64.9,66.3 1 0
github.com/GabeCordo/DistributedFunctions/internal/targets/core/thread/messenger/types.go:67.2,68.9 2 0
github.com/GabeCordo/DistributedFunctions/internal/targets/core/thread/messenger/types.go:68.9,70.3 1 0
github.com/GabeCordo/DistributedFunctions/internal/targets/core/thread/messenger/types.go:71.2,72.9 2 0
github.com/GabeCordo/DistributedFunctions/internal/targets/core/thread/messenger/types.go:72.9,74.3 1 0
github.com/GabeCordo/DistributedFunctions/internal/targets/core/thread/messenger/types.go:75.2,77.19 2 0
github.com/GabeCordo/DistributedFunctions/internal/targets/core/thread/messenger/types.go:77.19,79.3 1 0
github.com/GabeCordo/DistributedFunctions/internal/targets/core/thread/messenger/types.go:80.2,85.16 4 0
github.com/GabeCordo/DistributedFunctions/internal/targets/core/thread/processor/handlers.go:17.90,22.2 3 0
github.com/GabeCordo/DistributedFunctions/internal/targets/core/thread/processor/handlers.go:24.87,29.2 3 0
github.com/GabeCordo/DistributedFunctions/internal/targets/core/thread/processor/handlers.go:31.90,36.2 3 0
github.com/GabeCordo/DistributedFunctions/internal/targets/core/thread/processor/handlers.go:38.84,58.2 2 0
github.com/GabeCordo/DistributedFunctions/internal/targets/core/thread/processor/handlers.go:64.87,72.2 2 0
github.com/GabeCordo/DistributedFunctions/internal/targets/core/thread/processor/handlers.go:78.93,83.9 3 0
github.com/GabeCordo/DistributedFunctions/internal/targets/core/thread/processor/handlers.go:83.9,87.3 3 0
github.com/GabeCordo/DistributedFunctions/internal/targets/core/thread/processor/handlers.go:89.2,90.48 2 0
github.com/GabeCordo/DistributedFunctions/internal/targets/core/thread/processor/handlers.go:93.90,98.9 3 0
github.com/GabeCordo/DistributedFunctions/internal/targets/core/thread/processor/handlers.go:98.9,102.3 3 0
github.com/GabeCordo/DistributedFunctions/internal/targets/core/thread/processor/handlers.go:104.2,105.48 2 0
github.com/GabeCordo/DistributedFunctions/internal/targets/core/thread/processor/handlers.go:108.87,114.2 2 0
github.com/GabeCordo/DistributedFunctions/internal/targets/core/thread/processor/handlers.go:120.93,125.9 3 0
github.com/GabeCordo/DistributedFunctions/internal/targets/core/thread/processor/handlers.go:125.9,129.3 3 0
github.com/GabeCordo/DistributedFunctions/internal/targets/core/thread/processor/handlers.go:131.2,132.48 2 0
github.com/GabeCordo/DistributedFunctions/internal/targets/core/thread/processor/handlers.go:135.90,140.2 3 0
github.com/GabeCordo/DistributedFunctions/internal/targets/core/thread/processor/handlers.go:142.87,146.2 2 0
github.com/GabeCordo/DistributedFunctions/internal/targets/core/thread/processor/handlers.go:152.87,156.2 2 0
github.com/GabeCordo/DistributedFunctions/internal/targets/core/thread/processor/handlers.go:162.89,167.2 3 0
github.com/GabeCordo/DistributedFunctions/internal/targets/core/thread/processor/handlers.go:169.91,174.2 3 0
github.com/GabeCordo/DistributedFunctions/internal/targets/core/thread/processor/handlers.go:180.91,185.2 3 0
github.com/GabeCordo/DistributedFunctions/internal/targets/core/thread/processor/handlers.go:187.93,192.2 3 0
github.com/GabeCordo/DistributedFunctions/internal/targets/core/thread/processor/handlers.go:198.84,202.2 2 0
github.com/GabeCordo/DistributedFunctions/internal/targets/core/thread/processor/handlers.go:208.102,210.28 1 0
github.com/GabeCordo/DistributedFunctions/internal/targets/core/thread/processor/handlers.go:210.28,216.3 5 0
github.com/GabeCordo/DistributedFunctions/internal/targets/core/thread/processor/handlers.go:218.2,219.9 2 0
github.com/GabeCordo/DistributedFunctions/internal/targets/core/thread/processor/handlers.go:219.9,225.3 5 0
github.com/GabeCordo/DistributedFunctions/internal/targets/core/thread/processor/handlers.go:227.2,230.28 4 0
github.com/GabeCordo/DistributedFunctions/internal/targets/core/thread/processor/handlers.go:230.28,234.3 2 0
github.com/GabeCordo/DistributedFunctions/internal/targets/core/thread/processor/handlers.go:234.8,237.3 2 0
github.com/GabeCordo/DistributedFunctions/internal/targets/core/thread/processor/handlers.go:240.100,244.28 3 0
github.com/GabeCordo/DistributedFunctions/internal/targets/core/thread/processor/handlers.go:244.28,246.3 1 0
github.com/GabeCordo/DistributedFunctions/internal/targets/core/thread/processor/handlers.go:246.8,249.3 2 0
github.com/GabeCordo/DistributedFunctions/internal/targets/core/thread/processor/handlers.go:250.2,250.37 1 0
github.com/GabeCordo/DistributedFunctions/internal/targets/core/thread/processor/handlers.go:253.104,257.28 3 0
github.com/GabeCordo/DistributedFunctions/internal/targets/core/thread/processor/handlers.go:257.28,259.3 1 0
github.com/GabeCordo/DistributedFunctions/internal/targets/core/thread/processor/handlers.go:259.8,261.3 1 0
github.com/GabeCordo/DistributedFunctions/internal/targets/core/thread/processor/handlers.go:262.2,262.37 1 0
github.com/GabeCordo/DistributedFunctions/internal/targets/core/thread/processor/handlers.go:265.104,270.2 3 0
github.com/GabeCordo/DistributedFunctions/internal/targets/core/thread/processor/handlers.go:272.104,279.2 3 0
github.com/GabeCordo/DistributedFunctions/internal/targets/core/thread/processor/handlers.go:281.98,286.2 3 0
github.com/GabeCordo/DistributedFunctions/internal/targets/core/thread/processor/handlers.go:288.98,296.2 5 0
github.com/GabeCordo/DistributedFunctions/internal/targets/core/thread/processor/thread.go:9.26,12.2 1 0
github.com/GabeCordo/DistributedFunctions/internal/targets/core/thread/processor/thread.go:14.26,20.6 4 0
github.com/GabeCordo/DistributedFunctions/internal/targets/core/thread/processor/thread.go:20.6,21.10 1 0
github.com/GabeCordo/DistributedFunctions/internal/targets/core/thread/processor/thread.go:22.31,23.4 1 0
github.com/GabeCordo/DistributedFunctions/internal/targets/core/thread/processor/thread.go:23.4,25.20 2 0
github.com/GabeCordo/DistributedFunctions/internal/targets/core/thread/processor/thread.go:25.20,28.6 2 0
github.com/GabeCordo/DistributedFunctions/internal/targets/core/thread/processor/thread.go:30.31,31.4 1 0
github.com/GabeCordo/DistributedFunctions/internal/targets/core/thread/processor/thread.go:31.4,33.20 2 0
github.com/GabeCordo/DistributedFunctions/internal/targets/core/thread/processor/thread.go:33.20,36.6 2 0
github.com/GabeCordo/DistributedFunctions/internal/targets/core/thread/processor/thread.go:38.32,39.4 1 0
github.com/GabeCordo/DistributedFunctions/internal/targets/core/thread/processor/thread.go:39.4,41.20 2 0
github.com/GabeCordo/DistributedFunctions/internal/targets/core/thread/processor/thread.go:41.20,44.6 2 0
github.com/GabeCordo/DistributedFunctions/internal/targets/core/thread/processor/thread.go:46.32,47.4 1 0
github.com/GabeCordo/DistributedFunctions/internal/targets/core/thread/processor/thread.go:47.4,50.11 3 0
github.com/GabeCordo/DistributedFunctions/internal/targets/core/thread/processor/thread.go:50.11,52.6 1 0
github.com/GabeCordo/DistributedFunctions/internal/targets/core/thread/processor/thread.go:54.32,55.4 1 0
github.com/GabeCordo/DistributedFunctions/internal/targets/core/thread/processor/thread.go:55.4,58.11 3 0
github.com/GabeCordo/DistributedFunctions/internal/targets/core/thread/processor/thread.go:58.11,60.6 1 0
github.com/GabeCordo/DistributedFunctions/internal/targets/core/thread/processor/thread.go:62.27,63.4 1 0
github.com/GabeCordo/DistributedFunctions/internal/targets/core/thread/processor/thread.go:63.4,65.10 1 0
github.com/GabeCordo/DistributedFunctions/internal/targets/core/thread/processor/thread.go:68.3,68.13 1 0
github.com/GabeCordo/DistributedFunctions/internal/targets/core/thread/processor/thread.go:72.83,78.24 4 0
github.com/GabeCordo/DistributedFunctions/internal/targets/core/thread/processor/thread.go:79.25,80.28 1 0
github.com/GabeCordo/DistributedFunctions/internal/targets/core/thread/processor/thread.go:81.21,82.28 1 0
github.com/GabeCordo/DistributedFunctions/internal/targets/core/thread/processor/thread.go:83.24,84.29 1 0
github.com/GabeCordo/DistributedFunctions/internal/targets/core/thread/processor/thread.go:85.10,85.10 0 0
github.com/GabeCordo/DistributedFunctions/internal/targets/core/thread/processor/thread.go:90.85,94.17 2 0
github.com/GabeCordo/DistributedFunctions/internal/targets/core/thread/processor/thread.go:94.17,96.3 1 0
github.com/GabeCordo/DistributedFunctions/internal/targets/core/thread/processor/thread.go:98.2,98.24 1 0
github.com/GabeCordo/DistributedFunctions/internal/targets/core/thread/processor/thread.go:99.24,100.3 1 0
github.com/GabeCordo/DistributedFunctions/internal/targets/core/thread/processor/thread.go:100.3,101.24 1 0
github.com/GabeCordo/DistributedFunctions/internal/targets/core/thread/processor/thread.go:102.32,103.5 1 0
github.com/GabeCordo/DistributedFunctions/internal/targets/core/thread/processor/thread.go:103.5,105.6 1 0
github.com/GabeCordo/DistributedFunctions/internal/targets/core/thread/processor/thread.go:106.29,107.5 1 0
github.com/GabeCordo/DistributedFunctions/internal/targets/core/thread/processor/thread.go:107.5,109.6 1 0
github.com/GabeCordo/DistributedFunctions/internal/targets/core/thread/processor/thread.go:110.31,111.5 1 0
github.com/GabeCordo/DistributedFunctions/internal/targets/core/thread/processor/thread.go:111.5,113.6 1 0
github.com/GabeCordo/DistributedFunctions/internal/targets/core/thread/processor/thread.go:114.26,115.5 1 0
github.com/GabeCordo/DistributedFunctions/internal/targets/core/thread/processor/thread.go:115.5,117.6 1 0
github.com/GabeCordo/DistributedFunctions/internal/targets/core/thread/processor/thread.go:118.12,119.5 1 0
github.com/GabeCordo/DistributedFunctions/internal/targets/core/thread/processor/thread.go:119.5,121.6 1 0
github.com/GabeCordo/DistributedFunctions/internal/targets/core/thread/processor/thread.go:124.26,125.3 1 0
github.com/GabeCordo/DistributedFunctions/internal/targets/core/thread/processor/thread.go:125.3,126.24 1 0
github.com/GabeCordo/DistributedFunctions/internal/targets/core/thread/processor/thread.go:127.26,128.5 1 0
github.com/GabeCordo/DistributedFunctions/internal/targets/core/thread/processor/thread.go:128.5,130.6 1 0
github.com/GabeCordo/DistributedFunctions/internal/targets/core/thread/processor/thread.go:131.12,132.5 1 0
github.com/GabeCordo/DistributedFunctions/internal/targets/core/thread/processor/thread.go:132.5,134.6 1 0
github.com/GabeCordo/DistributedFunctions/internal/targets/core/thread/processor/thread.go:137.27,138.3 1 0
github.com/GabeCordo/DistributedFunctions/internal/targets/core/thread/processor/thread.go:138.3,139.24 1 0
github.com/GabeCordo/DistributedFunctions/internal/targets/core/thread/processor/thread.go:140.32,141.5 1 0
github.com/GabeCordo/DistributedFunctions/internal/targets/core/thread/processor/thread.go:141.5,143.6 1 0
github.com/GabeCordo/DistributedFunctions/internal/targets/core/thread/processor/thread.go:144.29,145.5 1 0
github.com/GabeCordo/DistributedFunctions/internal/targets/core/thread/processor/thread.go:145.5,147.6 1 0
github.com/GabeCordo/DistributedFunctions/internal/targets/core/thread/processor/thread.go:148.26,149.5 1 0
github.com/GabeCordo/DistributedFunctions/internal/targets/core/thread/processor/thread.go:149.5,151.6 1 0
github.com/GabeCordo/DistributedFunctions/internal/targets/core/thread/processor/thread.go:152.12,153.5 1 0
github.com/GabeCordo/DistributedFunctions/internal/targets/core/thread/processor/thread.go:153.5,155.6 1 0
github.com/GabeCordo/DistributedFunctions/internal/targets/core/thread/processor/thread.go:158.27,159.3 1 0
github.com/GabeCordo/DistributedFunctions/internal/targets/core/thread/processor/thread.go:159.3,160.24 1 0
github.com/GabeCordo/DistributedFunctions/internal/targets/core/thread/processor/thread.go:161.32,162.5 1 0
github.com/GabeCordo/DistributedFunctions/internal/targets/core/thread/processor/thread.go:162.5,164.6 1 0
github.com/GabeCordo/DistributedFunctions/internal/targets/core/thread/processor/thread.go:165.29,166.5 1 0
github.com/GabeCordo/DistributedFunctions/internal/targets/core/thread/processor/thread.go:166.5,168.6 1 0
github.com/GabeCordo/DistributedFunctions/internal/targets/core/thread/processor/thread.go:169.26,170.5 1 0
github.com/GabeCordo/DistributedFunctions/internal/targets/core/thread/processor/thread.go:170.5,172.6 1 0
github.com/GabeCordo/DistributedFunctions/internal/targets/core/thread/processor/thread.go:173.12,174.5 1 0
github.com/GabeCordo/DistributedFunctions/internal/targets/core/thread/processor/thread.go:174.5,176.6 1 0
github.com/GabeCordo/DistributedFunctions/internal/targets/core/thread/processor/thread.go:179.27,180.3 1 0
github.com/GabeCordo/DistributedFunctions/internal/targets/core/thread/processor/thread.go:180.3,181.24 1 0
github.com/GabeCordo/DistributedFunctions/internal/targets/core/thread/processor/thread.go:182.26,183.5 1 0
github.com/GabeCordo/DistributedFunctions/internal/targets/core/thread/processor/thread.go:183.5,185.6 1 0
github.com/GabeCordo/DistributedFunctions/internal/targets/core/thread/processor/thread.go:186.12,187.5 1 0
github.com/GabeCordo/DistributedFunctions/internal/targets/core/thread/processor/thread.go:187.5,189.6 1 0
github.com/GabeCordo/DistributedFunctions/internal/targets/core/thread/processor/thread.go:192.26,193.3 1 0
github.com/GabeCordo/DistributedFunctions/internal/targets/core/thread/processor/thread.go:193.3,194.24 1 0
github.com/GabeCordo/DistributedFunctions/internal/targets/core/thread/processor/thread.go:195.29,196.5 1 0
github.com/GabeCordo/DistributedFunctions/internal/targets/core/thread/processor/thread.go:196.5,198.6 1 0
github.com/GabeCordo/DistributedFunctions/internal/targets/core/thread/processor/thread.go:199.31,200.5 1 0
github.com/GabeCordo/DistributedFunctions/internal/targets/core/thread/processor/thread.go:200.5,202.6 1 0
github.com/GabeCordo/DistributedFunctions/internal/targets/core/thread/processor/thread.go:203.12,204.5 1 0
github.com/GabeCordo/DistributedFunctions/internal/targets/core/thread/processor/thread.go:204.5,206.6 1 0
github.com/GabeCordo/DistributedFunctions/internal/targets/core/thread/processor/thread.go:209.28,210.3 1 0
github.com/GabeCordo/DistributedFunctions/internal/targets/core/thread/processor/thread.go:210.3,211.24 1 0
github.com/GabeCordo/DistributedFunctions/internal/targets/core/thread/processor/thread.go:212.29,213.5 1 0
github.com/GabeCordo/DistributedFunctions/internal/targets/core/thread/processor/thread.go:213.5,215.6 1 0
github.com/GabeCordo/DistributedFunctions/internal/targets/core/thread/processor/thread.go:216.31,217.5 1 0
github.com/GabeCordo/DistributedFunctions/internal/targets/core/thread/processor/thread.go:217.5,219.6 1 0
github.com/GabeCordo/DistributedFunctions/internal/targets/core/thread/processor/thread.go:220.12,221.5 1 0
github.com/GabeCordo/DistributedFunctions/internal/targets/core/thread/processor/thread.go:221.5,223.6 1 0
github.com/GabeCordo/DistributedFunctions/internal/targets/core/thread/processor/thread.go:226.24,227.3 1 0
github.com/GabeCordo/DistributedFunctions/internal/targets/core/thread/processor/thread.go:227.3,228.24 1 0
github.com/GabeCordo/DistributedFunctions/internal/targets/core/thread/processor/thread.go:229.26,230.5 1 0
github.com/GabeCordo/DistributedFunctions/internal/targets/core/thread/processor/thread.go:230.5,232.6 1 0
github.com/GabeCordo/DistributedFunctions/internal/targets/core/thread/processor/thread.go:233.12,234.5 1 0
github.com/GabeCordo/DistributedFunctions/internal/targets/core/thread/processor/thread.go:234.5,236.6 1 0
github.com/GabeCordo/DistributedFunctions/internal/targets/core/thread/processor/thread.go:239.10,240.3 1 0
github.com/GabeCordo/DistributedFunctions/internal/targets/core/thread/processor/thread.go:240.3,242.4 1 0
github.com/GabeCordo/DistributedFunctions/internal/targets/core/thread/processor/thread.go:245.2,245.16 1 0
github.com/GabeCordo/DistributedFunctions/internal/targets/core/thread/processor/thread.go:245.16,248.3 2 0
github.com/GabeCordo/DistributedFunctions/internal/targets/core/thread/processor/thread.go:251.2,251.21 1 0
github.com/GabeCordo/DistributedFunctions/internal/targets/core/thread/processor/thread.go:251.21,253.3 1 0
github.com/GabeCordo/DistributedFunctions/internal/targets/core/thread/processor/thread.go:255.2,255.17 1 0
github.com/GabeCordo/DistributedFunctions/internal/targets/core/thread/processor/thread.go:258.87,260.17 1 0
github.com/GabeCordo/DistributedFunctions/internal/targets/core/thread/processor/thread.go:260.17,262.3 1 0
github.com/GabeCordo/DistributedFunctions/internal/targets/core/thread/processor/thread.go:264.2,264.26 1 0
github.com/GabeCordo/DistributedFunctions/internal/targets/core/thread/processor/thread.go:265.23,266.3 1 0
github.com/GabeCordo/DistributedFunctions/internal/targets/core/thread/processor/thread.go:266.3,267.28 1 0
github.com/GabeCordo/DistributedFunctions/internal/targets/core/thread/processor/thread.go:268.26,269.5 1 0
github.com/GabeCordo/DistributedFunctions/internal/targets/core/thread/processor/thread.go:269.5,270.28 1 0
github.com/GabeCordo/DistributedFunctions/internal/targets/core/thread/processor/thread.go:271.33,272.7 1 0
github.com/GabeCordo/DistributedFunctions/internal/targets/core/thread/processor/thread.go:272.7,274.8 1 0
github.com/GabeCordo/DistributedFunctions/internal/targets/core/thread/processor/thread.go:275.14,276.7 1 0
github.com/GabeCordo/DistributedFunctions/internal/targets/core/thread/processor/thread.go:276.8,278.8 0 0
github.com/GabeCordo/DistributedFunctions/internal/targets/core/thread/processor/thread.go:281.12,282.5 1 0
github.com/GabeCordo/DistributedFunctions/internal/targets/core/thread/processor/thread.go:282.6,284.6 0 0
github.com/GabeCordo/DistributedFunctions/internal/targets/core/thread/processor/thread.go:287.21,288.3 1 0
github.com/GabeCordo/DistributedFunctions/internal/targets/core/thread/processor/thread.go:288.3,289.28 1 0
github.com/GabeCordo/DistributedFunctions/internal/targets/core/thread/processor/thread.go:290.29,291.5 1 0
github.com/GabeCordo/DistributedFunctions/internal/targets/core/thread/processor/thread.go:291.5,292.28 1 0
github.com/GabeCordo/DistributedFunctions/internal/targets/core/thread/processor/thread.go:293.28,294.7 1 0
github.com/GabeCordo/DistributedFunctions/internal/targets/core/thread/processor/thread.go:294.7,296.8 1 0
github.com/GabeCordo/DistributedFunctions/internal/targets/core/thread/processor/thread.go:297.14,298.7 1 0
github.com/GabeCordo/DistributedFunctions/internal/targets/core/thread/processor/thread.go:298.8,300.8 0 0
github.com/GabeCordo/DistributedFunctions/internal/targets/core/thread/processor/thread.go:303.29,304.27 1 0
github.com/GabeCordo/DistributedFunctions/internal/targets/core/thread/processor/thread.go:305.27,306.6 1 0
github.com/GabeCordo/DistributedFunctions/internal/targets/core/thread/processor/thread.go:306.6,308.7 1 0
github.com/GabeCordo/DistributedFunctions/internal/targets/core/thread/processor/thread.go:309.13,310.6 1 0
github.com/GabeCordo/DistributedFunctions/internal/targets/core/thread/processor/thread.go:310.7,312.7 0 0
github.com/GabeCordo/DistributedFunctions/internal/targets/core/thread/processor/thread.go:314.29,315.5 1 0
github.com/GabeCordo/DistributedFunctions/internal/targets/core/thread/processor/thread.go:315.5,316.28 1 0
github.com/GabeCordo/DistributedFunctions/internal/targets/core/thread/processor/thread.go:317.28,318.7 1 0
github.com/GabeCordo/DistributedFunctions/internal/targets/core/thread/processor/thread.go:318.7,320.8 1 0
github.com/GabeCordo/DistributedFunctions/internal/targets/core/thread/processor/thread.go:321.14,322.7 1 0
github.com/GabeCordo/DistributedFunctions/internal/targets/core/thread/processor/thread.go:322.8,324.8 0 0
github.com/GabeCordo/DistributedFunctions/internal/targets/core/thread/processor/thread.go:327.26,328.5 1 0
github.com/GabeCordo/DistributedFunctions/internal/targets/core/thread/processor/thread.go:328.5,329.28 1 0
github.com/GabeCordo/DistributedFunctions/internal/targets/core/thread/processor/thread.go:330.28,331.7 1 0
github.com/GabeCordo/DistributedFunctions/internal/targets/core/thread/processor/thread.go:331.7,333.8 1 0
github.com/GabeCordo/DistributedFunctions/internal/targets/core/thread/processor/thread.go:334.14,335.7 1 0
github.com/GabeCordo/DistributedFunctions/internal/targets/core/thread/processor/thread.go:335.8,337.8 0 0
github.com/GabeCordo/DistributedFunctions/internal/targets/core/thread/processor/thread.go:340.26,341.5 1 0
github.com/GabeCordo/DistributedFunctions/internal/targets/core/thread/processor/thread.go:341.5,342.28 1 0
github.com/GabeCordo/DistributedFunctions/internal/targets/core/thread/processor/thread.go:343.28,344.7 1 0
github.com/GabeCordo/DistributedFunctions/internal/targets/core/thread/processor/thread.go:344.7,346.8 1 0
github.com/GabeCordo/DistributedFunctions/internal/targets/core/thread/processor/thread.go:347.14,348.7 1 0
github.com/GabeCordo/DistributedFunctions/internal/targets/core/thread/processor/thread.go:348.8,350.8 0 0
github.com/GabeCordo/DistributedFunctions/internal/targets/core/thread/processor/thread.go:353.28,354.5 1 0
github.com/GabeCordo/DistributedFunctions/internal/targets/core/thread/processor/thread.go:354.5,355.28 1 0
github.com/GabeCordo/DistributedFunctions/internal/targets/core/thread/processor/thread.go:356.28,357.7 1 0
github.com/GabeCordo/DistributedFunctions/internal/targets/core/thread/processor/thread.go:357.7,359.8 1 0
github.com/GabeCordo/DistributedFunctions/internal/targets/core/thread/processor/thread.go:360.14,361.7 1 0
github.com/GabeCordo/DistributedFunctions/internal/targets/core/thread/processor/thread.go:361.8,363.8 0 0
github.com/GabeCordo/DistributedFunctions/internal/targets/core/thread/processor/thread.go:366.12,367.5 1 0
github.com/GabeCordo/DistributedFunctions/internal/targets/core/thread/processor/thread.go:367.6,369.6 0 0
github.com/GabeCordo/DistributedFunctions/internal/targets/core/thread/processor/thread.go:372.10,373.3 1 0
github.com/GabeCordo/DistributedFunctions/internal/targets/core/thread/processor/thread.go:373.4,375.4 0 0
github.com/GabeCordo/DistributedFunctions/internal/targets/core/thread/processor/thread.go:379.29,383.2 1 0
github.com/GabeCordo/DistributedFunctions/internal/targets/core/thread/processor/types.go:50.110,53.16 2 0
github.com/GabeCordo/DistributedFunctions/internal/targets/core/thread/processor/types.go:53.16,55.3 1 0
github.com/GabeCordo/DistributedFunctions/internal/targets/core/thread/processor/types.go:56.2,58.19 2 0
github.com/GabeCordo/DistributedFunctions/internal/targets/core/thread/processor/types.go:58.19,60.3 1 0
github.com/GabeCordo/DistributedFunctions/internal/targets/core/thread/processor/types.go:60.8,62.3 1 0
github.com/GabeCordo/DistributedFunctions/internal/targets/core/thread/processor/types.go:64.2,69.9 4 0
github.com/GabeCordo/DistributedFunctions/internal/targets/core/thread/processor/types.go:69.9,71.3 1 0
github.com/GabeCordo/DistributedFunctions/internal/targets/core/thread/processor/types.go:73.2,74.9 2 0
github.com/GabeCordo/DistributedFunctions/internal/targets/core/thread/processor/types.go:74.9,76.3 1 0
github.com/GabeCordo/DistributedFunctions/internal/targets/core/thread/processor/types.go:78.2,79.9 2 0
github.com/GabeCordo/DistributedFunctions/internal/targets/core/thread/processor/types.go:79.9,81.3 1 0
github.com/GabeCordo/DistributedFunctions/internal/targets/core/thread/processor/types.go:83.2,84.9 2 0
github.com/GabeCordo/DistributedFunctions/internal/targets/core/thread/processor/types.go:84.9,86.3 1 0
github.com/GabeCordo/DistributedFunctions/internal/targets/core/thread/processor/types.go:88.2,89.9 2 0
github.com/GabeCordo/DistributedFunctions/internal/targets/core/thread/processor/types.go:89.9,91.3 1 0
github.com/GabeCordo/DistributedFunctions/internal/targets/core/thread/processor/types.go:93.2,94.9 2 0
github.com/GabeCordo/DistributedFunctions/internal/targets/core/thread/processor/types.go:94.9,96.3 1 0
github.com/GabeCordo/DistributedFunctions/internal/targets/core/thread/processor/types.go:98.2,99.9 2 0
github.com/GabeCordo/DistributedFunctions/internal/targets/core/thread/processor/types.go:99.9,101.3 1 0
github.com/GabeCordo/DistributedFunctions/internal/targets/core/thread/processor/types.go:103.2,104.9 2 0
github.com/GabeCordo/DistributedFunctions/internal/targets/core/thread/processor/types.go:104.9,106.3 1 0
github.com/GabeCordo/DistributedFunctions/internal/targets/core/thread/processor/types.go:108.2,109.9 2 0
github.com/GabeCordo/DistributedFunctions/internal/targets/core/thread/processor/types.go:109.9,111.3 1 0
github.com/GabeCordo/DistributedFunctions/internal/targets/core/thread/processor/types.go:113.2,114.9 2 0
github.com/GabeCordo/DistributedFunctions/internal/targets/core/thread/processor/types.go:114.9,116.3 1 0
github.com/GabeCordo/DistributedFunctions/internal/targets/core/thread/processor/types.go:118.2,119.9 2 0
github.com/GabeCordo/DistributedFunctions/internal/targets/core/thread/processor/types.go:119.9,121.3 1 0
github.com/GabeCordo/DistributedFunctions/internal/targets/core/thread/processor/types.go:123.2,127.15 3 0
github.com/GabeCordo/DistributedFunctions/internal/targets/core/thread/rest/callbacks.go:21.76,23.23 1 0
github.com/GabeCordo/DistributedFunctions/internal/targets/core/thread/rest/callbacks.go:23.23,26.3 1 0
github.com/GabeCordo/DistributedFunctions/internal/targets/core/thread/rest/callbacks.go:26.8,29.3 1 0
github.com/GabeCordo/DistributedFunctions/internal/targets/core/thread/rest/callbacks.go:32.79,46.13 3 0
github.com/GabeCordo/DistributedFunctions/internal/targets/core/thread/rest/callbacks.go:46.13,48.3 1 0
github.com/GabeCordo/DistributedFunctions/internal/targets/core/thread/rest/callbacks.go:48.8,50.3 1 0
github.com/GabeCordo/DistributedFunctions/internal/targets/core/thread/rest/callbacks.go:52.2,54.16 3 0
github.com/GabeCordo/DistributedFunctions/internal/targets/core/thread/rest/callbacks.go:54.16,56.3 1 0
github.com/GabeCordo/DistributedFunctions/internal/targets/core/thread/rest/callbacks.go:59.73,61.32 1 0
github.com/GabeCordo/DistributedFunctions/internal/targets/core/thread/rest/callbacks.go:61.32,64.3 1 0
github.com/GabeCordo/DistributedFunctions/internal/targets/core/thread/rest/callbacks.go:64.8,64.39 1 0
github.com/GabeCordo/DistributedFunctions/internal/targets/core/thread/rest/callbacks.go:64.39,67.3 1 0
github.com/GabeCordo/DistributedFunctions/internal/targets/core/thread/rest/callbacks.go:67.8,69.3 1 0
github.com/GabeCordo/DistributedFunctions/internal/targets/core/thread/rest/callbacks.go:72.76,85.13 3 0
github.com/GabeCordo/DistributedFunctions/internal/targets/core/thread/rest/callbacks.go:85.13,87.3 1 0
github.com/GabeCordo/DistributedFunctions/internal/targets/core/thread/rest/callbacks.go:87.8,89.3 1 0
github.com/GabeCordo/DistributedFunctions/internal/targets/core/thread/rest/callbacks.go:91.2,93.16 3 0
github.com/GabeCordo/DistributedFunctions/internal/targets/core/thread/rest/callbacks.go:93.16,95.3 1 0
github.com/GabeCordo/DistributedFunctions/internal/targets/core/thread/rest/callbacks.go:103.76,107.16 3 0
github.com/GabeCordo/DistributedFunctions/internal/targets/core/thread/rest/callbacks.go:107.16,110.3 2 0
github.com/GabeCordo/DistributedFunctions/internal/targets/core/thread/rest/callbacks.go:113.2,123.21 3 0
github.com/GabeCordo/DistributedFunctions/internal/targets/core/thread/rest/callbacks.go:123.21,125.3 1 0
github.com/GabeCordo/DistributedFunctions/internal/targets/core/thread/rest/callbacks.go:125.8,127.3 1 0
github.com/GabeCordo/DistributedFunctions/internal/targets/core/thread/rest/callbacks.go:129.2,131.50 2 0
github.com/GabeCordo/DistributedFunctions/internal/targets/core/thread/rest/callbacks.go:131.50,133.3 1 0
github.com/GabeCordo/DistributedFunctions/internal/targets/core/thread/rest/callbacks.go:133.8,133.21 1 0
github.com/GabeCordo/DistributedFunctions/internal/targets/core/thread/rest/callbacks.go:133.21,135.3 1 0
github.com/GabeCordo/DistributedFunctions/internal/targets/core/thread/rest/callbacks.go:137.2,137.16 1 0
github.com/GabeCordo/DistributedFunctions/internal/targets/core/thread/rest/callbacks.go:137.16,139.3 1 0
github.com/GabeCordo/DistributedFunctions/internal/targets/core/thread/rest/callbacks.go:141.2,143.16 3 0
github.com/GabeCordo/DistributedFunctions/internal/targets/core/thread/rest/callbacks.go:143.16,145.3 1 0
github.com/GabeCordo/DistributedFunctions/internal/targets/core/thread/rest/callbacks.go:148.75,150.32 1 0
github.com/GabeCordo/DistributedFunctions/internal/targets/core/thread/rest/callbacks.go:150.32,153.3 1 0
github.com/GabeCordo/DistributedFunctions/internal/targets/core/thread/rest/callbacks.go:153.8,153.39 1 0
github.com/GabeCordo/DistributedFunctions/internal/targets/core/thread/rest/callbacks.go:153.39,157.3 1 0
github.com/GabeCordo/DistributedFunctions/internal/targets/core/thread/rest/callbacks.go:157.8,159.3 1 0
github.com/GabeCordo/DistributedFunctions/internal/targets/core/thread/rest/callbacks.go:162.78,167.22 3 0
github.com/GabeCordo/DistributedFunctions/internal/targets/core/thread/rest/callbacks.go:167.22,170.3 2 0
github.com/GabeCordo/DistributedFunctions/internal/targets/core/thread/rest/callbacks.go:172.2,182.14 2 0
github.com/GabeCordo/DistributedFunctions/internal/targets/core/thread/rest/callbacks.go:182.14,184.3 1 0
github.com/GabeCordo/DistributedFunctions/internal/targets/core/thread/rest/callbacks.go:186.2,188.13 2 0
github.com/GabeCordo/DistributedFunctions/internal/targets/core/thread/rest/callbacks.go:188.13,190.3 1 0
github.com/GabeCordo/DistributedFunctions/internal/targets/core/thread/rest/callbacks.go:192.2,194.16 3 0
github.com/GabeCordo/DistributedFunctions/internal/targets/core/thread/rest/callbacks.go:194.16,196.3 1 0
github.com/GabeCordo/DistributedFunctions/internal/targets/core/thread/rest/callbacks.go:205.78,209.16 3 0
github.com/GabeCordo/DistributedFunctions/internal/targets/core/thread/rest/callbacks.go:209.16,212.3 2 0
github.com/GabeCordo/DistributedFunctions/internal/targets/core/thread/rest/callbacks.go:214.2,224.21 3 0
github.com/GabeCordo/DistributedFunctions/internal/targets/core/thread/rest/callbacks.go:224.21,226.3 1 0
github.com/GabeCordo/DistributedFunctions/internal/targets/core/thread/rest/callbacks.go:226.8,228.3 1 0
github.com/GabeCordo/DistributedFunctions/internal/targets/core/thread/rest/callbacks.go:230.2,230.23 1 0
github.com/GabeCordo/DistributedFunctions/internal/targets/core/thread/rest/callbacks.go:230.23,232.3 1 0
github.com/GabeCordo/DistributedFunctions/internal/targets/core/thread/rest/callbacks.go:234.2,236.16 3 0
github.com/GabeCordo/DistributedFunctions/internal/targets/core/thread/rest/callbacks.go:236.16,238.3 1 0
github.com/GabeCordo/DistributedFunctions/internal/targets/core/thread/rest/callbacks.go:254.70,256.32 1 0
github.com/GabeCordo/DistributedFunctions/internal/targets/core/thread/rest/callbacks.go:256.32,258.3 1 0
github.com/GabeCordo/DistributedFunctions/internal/targets/core/thread/rest/callbacks.go:258.8,258.40 1 0
github.com/GabeCordo/DistributedFunctions/internal/targets/core/thread/rest/callbacks.go:258.40,260.3 1 0
github.com/GabeCordo/DistributedFunctions/internal/targets/core/thread/rest/callbacks.go:260.8,260.42 1 0
github.com/GabeCordo/DistributedFunctions/internal/targets/core/thread/rest/callbacks.go:260.42,262.3 1 0
github.com/GabeCordo/DistributedFunctions/internal/targets/core/thread/rest/callbacks.go:262.8,264.3 1 0
github.com/GabeCordo/DistributedFunctions/internal/targets/core/thread/rest/callbacks.go:267.73,272.59 3 0
github.com/GabeCordo/DistributedFunctions/internal/targets/core/thread/rest/callbacks.go:272.59,274.3 1 0
github.com/GabeCordo/DistributedFunctions/internal/targets/core/thread/rest/callbacks.go:276.2,277.57 2 0
github.com/GabeCordo/DistributedFunctions/internal/targets/core/thread/rest/callbacks.go:277.57,279.3 1 0
github.com/GabeCordo/DistributedFunctions/internal/targets/core/thread/rest/callbacks.go:281.2,282.69 2 0
github.com/GabeCordo/DistributedFunctions/internal/targets/core/thread/rest/callbacks.go:282.69,285.17 3 0
github.com/GabeCordo/DistributedFunctions/internal/targets/core/thread/rest/callbacks.go:285.17,288.4 2 0
github.com/GabeCordo/DistributedFunctions/internal/targets/core/thread/rest/callbacks.go:291.2,292.71 2 0
github.com/GabeCordo/DistributedFunctions/internal/targets/core/thread/rest/callbacks.go:292.71,295.17 3 0
github.com/GabeCordo/DistributedFunctions/internal/targets/core/thread/rest/callbacks.go:295.17,298.4 2 0
github.com/GabeCordo/DistributedFunctions/internal/targets/core/thread/rest/callbacks.go:301.2,302.45 2 0
github.com/GabeCordo/DistributedFunctions/internal/targets/core/thread/rest/callbacks.go:302.45,305.17 3 0
github.com/GabeCordo/DistributedFunctions/internal/targets/core/thread/rest/callbacks.go:305.17,308.4 2 0
github.com/GabeCordo/DistributedFunctions/internal/targets/core/thread/rest/callbacks.go:308.9,310.4 1 0
github.com/GabeCordo/DistributedFunctions/internal/targets/core/thread/rest/callbacks.go:311.8,313.3 1 0
github.com/GabeCordo/DistributedFunctions/internal/targets/core/thread/rest/callbacks.go:315.2,315.61 1 0
github.com/GabeCordo/DistributedFunctions/internal/targets/core/thread/rest/callbacks.go:315.61,318.3 2 0
github.com/GabeCordo/DistributedFunctions/internal/targets/core/thread/rest/callbacks.go:320.2,338.16 5 0
github.com/GabeCordo/DistributedFunctions/internal/targets/core/thread/rest/callbacks.go:338.16,341.3 2 0
github.com/GabeCordo/DistributedFunctions/internal/targets/core/thread/rest/callbacks.go:341.8,342.44 1 0
github.com/GabeCordo/DistributedFunctions/internal/targets/core/thread/rest/callbacks.go:342.44,344.4 1 0
github.com/GabeCordo/DistributedFunctions/internal/targets/core/thread/rest/callbacks.go:345.3,345.27 1 0
github.com/GabeCordo/DistributedFunctions/internal/targets/core/thread/rest/callbacks.go:348.2,350.16 3 0
github.com/GabeCordo/DistributedFunctions/internal/targets/core/thread/rest/callbacks.go:350.16,352.3 1 0
github.com/GabeCordo/DistributedFunctions/internal/targets/core/thread/rest/callbacks.go:355.74,360.16 3 0
github.com/GabeCordo/DistributedFunctions/internal/targets/core/thread/rest/callbacks.go:360.16,364.3 3 0
github.com/GabeCordo/DistributedFunctions/internal/targets/core/thread/rest/callbacks.go:366.2,378.16 1 0
github.com/GabeCordo/DistributedFunctions/internal/targets/core/thread/rest/callbacks.go:378.16,386.43 3 0
github.com/GabeCordo/DistributedFunctions/internal/targets/core/thread/rest/callbacks.go:386.43,389.4 1 0
github.com/GabeCordo/DistributedFunctions/internal/targets/core/thread/rest/callbacks.go:390.8,393.3 2 0
github.com/GabeCordo/DistributedFunctions/internal/targets/core/thread/rest/callbacks.go:396.76,401.20 3 0
github.com/GabeCordo/DistributedFunctions/internal/targets/core/thread/rest/callbacks.go:401.20,404.3 2 0
github.com/GabeCordo/DistributedFunctions/internal/targets/core/thread/rest/callbacks.go:406.2,407.16 2 0
github.com/GabeCordo/DistributedFunctions/internal/targets/core/thread/rest/callbacks.go:407.16,410.3 2 0
github.com/GabeCordo/DistributedFunctions/internal/targets/core/thread/rest/callbacks.go:412.2,422.16 2 0
github.com/GabeCordo/DistributedFunctions/internal/targets/core/thread/rest/callbacks.go:422.16,424.3 1 0
github.com/GabeCordo/DistributedFunctions/internal/targets/core/thread/rest/callbacks.go:427.75,429.32 1 0
github.com/GabeCordo/DistributedFunctions/internal/targets/core/thread/rest/callbacks.go:429.32,431.3 1 0
github.com/GabeCordo/DistributedFunctions/internal/targets/core/thread/rest/callbacks.go:431.8,433.3 1 0
github.com/GabeCordo/DistributedFunctions/internal/targets/core/thread/rest/callbacks.go:436.78,441.59 3 0
github.com/GabeCordo/DistributedFunctions/internal/targets/core/thread/rest/callbacks.go:441.59,443.3 1 0
github.com/GabeCordo/DistributedFunctions/internal/targets/core/thread/rest/callbacks.go:445.2,446.57 2 0
github.com/GabeCordo/DistributedFunctions/internal/targets/core/thread/rest/callbacks.go:446.57,448.3 1 0
github.com/GabeCordo/DistributedFunctions/internal/targets/core/thread/rest/callbacks.go:450.2,450.46 1 0
github.com/GabeCordo/DistributedFunctions/internal/targets/core/thread/rest/callbacks.go:450.46,453.3 2 0
github.com/GabeCordo/DistributedFunctions/internal/targets/core/thread/rest/callbacks.go:455.2,470.16 5 0
github.com/GabeCordo/DistributedFunctions/internal/targets/core/thread/rest/callbacks.go:470.16,473.3 2 0
github.com/GabeCordo/DistributedFunctions/internal/targets/core/thread/rest/callbacks.go:473.8,475.3 1 0
github.com/GabeCordo/DistributedFunctions/internal/targets/core/thread/rest/callbacks.go:477.2,479.16 3 0
github.com/GabeCordo/DistributedFunctions/internal/targets/core/thread/rest/callbacks.go:479.16,481.3 1 0
github.com/GabeCordo/DistributedFunctions/internal/targets/core/thread/rest/callbacks.go:484.76,486.32 1 0
github.com/GabeCordo/DistributedFunctions/internal/targets/core/thread/rest/callbacks.go:486.32,488.3 1 0
github.com/GabeCordo/DistributedFunctions/internal/targets/core/thread/rest/callbacks.go:488.8,490.3 1 0
github.com/GabeCordo/DistributedFunctions/internal/targets/core/thread/rest/callbacks.go:493.79,510.16 5 0
github.com/GabeCordo/DistributedFunctions/internal/targets/core/thread/rest/callbacks.go:510.16,513.3 2 0
github.com/GabeCordo/DistributedFunctions/internal/targets/core/thread/rest/callbacks.go:515.2,516.16 2 0
github.com/GabeCordo/DistributedFunctions/internal/targets/core/thread/rest/callbacks.go:516.16,518.3 1 0
github.com/GabeCordo/DistributedFunctions/internal/targets/core/thread/rest/callbacks.go:521.75,523.32 1 0
github.com/GabeCordo/DistributedFunctions/internal/targets/core/thread/rest/callbacks.go:523.32,525.3 1 0
github.com/GabeCordo/DistributedFunctions/internal/targets/core/thread/rest/callbacks.go:525.8,525.40 1 0
github.com/GabeCordo/DistributedFunctions/internal/targets/core/thread/rest/callbacks.go:525.40,527.3 1 0
github.com/GabeCordo/DistributedFunctions/internal/targets/core/thread/rest/callbacks.go:527.8,527.39 1 0
github.com/GabeCordo/DistributedFunctions/internal/targets/core/thread/rest/callbacks.go:527.39,529.3 1 0
github.com/GabeCordo/DistributedFunctions/internal/targets/core/thread/rest/callbacks.go:529.8,529.42 1 0
github.com/GabeCordo/DistributedFunctions/internal/targets/core/thread/rest/callbacks.go:529.42,531.3 1 0
github.com/GabeCordo/DistributedFunctions/internal/targets/core/thread/rest/callbacks.go:531.8,533.3 1 0
github.com/GabeCordo/DistributedFunctions/internal/targets/core/thread/rest/callbacks.go:537.78,543.18 4 0
github.com/GabeCordo/DistributedFunctions/internal/targets/core/thread/rest/callbacks.go:543.18,545.3 1 0
github.com/GabeCordo/DistributedFunctions/internal/targets/core/thread/rest/callbacks.go:545.8,548.3 2 0
github.com/GabeCordo/DistributedFunctions/internal/targets/core/thread/rest/callbacks.go:550.2,553.18 3 0
github.com/GabeCordo/DistributedFunctions/internal/targets/core/thread/rest/callbacks.go:553.18,555.3 1 0
github.com/GabeCordo/DistributedFunctions/internal/targets/core/thread/rest/callbacks.go:555.8,557.3 1 0
github.com/GabeCordo/DistributedFunctions/internal/targets/core/thread/rest/callbacks.go:559.2,567.93 2 0
github.com/GabeCordo/DistributedFunctions/internal/targets/core/thread/rest/callbacks.go:567.93,569.43 2 0
github.com/GabeCordo/DistributedFunctions/internal/targets/core/thread/rest/callbacks.go:569.43,571.4 1 0
github.com/GabeCordo/DistributedFunctions/internal/targets/core/thread/rest/callbacks.go:572.8,574.3 1 0
github.com/GabeCordo/DistributedFunctions/internal/targets/core/thread/rest/callbacks.go:577.79,581.16 3 0
github.com/GabeCordo/DistributedFunctions/internal/targets/core/thread/rest/callbacks.go:581.16,584.3 2 0
github.com/GabeCordo/DistributedFunctions/internal/targets/core/thread/rest/callbacks.go:586.2,586.86 1 0
github.com/GabeCordo/DistributedFunctions/internal/targets/core/thread/rest/callbacks.go:586.86,589.3 2 0
github.com/GabeCordo/DistributedFunctions/internal/targets/core/thread/rest/callbacks.go:591.2,600.16 3 0
github.com/GabeCordo/DistributedFunctions/internal/targets/core/thread/rest/callbacks.go:600.16,602.3 1 0
github.com/GabeCordo/DistributedFunctions/internal/targets/core/thread/rest/callbacks.go:605.78,609.16 3 0
github.com/GabeCordo/DistributedFunctions/internal/targets/core/thread/rest/callbacks.go:609.16,612.3 2 0
github.com/GabeCordo/DistributedFunctions/internal/targets/core/thread/rest/callbacks.go:614.2,623.11 3 0
github.com/GabeCordo/DistributedFunctions/internal/targets/core/thread/rest/callbacks.go:623.11,625.3 1 0
github.com/GabeCordo/DistributedFunctions/internal/targets/core/thread/rest/callbacks.go:628.81,634.18 4 0
github.com/GabeCordo/DistributedFunctions/internal/targets/core/thread/rest/callbacks.go:634.18,636.3 1 0
github.com/GabeCordo/DistributedFunctions/internal/targets/core/thread/rest/callbacks.go:636.8,639.3 2 0
github.com/GabeCordo/DistributedFunctions/internal/targets/core/thread/rest/callbacks.go:641.2,644.18 3 0
github.com/GabeCordo/DistributedFunctions/internal/targets/core/thread/rest/callbacks.go:644.18,646.3 1 0
github.com/GabeCordo/DistributedFunctions/internal/targets/core/thread/rest/callbacks.go:646.8,649.3 2 0
github.com/GabeCordo/DistributedFunctions/internal/targets/core/thread/rest/callbacks.go:651.2,659.88 2 0
github.com/GabeCordo/DistributedFunctions/internal/targets/core/thread/rest/callbacks.go:659.88,661.3 1 0
github.com/GabeCordo/DistributedFunctions/internal/targets/core/thread/rest/callbacks.go:664.80,666.32 1 0
github.com/GabeCordo/DistributedFunctions/internal/targets/core/thread/rest/callbacks.go:666.32,668.3 1 0
github.com/GabeCordo/DistributedFunctions/internal/targets/core/thread/rest/callbacks.go:668.8,670.3 1 0
github.com/GabeCordo/DistributedFunctions/internal/targets/core/thread/rest/callbacks.go:673.83,686.24 5 0
github.com/GabeCordo/DistributedFunctions/internal/targets/core/thread/rest/callbacks.go:686.24,688.3 1 0
github.com/GabeCordo/DistributedFunctions/internal/targets/core/thread/rest/callbacks.go:688.8,690.3 1 0
github.com/GabeCordo/DistributedFunctions/internal/targets/core/thread/rest/callbacks.go:692.2,693.16 2 0
github.com/GabeCordo/DistributedFunctions/internal/targets/core/thread/rest/callbacks.go:693.16,696.3 2 0
github.com/GabeCordo/DistributedFunctions/internal/targets/core/thread/rest/callbacks.go:698.2,699.16 2 0
github.com/GabeCordo/DistributedFunctions/internal/targets/core/thread/rest/callbacks.go:699.16,702.3 2 0
github.com/GabeCordo/DistributedFunctions/internal/targets/core/thread/rest/callbacks.go:704.2,704.41 1 0
github.com/GabeCordo/DistributedFunctions/internal/targets/core/thread/rest/callbacks.go:704.41,706.3 1 0
github.com/GabeCordo/DistributedFunctions/internal/targets/core/thread/rest/callbacks.go:709.76,711.32 1 0
github.com/GabeCordo/DistributedFunctions/internal/targets/core/thread/rest/callbacks.go:711.32,713.3 1 0
github.com/GabeCordo/DistributedFunctions/internal/targets/core/thread/rest/callbacks.go:713.8,715.3 1 0
github.com/GabeCordo/DistributedFunctions/internal/targets/core/thread/rest/callbacks.go:718.79,732.24 5 0
github.com/GabeCordo/DistributedFunctions/internal/targets/core/thread/rest/callbacks.go:732.24,734.3 1 0
github.com/GabeCordo/DistributedFunctions/internal/targets/core/thread/rest/callbacks.go:734.8,736.3 1 0
github.com/GabeCordo/DistributedFunctions/internal/targets/core/thread/rest/callbacks.go:738.2,740.23 3 0
github.com/GabeCordo/DistributedFunctions/internal/targets/core/thread/rest/callbacks.go:740.23,742.3 1 0
github.com/GabeCordo/DistributedFunctions/internal/targets/core/thread/rest/callbacks.go:742.8,744.3 1 0
github.com/GabeCordo/DistributedFunctions/internal/targets/core/thread/rest/callbacks.go:746.2,747.12 2 0
github.com/GabeCordo/DistributedFunctions/internal/targets/core/thread/rest/callbacks.go:747.12,750.3 2 0
github.com/GabeCordo/DistributedFunctions/internal/targets/core/thread/rest/callbacks.go:752.2,753.16 2 0
github.com/GabeCordo/DistributedFunctions/internal/targets/core/thread/rest/callbacks.go:753.16,756.3 2 0
github.com/GabeCordo/DistributedFunctions/internal/targets/core/thread/rest/callbacks.go:758.2,758.41 1 0
github.com/GabeCordo/DistributedFunctions/internal/targets/core/thread/rest/callbacks.go:758.41,760.3 1 0
github.com/GabeCordo/DistributedFunctions/internal/targets/core/thread/rest/callbacks.go:763.72,765.32 1 0
github.com/GabeCordo/DistributedFunctions/internal/targets/core/thread/rest/callbacks.go:765.32,767.3 1 0
github.com/GabeCordo/DistributedFunctions/internal/targets/core/thread/rest/callbacks.go:767.8,767.40 1 0
github.com/GabeCordo/DistributedFunctions/internal/targets/core/thread/rest/callbacks.go:767.40,769.3 1 0
github.com/GabeCordo/DistributedFunctions/internal/targets/core/thread/rest/callbacks.go:769.8,771.3 1 0
github.com/GabeCordo/DistributedFunctions/internal/targets/core/thread/rest/callbacks.go:774.75,780.16 5 0
github.com/GabeCordo/DistributedFunctions/internal/targets/core/thread/rest/callbacks.go:780.16,782.3 1 0
github.com/GabeCordo/DistributedFunctions/internal/targets/core/thread/rest/callbacks.go:794.76,798.16 3 0
github.com/GabeCordo/DistributedFunctions/internal/targets/core/thread/rest/callbacks.go:798.16,802.3 3 0
github.com/GabeCordo/DistributedFunctions/internal/targets/core/thread/rest/callbacks.go:804.2,806.34 2 0
github.com/GabeCordo/DistributedFunctions/internal/targets/core/thread/rest/callbacks.go:806.34,808.17 2 0
github.com/GabeCordo/DistributedFunctions/internal/targets/core/thread/rest/callbacks.go:808.17,810.4 1 0
github.com/GabeCordo/DistributedFunctions/internal/targets/core/thread/rest/callbacks.go:813.2,816.16 4 0
github.com/GabeCordo/DistributedFunctions/internal/targets/core/thread/rest/callbacks.go:816.16,818.3 1 0
github.com/GabeCordo/DistributedFunctions/internal/targets/core/thread/rest/callbacks.go:821.70,823.32 1 0
github.com/GabeCordo/DistributedFunctions/internal/targets/core/thread/rest/callbacks.go:823.32,825.3 1 0
github.com/GabeCordo/DistributedFunctions/internal/targets/core/thread/rest/callbacks.go:825.8,825.40 1 0
github.com/GabeCordo/DistributedFunctions/internal/targets/core/thread/rest/callbacks.go:825.40,827.3 1 0
github.com/GabeCordo/DistributedFunctions/internal/targets/core/thread/rest/callbacks.go:827.8,827.42 1 0
github.com/GabeCordo/DistributedFunctions/internal/targets/core/thread/rest/callbacks.go:827.42,829.3 1 0
github.com/GabeCordo/DistributedFunctions/internal/targets/core/thread/rest/callbacks.go:829.8,831.3 1 0
github.com/GabeCordo/DistributedFunctions/internal/targets/core/thread/rest/callbacks.go:834.73,839.43 3 0
github.com/GabeCordo/DistributedFunctions/internal/targets/core/thread/rest/callbacks.go:839.43,841.3 1 0
github.com/GabeCordo/DistributedFunctions/internal/targets/core/thread/rest/callbacks.go:842.2,843.47 2 0
github.com/GabeCordo/DistributedFunctions/internal/targets/core/thread/rest/callbacks.go:843.47,845.3 1 0
github.com/GabeCordo/DistributedFunctions/internal/targets/core/thread/rest/callbacks.go:846.2,847.48 2 0
github.com/GabeCordo/DistributedFunctions/internal/targets/core/thread/rest/callbacks.go:847.48,849.3 1 0
github.com/GabeCordo/DistributedFunctions/internal/targets/core/thread/rest/callbacks.go:850.2,851.48 2 0
github.com/GabeCordo/DistributedFunctions/internal/targets/core/thread/rest/callbacks.go:851.48,852.49 1 0
github.com/GabeCordo/DistributedFunctions/internal/targets/core/thread/rest/callbacks.go:852.49,854.4 1 0
github.com/GabeCordo/DistributedFunctions/internal/targets/core/thread/rest/callbacks.go:857.2,877.16 6 0
github.com/GabeCordo/DistributedFunctions/internal/targets/core/thread/rest/callbacks.go:877.16,879.3 1 0
github.com/GabeCordo/DistributedFunctions/internal/targets/core/thread/rest/callbacks.go:881.2,882.16 2 0
github.com/GabeCordo/DistributedFunctions/internal/targets/core/thread/rest/callbacks.go:882.16,885.3 2 0
github.com/GabeCordo/DistributedFunctions/internal/targets/core/thread/rest/callbacks.go:887.2,888.16 2 0
github.com/GabeCordo/DistributedFunctions/internal/targets/core/thread/rest/callbacks.go:888.16,890.3 1 0
github.com/GabeCordo/DistributedFunctions/internal/targets/core/thread/rest/callbacks.go:893.74,897.16 3 0
github.com/GabeCordo/DistributedFunctions/internal/targets/core/thread/rest/callbacks.go:897.16,901.3 3 0
github.com/GabeCordo/DistributedFunctions/internal/targets/core/thread/rest/callbacks.go:903.2,911.16 3 0
github.com/GabeCordo/DistributedFunctions/internal/targets/core/thread/rest/callbacks.go:911.16,914.3 2 0
github.com/GabeCordo/DistributedFunctions/internal/targets/core/thread/rest/callbacks.go:914.8,916.3 1 0
github.com/GabeCordo/DistributedFunctions/internal/targets/core/thread/rest/callbacks.go:918.2,920.16 3 0
github.com/GabeCordo/DistributedFunctions/internal/targets/core/thread/rest/callbacks.go:920.16,923.3 2 0
github.com/GabeCordo/DistributedFunctions/internal/targets/core/thread/rest/callbacks.go:925.2,926.16 2 0
github.com/GabeCordo/DistributedFunctions/internal/targets/core/thread/rest/callbacks.go:926.16,928.3 1 0
github.com/GabeCordo/DistributedFunctions/internal/targets/core/thread/rest/callbacks.go:931.76,936.43 3 0
github.com/GabeCordo/DistributedFunctions/internal/targets/core/thread/rest/callbacks.go:936.43,938.3 1 0
github.com/GabeCordo/DistributedFunctions/internal/targets/core/thread/rest/callbacks.go:939.2,940.47 2 0
github.com/GabeCordo/DistributedFunctions/internal/targets/core/thread/rest/callbacks.go:940.47,942.3 1 0
github.com/GabeCordo/DistributedFunctions/internal/targets/core/thread/rest/callbacks.go:943.2,944.48 2 0
github.com/GabeCordo/DistributedFunctions/internal/targets/core/thread/rest/callbacks.go:944.48,946.3 1 0
github.com/GabeCordo/DistributedFunctions/internal/targets/core/thread/rest/callbacks.go:947.2,948.48 2 0
github.com/GabeCordo/DistributedFunctions/internal/targets/core/thread/rest/callbacks.go:948.48,949.49 1 0
github.com/GabeCordo/DistributedFunctions/internal/targets/core/thread/rest/callbacks.go:949.49,951.4 1 0
github.com/GabeCordo/DistributedFunctions/internal/targets/core/thread/rest/callbacks.go:954.2,973.16 6 0
github.com/GabeCordo/DistributedFunctions/internal/targets/core/thread/rest/callbacks.go:973.16,975.3 1 0
github.com/GabeCordo/DistributedFunctions/internal/targets/core/thread/rest/callbacks.go:977.2,978.16 2 0
github.com/GabeCordo/DistributedFunctions/internal/targets/core/thread/rest/callbacks.go:978.16,981.3 2 0
github.com/GabeCordo/DistributedFunctions/internal/targets/core/thread/rest/callbacks.go:983.2,984.16 2 0
github.com/GabeCordo/DistributedFunctions/internal/targets/core/thread/rest/callbacks.go:984.16,986.3 1 0
github.com/GabeCordo/DistributedFunctions/internal/targets/core/thread/rest/callbacks.go:989.75,991.32 1 0
github.com/GabeCordo/DistributedFunctions/internal/targets/core/thread/rest/callbacks.go:991.32,993.3 1 0
github.com/GabeCordo/DistributedFunctions/internal/targets/core/thread/rest/callbacks.go:993.8,995.3 1 0
github.com/GabeCordo/DistributedFunctions/internal/targets/core/thread/rest/callbacks.go:998.78,1011.16 4 0
github.com/GabeCordo/DistributedFunctions/internal/targets/core/thread/rest/callbacks.go:1011.16,1013.3 1 0
github.com/GabeCordo/DistributedFunctions/internal/targets/core/thread/rest/callbacks.go:1014.2,1017.16 3 0
github.com/GabeCordo/DistributedFunctions/internal/targets/core/thread/rest/callbacks.go:1017.16,1020.3 2 0
github.com/GabeCordo/DistributedFunctions/internal/targets/core/thread/rest/callbacks.go:1022.2,1023.16 2 0
github.com/GabeCordo/DistributedFunctions/internal/targets/core/thread/rest/callbacks.go:1023.16,1025.3 1 0
github.com/GabeCordo/DistributedFunctions/internal/targets/core/thread/rest/thread.go:15.26,21.102 3 0
github.com/GabeCordo/DistributedFunctions/internal/targets/core/thread/rest/thread.go:21.102,24.3 2 0
github.com/GabeCordo/DistributedFunctions/internal/targets/core/thread/rest/thread.go:26.2,26.76 1 0
github.com/GabeCordo/DistributedFunctions/internal/targets/core/thread/rest/thread.go:26.76,28.3 1 0
github.com/GabeCordo/DistributedFunctions/internal/targets/core/thread/rest/thread.go:30.2,30.73 1 0
github.com/GabeCordo/DistributedFunctions/internal/targets/core/thread/rest/thread.go:30.73,32.3 1 0
github.com/GabeCordo/DistributedFunctions/internal/targets/core/thread/rest/thread.go:34.2,34.75 1 0
github.com/GabeCordo/DistributedFunctions/internal/targets/core/thread/rest/thread.go:34.75,36.3 1 0
github.com/GabeCordo/DistributedFunctions/internal/targets/core/thread/rest/thread.go:38.2,38.70 1 0
github.com/GabeCordo/DistributedFunctions/internal/targets/core/thread/rest/thread.go:38.70,40.3 1 0
github.com/GabeCordo/DistributedFunctions/internal/targets/core/thread/rest/thread.go:42.2,42.76 1 0
github.com/GabeCordo/DistributedFunctions/internal/targets/core/thread/rest/thread.go:42.76,44.3 1 0
github.com/GabeCordo/DistributedFunctions/internal/targets/core/thread/rest/thread.go:46.2,46.81 1 0
github.com/GabeCordo/DistributedFunctions/internal/targets/core/thread/rest/thread.go:46.81,48.3 1 0
github.com/GabeCordo/DistributedFunctions/internal/targets/core/thread/rest/thread.go:50.2,50.85 1 0
github.com/GabeCordo/DistributedFunctions/internal/targets/core/thread/rest/thread.go:50.85,52.3 1 0
github.com/GabeCordo/DistributedFunctions/internal/targets/core/thread/rest/thread.go:54.2,54.78 1 0
github.com/GabeCordo/DistributedFunctions/internal/targets/core/thread/rest/thread.go:54.78,56.3 1 0
github.com/GabeCordo/DistributedFunctions/internal/targets/core/thread/rest/thread.go:58.2,58.75 1 0
github.com/GabeCordo/DistributedFunctions/internal/targets/core/thread/rest/thread.go:58.75,60.3 1 0
github.com/GabeCordo/DistributedFunctions/internal/targets/core/thread/rest/thread.go:62.2,62.70 1 0
github.com/GabeCordo/DistributedFunctions/internal/targets/core/thread/rest/thread.go:62.70,64.3 1 0
github.com/GabeCordo/DistributedFunctions/internal/targets/core/thread/rest/thread.go:66.2,66.76 1 0
github.com/GabeCordo/DistributedFunctions/internal/targets/core/thread/rest/thread.go:66.76,68.3 1 0
github.com/GabeCordo/DistributedFunctions/internal/targets/core/thread/rest/thread.go:71.2,71.20 1 0
github.com/GabeCordo/DistributedFunctions/internal/targets/core/thread/rest/thread.go:71.20,72.73 1 0
github.com/GabeCordo/DistributedFunctions/internal/targets/core/thread/rest/thread.go:72.73,72.98 1 0
github.com/GabeCordo/DistributedFunctions/internal/targets/core/thread/rest/thread.go:73.3,77.52 5 0
github.com/GabeCordo/DistributedFunctions/internal/targets/core/thread/rest/thread.go:80.2,87.38 3 0
github.com/GabeCordo/DistributedFunctions/internal/targets/core/thread/rest/thread.go:90.57,92.23 1 0
github.com/GabeCordo/DistributedFunctions/internal/targets/core/thread/rest/thread.go:95.26,97.21 1 0
github.com/GabeCordo/DistributedFunctions/internal/targets/core/thread/rest/thread.go:97.21,99.17 2 0
github.com/GabeCordo/DistributedFunctions/internal/targets/core/thread/rest/thread.go:99.17,103.4 3 0
github.com/GabeCordo/DistributedFunctions/internal/targets/core/thread/rest/thread.go:106.2,108.6 2 0
github.com/GabeCordo/DistributedFunctions/internal/targets/core/thread/rest/thread.go:108.6,109.10 1 0
github.com/GabeCordo/DistributedFunctions/internal/targets/core/thread/rest/thread.go:110.31,111.4 1 0
github.com/GabeCordo/DistributedFunctions/internal/targets/core/thread/rest/thread.go:111.4,112.20 1 0
github.com/GabeCordo/DistributedFunctions/internal/targets/core/thread/rest/thread.go:112.20,114.6 1 0
github.com/GabeCordo/DistributedFunctions/internal/targets/core/thread/rest/thread.go:115.5,115.53 1 0
github.com/GabeCordo/DistributedFunctions/internal/targets/core/thread/rest/thread.go:117.31,118.4 1 0
github.com/GabeCordo/DistributedFunctions/internal/targets/core/thread/rest/thread.go:118.4,119.20 1 0
github.com/GabeCordo/DistributedFunctions/internal/targets/core/thread/rest/thread.go:119.20,121.6 1 0
github.com/GabeCordo/DistributedFunctions/internal/targets/core/thread/rest/thread.go:122.5,122.52 1 0
github.com/GabeCordo/DistributedFunctions/internal/targets/core/thread/rest/thread.go:124.32,125.4 1 0
github.com/GabeCordo/DistributedFunctions/internal/targets/core/thread/rest/thread.go:125.4,126.20 1 0
github.com/GabeCordo/DistributedFunctions/internal/targets/core/thread/rest/thread.go:126.20,128.6 1 0
github.com/GabeCordo/DistributedFunctions/internal/targets/core/thread/rest/thread.go:129.5,129.53 1 0
github.com/GabeCordo/DistributedFunctions/internal/targets/core/thread/rest/thread.go:131.32,132.4 1 0
github.com/GabeCordo/DistributedFunctions/internal/targets/core/thread/rest/thread.go:132.4,133.20 1 0
github.com/GabeCordo/DistributedFunctions/internal/targets/core/thread/rest/thread.go:133.20,135.6 1 0
github.com/GabeCordo/DistributedFunctions/internal/targets/core/thread/rest/thread.go:136.5,136.53 1 0
github.com/GabeCordo/DistributedFunctions/internal/targets/core/thread/rest/thread.go:138.27,139.4 1 0
github.com/GabeCordo/DistributedFunctions/internal/targets/core/thread/rest/thread.go:139.4,141.10 1 0
github.com/GabeCordo/DistributedFunctions/internal/targets/core/thread/rest/thread.go:147.29,150.15 2 0
github.com/GabeCordo/DistributedFunctions/internal/targets/core/thread/rest/thread.go:150.15,153.3 1 0
github.com/GabeCordo/DistributedFunctions/internal/targets/core/thread/rest/thread.go:155.2,156.16 2 0
github.com/GabeCordo/DistributedFunctions/internal/targets/core/thread/rest/thread.go:156.16,158.3 1 0
github.com/GabeCordo/DistributedFunctions/internal/targets/core/thread/rest/thread.go:161.2,161.37 1 0
github.com/GabeCordo/DistributedFunctions/internal/targets/core/thread/rest/types.go:57.104,62.16 3 0
github.com/GabeCordo/DistributedFunctions/internal/targets/core/thread/rest/types.go:62.16,64.3 1 0
github.com/GabeCordo/DistributedFunctions/internal/targets/core/thread/rest/types.go:65.2,68.9 3 0
github.com/GabeCordo/DistributedFunctions/internal/targets/core/thread/rest/types.go:68.9,70.3 1 0
github.com/GabeCordo/DistributedFunctions/internal/targets/core/thread/rest/types.go:71.2,72.9 2 0
github.com/GabeCordo/DistributedFunctions/internal/targets/core/thread/rest/types.go:72.9,74.3 1 0
github.com/GabeCordo/DistributedFunctions/internal/targets/core/thread/rest/types.go:75.2,76.9 2 0
github.com/GabeCordo/DistributedFunctions/internal/targets/core/thread/rest/types.go:76.9,78.3 1 0
github.com/GabeCordo/DistributedFunctions/internal/targets/core/thread/rest/types.go:79.2,80.9 2 0
github.com/GabeCordo/DistributedFunctions/internal/targets/core/thread/rest/types.go:80.9,82.3 1 0
github.com/GabeCordo/DistributedFunctions/internal/targets/core/thread/rest/types.go:83.2,84.9 2 0
github.com/GabeCordo/DistributedFunctions/internal/targets/core/thread/rest/types.go:84.9,86.3 1 0
github.com/GabeCordo/DistributedFunctions/internal/targets/core/thread/rest/types.go:87.2,88.9 2 0
github.com/GabeCordo/DistributedFunctions/internal/targets/core/thread/rest/types.go:88.9,90.3 1 0
github.com/GabeCordo/DistributedFunctions/internal/targets/core/thread/rest/types.go:91.2,92.9 2 0
github.com/GabeCordo/DistributedFunctions/internal/targets/core/thread/rest/types.go:92.9,94.3 1 0
github.com/GabeCordo/DistributedFunctions/internal/targets/core/thread/rest/types.go:95.2,96.9 2 0
github.com/GabeCordo/DistributedFunctions/internal/targets/core/thread/rest/types.go:96.9,98.3 1 0
github.com/GabeCordo/DistributedFunctions/internal/targets/core/thread/rest/types.go:99.2,100.9 2 0
github.com/GabeCordo/DistributedFunctions/internal/targets/core/thread/rest/types.go:100.9,102.3 1 0
github.com/GabeCordo/DistributedFunctions/internal/targets/core/thread/rest/types.go:103.2,114.19 9 0
github.com/GabeCordo/DistributedFunctions/internal/targets/core/thread/rest/types.go:114.19,116.3 1 0
github.com/GabeCordo/DistributedFunctions/internal/targets/core/thread/rest/types.go:117.2,120.15 3 0
github.com/GabeCordo/DistributedFunctions/internal/targets/core/thread/runner/handlers.go:18.86,27.2 4 0
github.com/GabeCordo/DistributedFunctions/internal/targets/core/thread/runner/handlers.go:29.89,38.2 4 0
github.com/GabeCordo/DistributedFunctions/internal/targets/core/thread/runner/handlers.go:40.89,45.9 2 0
github.com/GabeCordo/DistributedFunctions/internal/targets/core/thread/runner/handlers.go:45.9,50.3 4 0
github.com/GabeCordo/DistributedFunctions/internal/targets/core/thread/runner/handlers.go:53.2,54.73 2 0
github.com/GabeCordo/DistributedFunctions/internal/targets/core/thread/runner/handlers.go:57.89,60.9 2 0
github.com/GabeCordo/DistributedFunctions/internal/targets/core/thread/runner/handlers.go:60.9,65.3 4 0
github.com/GabeCordo/DistributedFunctions/internal/targets/core/thread/runner/handlers.go:67.2,68.16 2 0
github.com/GabeCordo/DistributedFunctions/internal/targets/core/thread/runner/handlers.go:68.16,73.3 4 0
github.com/GabeCordo/DistributedFunctions/internal/targets/core/thread/runner/handlers.go:75.2,77.16 3 0
github.com/GabeCordo/DistributedFunctions/internal/targets/core/thread/runner/handlers.go:77.16,82.3 4 0
github.com/GabeCordo/DistributedFunctions/internal/targets/core/thread/runner/handlers.go:84.2,85.88 2 0
github.com/GabeCordo/DistributedFunctions/internal/targets/core/thread/runner/handlers.go:85.88,89.3 3 0
github.com/GabeCordo/DistributedFunctions/internal/targets/core/thread/runner/handlers.go:92.89,96.17 2 0
github.com/GabeCordo/DistributedFunctions/internal/targets/core/thread/runner/handlers.go:96.17,102.3 5 0
github.com/GabeCordo/DistributedFunctions/internal/targets/core/thread/runner/handlers.go:104.2,108.103 4 0
github.com/GabeCordo/DistributedFunctions/internal/targets/core/thread/runner/handlers.go:111.86,114.9 2 0
github.com/GabeCordo/DistributedFunctions/internal/targets/core/thread/runner/handlers.go:114.9,120.3 5 0
github.com/GabeCordo/DistributedFunctions/internal/targets/core/thread/runner/handlers.go:122.2,123.16 2 0
github.com/GabeCordo/DistributedFunctions/internal/targets/core/thread/runner/handlers.go:123.16,129.3 5 0
github.com/GabeCordo/DistributedFunctions/internal/targets/core/thread/runner/handlers.go:131.2,131.20 1 0
github.com/GabeCordo/DistributedFunctions/internal/targets/core/thread/runner/handlers.go:131.20,137.3 5 0
github.com/GabeCordo/DistributedFunctions/internal/targets/core/thread/runner/handlers.go:140.2,141.33 2 0
github.com/GabeCordo/DistributedFunctions/internal/targets/core/thread/runner/handlers.go:141.33,143.3 1 0
github.com/GabeCordo/DistributedFunctions/internal/targets/core/thread/runner/handlers.go:143.8,143.42 1 0
github.com/GabeCordo/DistributedFunctions/internal/targets/core/thread/runner/handlers.go:143.42,145.3 1 0
github.com/GabeCordo/DistributedFunctions/internal/targets/core/thread/runner/handlers.go:145.8,147.3 1 0
github.com/GabeCordo/DistributedFunctions/internal/targets/core/thread/runner/handlers.go:149.2,150.69 1 0
github.com/GabeCordo/DistributedFunctions/internal/targets/core/thread/runner/handlers.go:153.87,156.16 2 0
github.com/GabeCordo/DistributedFunctions/internal/targets/core/thread/runner/handlers.go:156.16,162.3 5 0
github.com/GabeCordo/DistributedFunctions/internal/targets/core/thread/runner/handlers.go:164.2,166.113 2 0
github.com/GabeCordo/DistributedFunctions/internal/targets/core/thread/runner/handlers.go:173.104,179.24 4 0
github.com/GabeCordo/DistributedFunctions/internal/targets/core/thread/runner/handlers.go:179.24,185.3 5 0
github.com/GabeCordo/DistributedFunctions/internal/targets/core/thread/runner/handlers.go:187.2,188.9 2 0
github.com/GabeCordo/DistributedFunctions/internal/targets/core/thread/runner/handlers.go:188.9,194.3 5 0
github.com/GabeCordo/DistributedFunctions/internal/targets/core/thread/runner/handlers.go:196.2,196.30 1 0
github.com/GabeCordo/DistributedFunctions/internal/targets/core/thread/runner/handlers.go:196.30,202.3 5 0
github.com/GabeCordo/DistributedFunctions/internal/targets/core/thread/runner/handlers.go:204.2,207.46 3 0
github.com/GabeCordo/DistributedFunctions/internal/targets/core/thread/runner/handlers.go:207.46,209.3 1 0
github.com/GabeCordo/DistributedFunctions/internal/targets/core/thread/runner/handlers.go:209.8,209.52 1 0
github.com/GabeCordo/DistributedFunctions/internal/targets/core/thread/runner/handlers.go:209.52,211.3 1 0
github.com/GabeCordo/DistributedFunctions/internal/targets/core/thread/runner/handlers.go:211.8,211.52 1 0
github.com/GabeCordo/DistributedFunctions/internal/targets/core/thread/runner/handlers.go:211.52,213.3 1 0
github.com/GabeCordo/DistributedFunctions/internal/targets/core/thread/runner/handlers.go:213.8,215.3 1 0
github.com/GabeCordo/DistributedFunctions/internal/targets/core/thread/runner/handlers.go:217.2,220.16 2 0
github.com/GabeCordo/DistributedFunctions/internal/targets/core/thread/runner/handlers.go:220.16,228.3 5 0
github.com/GabeCordo/DistributedFunctions/internal/targets/core/thread/runner/handlers.go:231.2,232.9 2 0
github.com/GabeCordo/DistributedFunctions/internal/targets/core/thread/runner/handlers.go:232.9,238.3 5 0
github.com/GabeCordo/DistributedFunctions/internal/targets/core/thread/runner/handlers.go:240.2,240.84 1 0
github.com/GabeCordo/DistributedFunctions/internal/targets/core/thread/runner/handlers.go:243.105,245.28 1 0
github.com/GabeCordo/DistributedFunctions/internal/targets/core/thread/runner/handlers.go:245.28,247.3 1 0
github.com/GabeCordo/DistributedFunctions/internal/targets/core/thread/runner/handlers.go:247.8,253.3 4 0
github.com/GabeCordo/DistributedFunctions/internal/targets/core/thread/runner/handlers.go:256.97,259.9 2 0
github.com/GabeCordo/DistributedFunctions/internal/targets/core/thread/runner/handlers.go:259.9,266.3 6 0
github.com/GabeCordo/DistributedFunctions/internal/targets/core/thread/runner/handlers.go:268.2,269.16 2 0
github.com/GabeCordo/DistributedFunctions/internal/targets/core/thread/runner/handlers.go:269.16,276.3 6 0
github.com/GabeCordo/DistributedFunctions/internal/targets/core/thread/runner/handlers.go:278.2,278.28 1 0
github.com/GabeCordo/DistributedFunctions/internal/targets/core/thread/runner/handlers.go:278.28,289.3 9 0
github.com/GabeCordo/DistributedFunctions/internal/targets/core/thread/runner/handlers.go:291.2,298.37 7 0
github.com/GabeCordo/DistributedFunctions/internal/targets/core/thread/runner/handlers.go:301.97,307.2 4 0
github.com/GabeCordo/DistributedFunctions/internal/targets/core/thread/runner/handlers.go:309.96,315.2 4 0
github.com/GabeCordo/DistributedFunctions/internal/targets/core/thread/runner/thread.go:9.26,12.2 1 0
github.com/GabeCordo/DistributedFunctions/internal/targets/core/thread/runner/thread.go:14.26,20.6 4 0
github.com/GabeCordo/DistributedFunctions/internal/targets/core/thread/runner/thread.go:20.6,21.10 1 0
github.com/GabeCordo/DistributedFunctions/internal/targets/core/thread/runner/thread.go:22.32,23.4 1 0
github.com/GabeCordo/DistributedFunctions/internal/targets/core/thread/runner/thread.go:23.4,25.20 2 0
github.com/GabeCordo/DistributedFunctions/internal/targets/core/thread/runner/thread.go:25.20,28.6 2 0
github.com/GabeCordo/DistributedFunctions/internal/targets/core/thread/runner/thread.go:30.32,31.4 1 0
github.com/GabeCordo/DistributedFunctions/internal/targets/core/thread/runner/thread.go:31.4,34.11 3 0
github.com/GabeCordo/DistributedFunctions/internal/targets/core/thread/runner/thread.go:34.11,36.6 1 0
github.com/GabeCordo/DistributedFunctions/internal/targets/core/thread/runner/thread.go:38.32,39.4 1 0
github.com/GabeCordo/DistributedFunctions/internal/targets/core/thread/runner/thread.go:39.4,42.11 3 0
github.com/GabeCordo/DistributedFunctions/internal/targets/core/thread/runner/thread.go:42.11,44.6 1 0
github.com/GabeCordo/DistributedFunctions/internal/targets/core/thread/runner/thread.go:46.27,47.4 1 0
github.com/GabeCordo/DistributedFunctions/internal/targets/core/thread/runner/thread.go:47.4,49.10 1 0
github.com/GabeCordo/DistributedFunctions/internal/targets/core/thread/runner/thread.go:52.3,52.13 1 0
github.com/GabeCordo/DistributedFunctions/internal/targets/core/thread/runner/thread.go:56.83,61.24 3 0
github.com/GabeCordo/DistributedFunctions/internal/targets/core/thread/runner/thread.go:62.24,63.3 1 0
github.com/GabeCordo/DistributedFunctions/internal/targets/core/thread/runner/thread.go:63.3,65.4 1 0
github.com/GabeCordo/DistributedFunctions/internal/targets/core/thread/runner/thread.go:66.10,67.3 1 0
github.com/GabeCordo/DistributedFunctions/internal/targets/core/thread/runner/thread.go:67.4,69.4 0 0
github.com/GabeCordo/DistributedFunctions/internal/targets/core/thread/runner/thread.go:79.85,81.17 1 0
github.com/GabeCordo/DistributedFunctions/internal/targets/core/thread/runner/thread.go:81.17,83.3 1 0
github.com/GabeCordo/DistributedFunctions/internal/targets/core/thread/runner/thread.go:85.2,87.24 2 0
github.com/GabeCordo/DistributedFunctions/internal/targets/core/thread/runner/thread.go:88.24,89.3 1 0
github.com/GabeCordo/DistributedFunctions/internal/targets/core/thread/runner/thread.go:89.3,90.24 1 0
github.com/GabeCordo/DistributedFunctions/internal/targets/core/thread/runner/thread.go:91.26,92.5 1 0
github.com/GabeCordo/DistributedFunctions/internal/targets/core/thread/runner/thread.go:92.5,94.6 1 0
github.com/GabeCordo/DistributedFunctions/internal/targets/core/thread/runner/thread.go:95.12,96.5 1 0
github.com/GabeCordo/DistributedFunctions/internal/targets/core/thread/runner/thread.go:96.5,98.6 1 0
github.com/GabeCordo/DistributedFunctions/internal/targets/core/thread/runner/thread.go:101.26,102.3 1 0
github.com/GabeCordo/DistributedFunctions/internal/targets/core/thread/runner/thread.go:102.3,103.24 1 0
github.com/GabeCordo/DistributedFunctions/internal/targets/core/thread/runner/thread.go:104.26,105.5 1 0
github.com/GabeCordo/DistributedFunctions/internal/targets/core/thread/runner/thread.go:105.5,107.6 1 0
github.com/GabeCordo/DistributedFunctions/internal/targets/core/thread/runner/thread.go:108.12,109.5 1 0
github.com/GabeCordo/DistributedFunctions/internal/targets/core/thread/runner/thread.go:109.5,111.6 1 0
github.com/GabeCordo/DistributedFunctions/internal/targets/core/thread/runner/thread.go:114.27,115.3 1 0
github.com/GabeCordo/DistributedFunctions/internal/targets/core/thread/runner/thread.go:115.3,116.24 1 0
github.com/GabeCordo/DistributedFunctions/internal/targets/core/thread/runner/thread.go:117.26,118.5 1 0
github.com/GabeCordo/DistributedFunctions/internal/targets/core/thread/runner/thread.go:118.5,120.6 1 0
github.com/GabeCordo/DistributedFunctions/internal/targets/core/thread/runner/thread.go:121.12,122.5 1 0
github.com/GabeCordo/DistributedFunctions/internal/targets/core/thread/runner/thread.go:122.5,124.6 1 0
github.com/GabeCordo/DistributedFunctions/internal/targets/core/thread/runner/thread.go:127.27,128.3 1 0
github.com/GabeCordo/DistributedFunctions/internal/targets/core/thread/runner/thread.go:128.3,129.24 1 0
github.com/GabeCordo/DistributedFunctions/internal/targets/core/thread/runner/thread.go:130.26,131.5 1 0
github.com/GabeCordo/DistributedFunctions/internal/targets/core/thread/runner/thread.go:131.5,133.6 1 0
github.com/GabeCordo/DistributedFunctions/internal/targets/core/thread/runner/thread.go:134.12,135.5 1 0
github.com/GabeCordo/DistributedFunctions/internal/targets/core/thread/runner/thread.go:135.5,137.6 1 0
github.com/GabeCordo/DistributedFunctions/internal/targets/core/thread/runner/thread.go:140.24,141.3 1 0
github.com/GabeCordo/DistributedFunctions/internal/targets/core/thread/runner/thread.go:141.3,142.24 1 0
github.com/GabeCordo/DistributedFunctions/internal/targets/core/thread/runner/thread.go:143.26,144.5 1 0
github.com/GabeCordo/DistributedFunctions/internal/targets/core/thread/runner/thread.go:144.5,146.6 1 0
github.com/GabeCordo/DistributedFunctions/internal/targets/core/thread/runner/thread.go:147.12,148.5 1 0
github.com/GabeCordo/DistributedFunctions/internal/targets/core/thread/runner/thread.go:148.5,150.6 1 0
github.com/GabeCordo/DistributedFunctions/internal/targets/core/thread/runner/thread.go:153.27,154.3 1 0
github.com/GabeCordo/DistributedFunctions/internal/targets/core/thread/runner/thread.go:154.3,155.24 1 0
github.com/GabeCordo/DistributedFunctions/internal/targets/core/thread/runner/thread.go:156.26,157.5 1 0
github.com/GabeCordo/DistributedFunctions/internal/targets/core/thread/runner/thread.go:157.5,159.6 1 0
github.com/GabeCordo/DistributedFunctions/internal/targets/core/thread/runner/thread.go:160.12,161.5 1 0
github.com/GabeCordo/DistributedFunctions/internal/targets/core/thread/runner/thread.go:161.5,163.6 1 0
github.com/GabeCordo/DistributedFunctions/internal/targets/core/thread/runner/thread.go:166.10,167.3 1 0
github.com/GabeCordo/DistributedFunctions/internal/targets/core/thread/runner/thread.go:167.3,169.4 1 0
github.com/GabeCordo/DistributedFunctions/internal/targets/core/thread/runner/thread.go:172.2,172.16 1 0
github.com/GabeCordo/DistributedFunctions/internal/targets/core/thread/runner/thread.go:172.16,175.3 2 0
github.com/GabeCordo/DistributedFunctions/internal/targets/core/thread/runner/thread.go:177.2,177.17 1 0
github.com/GabeCordo/DistributedFunctions/internal/targets/core/thread/runner/thread.go:180.87,182.17 1 0
github.com/GabeCordo/DistributedFunctions/internal/targets/core/thread/runner/thread.go:182.17,184.3 1 0
github.com/GabeCordo/DistributedFunctions/internal/targets/core/thread/runner/thread.go:186.2,186.26 1 0
github.com/GabeCordo/DistributedFunctions/internal/targets/core/thread/runner/thread.go:187.23,188.3 1 0
github.com/GabeCordo/DistributedFunctions/internal/targets/core/thread/runner/thread.go:188.3,189.28 1 0
github.com/GabeCordo/DistributedFunctions/internal/targets/core/thread/runner/thread.go:190.26,191.5 1 0
github.com/GabeCordo/DistributedFunctions/internal/targets/core/thread/runner/thread.go:191.5,192.28 1 0
github.com/GabeCordo/DistributedFunctions/internal/targets/core/thread/runner/thread.go:193.33,194.7 1 0
github.com/GabeCordo/DistributedFunctions/internal/targets/core/thread/runner/thread.go:194.7,196.8 1 0
github.com/GabeCordo/DistributedFunctions/internal/targets/core/thread/runner/thread.go:197.14,198.7 1 0
github.com/GabeCordo/DistributedFunctions/internal/targets/core/thread/runner/thread.go:198.8,200.8 0 0
github.com/GabeCordo/DistributedFunctions/internal/targets/core/thread/runner/thread.go:203.29,204.5 1 0
github.com/GabeCordo/DistributedFunctions/internal/targets/core/thread/runner/thread.go:204.5,205.28 1 0
github.com/GabeCordo/DistributedFunctions/internal/targets/core/thread/runner/thread.go:206.34,207.7 1 0
github.com/GabeCordo/DistributedFunctions/internal/targets/core/thread/runner/thread.go:207.7,209.8 1 0
github.com/GabeCordo/DistributedFunctions/internal/targets/core/thread/runner/thread.go:210.14,211.7 1 0
github.com/GabeCordo/DistributedFunctions/internal/targets/core/thread/runner/thread.go:211.8,213.8 0 0
github.com/GabeCordo/DistributedFunctions/internal/targets/core/thread/runner/thread.go:216.12,217.5 1 0
github.com/GabeCordo/DistributedFunctions/internal/targets/core/thread/runner/thread.go:217.6,219.6 0 0
github.com/GabeCordo/DistributedFunctions/internal/targets/core/thread/runner/thread.go:222.21,223.3 1 0
github.com/GabeCordo/DistributedFunctions/internal/targets/core/thread/runner/thread.go:223.3,224.28 1 0
github.com/GabeCordo/DistributedFunctions/internal/targets/core/thread/runner/thread.go:225.29,226.5 1 0
github.com/GabeCordo/DistributedFunctions/internal/targets/core/thread/runner/thread.go:226.5,227.28 1 0
github.com/GabeCordo/DistributedFunctions/internal/targets/core/thread/runner/thread.go:228.28,229.7 1 0
github.com/GabeCordo/DistributedFunctions/internal/targets/core/thread/runner/thread.go:229.7,231.8 1 0
github.com/GabeCordo/DistributedFunctions/internal/targets/core/thread/runner/thread.go:232.14,233.7 1 0
github.com/GabeCordo/DistributedFunctions/internal/targets/core/thread/runner/thread.go:233.8,235.8 0 0
github.com/GabeCordo/DistributedFunctions/internal/targets/core/thread/runner/thread.go:238.29,239.5 1 0
github.com/GabeCordo/DistributedFunctions/internal/targets/core/thread/runner/thread.go:239.5,240.28 1 0
github.com/GabeCordo/DistributedFunctions/internal/targets/core/thread/runner/thread.go:241.28,242.7 1 0
github.com/GabeCordo/DistributedFunctions/internal/targets/core/thread/runner/thread.go:242.7,244.8 1 0
github.com/GabeCordo/DistributedFunctions/internal/targets/core/thread/runner/thread.go:245.14,246.7 1 0
github.com/GabeCordo/DistributedFunctions/internal/targets/core/thread/runner/thread.go:246.8,248.8 0 0
github.com/GabeCordo/DistributedFunctions/internal/targets/core/thread/runner/thread.go:251.12,252.5 1 0
github.com/GabeCordo/DistributedFunctions/internal/targets/core/thread/runner/thread.go:252.6,254.6 0 0
github.com/GabeCordo/DistributedFunctions/internal/targets/core/thread/runner/thread.go:257.24,258.25 1 0
github.com/GabeCordo/DistributedFunctions/internal/targets/core/thread/runner/thread.go:259.25,260.4 1 0
github.com/GabeCordo/DistributedFunctions/internal/targets/core/thread/runner/thread.go:260.4,262.5 1 0
github.com/GabeCordo/DistributedFunctions/internal/targets/core/thread/runner/thread.go:263.11,264.4 1 0
github.com/GabeCordo/DistributedFunctions/internal/targets/core/thread/runner/thread.go:264.5,266.5 0 0
github.com/GabeCordo/DistributedFunctions/internal/targets/core/thread/runner/thread.go:268.10,269.3 1 0
github.com/GabeCordo/DistributedFunctions/internal/targets/core/thread/runner/thread.go:269.4,271.4 0 0
github.com/GabeCordo/DistributedFunctions/internal/targets/core/thread/runner/thread.go:275.29,279.2 1 0
github.com/GabeCordo/DistributedFunctions/internal/targets/core/thread/runner/types.go:40.112,43.16 2 0
github.com/GabeCordo/DistributedFunctions/internal/targets/core/thread/runner/types.go:43.16,45.3 1 0
github.com/GabeCordo/DistributedFunctions/internal/targets/core/thread/runner/types.go:46.2,48.19 2 0
github.com/GabeCordo/DistributedFunctions/internal/targets/core/thread/runner/types.go:48.19,50.3 1 0
github.com/GabeCordo/DistributedFunctions/internal/targets/core/thread/runner/types.go:50.8,52.3 1 0
github.com/GabeCordo/DistributedFunctions/internal/targets/core/thread/runner/types.go:54.2,57.9 3 0
github.com/GabeCordo/DistributedFunctions/internal/targets/core/thread/runner/types.go:57.9,59.3 1 0
github.com/GabeCordo/DistributedFunctions/internal/targets/core/thread/runner/types.go:60.2,61.9 2 0
github.com/GabeCordo/DistributedFunctions/internal/targets/core/thread/runner/types.go:61.9,63.3 1 0
github.com/GabeCordo/DistributedFunctions/internal/targets/core/thread/runner/types.go:64.2,65.9 2 0
github.com/GabeCordo/DistributedFunctions/internal/targets/core/thread/runner/types.go:65.9,67.3 1 0
github.com/GabeCordo/DistributedFunctions/internal/targets/core/thread/runner/types.go:68.2,69.9 2 0
github.com/GabeCordo/DistributedFunctions/internal/targets/core/thread/runner/types.go:69.9,71.3 1 0
github.com/GabeCordo/DistributedFunctions/internal/targets/core/thread/runner/types.go:72.2,73.9 2 0
github.com/GabeCordo/DistributedFunctions/internal/targets/core/thread/runner/types.go:73.9,75.3 1 0
github.com/GabeCordo/DistributedFunctions/internal/targets/core/thread/runner/types.go:76.2,77.9 2 0
github.com/GabeCordo/DistributedFunctions/internal/targets/core/thread/runner/types.go:77.9,79.3 1 0
github.com/GabeCordo/DistributedFunctions/internal/targets/core/thread/runner/types.go:80.2,81.9 2 0
github.com/GabeCordo/DistributedFunctions/internal/targets/core/thread/runner/types.go:81.9,83.3 1 0
github.com/GabeCordo/DistributedFunctions/internal/targets/core/thread/runner/types.go:84.2,85.9 2 0
github.com/GabeCordo/DistributedFunctions/internal/targets/core/thread/runner/types.go:85.9,87.3 1 0
github.com/GabeCordo/DistributedFunctions/internal/targets/core/thread/runner/types.go:88.2,94.15 4 0
github.com/GabeCordo/DistributedFunctions/internal/targets/core/thread/scheduler/handlers.go:9.83,12.9 2 0
github.com/GabeCordo/DistributedFunctions/internal/targets/core/thread/scheduler/handlers.go:12.9,16.3 3 0
github.com/GabeCordo/DistributedFunctions/internal/targets/core/thread/scheduler/handlers.go:18.2,20.34 3 0
github.com/GabeCordo/DistributedFunctions/internal/targets/core/thread/scheduler/handlers.go:23.85,27.2 2 0
github.com/GabeCordo/DistributedFunctions/internal/targets/core/thread/scheduler/handlers.go:29.86,32.9 2 0
github.com/GabeCordo/DistributedFunctions/internal/targets/core/thread/scheduler/handlers.go:32.9,36.3 3 0
github.com/GabeCordo/DistributedFunctions/internal/targets/core/thread/scheduler/handlers.go:38.2,40.52 3 0
github.com/GabeCordo/DistributedFunctions/internal/targets/core/thread/scheduler/handlers.go:43.86,46.9 2 0
github.com/GabeCordo/DistributedFunctions/internal/targets/core/thread/scheduler/handlers.go:46.9,50.3 3 0
github.com/GabeCordo/DistributedFunctions/internal/targets/core/thread/scheduler/handlers.go:52.2,54.56 3 0
github.com/GabeCordo/DistributedFunctions/internal/targets/core/thread/scheduler/thread.go:9.26,12.2 1 0
github.com/GabeCordo/DistributedFunctions/internal/targets/core/thread/scheduler/thread.go:14.26,18.101 2 0
github.com/GabeCordo/DistributedFunctions/internal/targets/core/thread/scheduler/thread.go:18.101,29.3 3 0
github.com/GabeCordo/DistributedFunctions/internal/targets/core/thread/scheduler/thread.go:31.2,35.6 4 0
github.com/GabeCordo/DistributedFunctions/internal/targets/core/thread/scheduler/thread.go:35.6,36.10 1 0
github.com/GabeCordo/DistributedFunctions/internal/targets/core/thread/scheduler/thread.go:37.32,38.4 1 0
github.com/GabeCordo/DistributedFunctions/internal/targets/core/thread/scheduler/thread.go:38.4,40.20 2 0
github.com/GabeCordo/DistributedFunctions/internal/targets/core/thread/scheduler/thread.go:40.20,42.6 1 0
github.com/GabeCordo/DistributedFunctions/internal/targets/core/thread/scheduler/thread.go:44.32,45.4 1 0
github.com/GabeCordo/DistributedFunctions/internal/targets/core/thread/scheduler/thread.go:45.4,47.20 1 0
github.com/GabeCordo/DistributedFunctions/internal/targets/core/thread/scheduler/thread.go:47.20,49.6 1 0
github.com/GabeCordo/DistributedFunctions/internal/targets/core/thread/scheduler/thread.go:50.5,50.53 1 0
github.com/GabeCordo/DistributedFunctions/internal/targets/core/thread/scheduler/thread.go:52.32,53.4 1 0
github.com/GabeCordo/DistributedFunctions/internal/targets/core/thread/scheduler/thread.go:53.4,55.20 1 0
github.com/GabeCordo/DistributedFunctions/internal/targets/core/thread/scheduler/thread.go:55.20,57.6 1 0
github.com/GabeCordo/DistributedFunctions/internal/targets/core/thread/scheduler/thread.go:58.5,58.52 1 0
github.com/GabeCordo/DistributedFunctions/internal/targets/core/thread/scheduler/thread.go:60.27,61.4 1 0
github.com/GabeCordo/DistributedFunctions/internal/targets/core/thread/scheduler/thread.go:61.4,63.10 1 0
github.com/GabeCordo/DistributedFunctions/internal/targets/core/thread/scheduler/thread.go:66.3,66.13 1 0
github.com/GabeCordo/DistributedFunctions/internal/targets/core/thread/scheduler/thread.go:70.85,75.17 3 0
github.com/GabeCordo/DistributedFunctions/internal/targets/core/thread/scheduler/thread.go:75.17,77.3 1 0
github.com/GabeCordo/DistributedFunctions/internal/targets/core/thread/scheduler/thread.go:79.2,79.24 1 0
github.com/GabeCordo/DistributedFunctions/internal/targets/core/thread/scheduler/thread.go:80.24,81.3 1 0
github.com/GabeCordo/DistributedFunctions/internal/targets/core/thread/scheduler/thread.go:81.3,82.24 1 0
github.com/GabeCordo/DistributedFunctions/internal/targets/core/thread/scheduler/thread.go:83.26,84.5 1 0
github.com/GabeCordo/DistributedFunctions/internal/targets/core/thread/scheduler/thread.go:84.5,86.6 1 0
github.com/GabeCordo/DistributedFunctions/internal/targets/core/thread/scheduler/thread.go:87.28,88.5 1 0
github.com/GabeCordo/DistributedFunctions/internal/targets/core/thread/scheduler/thread.go:88.5,90.6 1 0
github.com/GabeCordo/DistributedFunctions/internal/targets/core/thread/scheduler/thread.go:91.12,92.5 1 0
github.com/GabeCordo/DistributedFunctions/internal/targets/core/thread/scheduler/thread.go:92.5,95.6 2 0
github.com/GabeCordo/DistributedFunctions/internal/targets/core/thread/scheduler/thread.go:98.27,99.3 1 0
github.com/GabeCordo/DistributedFunctions/internal/targets/core/thread/scheduler/thread.go:99.3,101.4 1 0
github.com/GabeCordo/DistributedFunctions/internal/targets/core/thread/scheduler/thread.go:102.27,103.3 1 0
github.com/GabeCordo/DistributedFunctions/internal/targets/core/thread/scheduler/thread.go:103.3,105.4 1 0
github.com/GabeCordo/DistributedFunctions/internal/targets/core/thread/scheduler/thread.go:106.10,107.3 1 0
github.com/GabeCordo/DistributedFunctions/internal/targets/core/thread/scheduler/thread.go:107.3,110.4 2 0
github.com/GabeCordo/DistributedFunctions/internal/targets/core/thread/scheduler/thread.go:113.2,113.17 1 0
github.com/GabeCordo/DistributedFunctions/internal/targets/core/thread/scheduler/thread.go:116.29,120.2 1 0
github.com/GabeCordo/DistributedFunctions/internal/targets/core/thread/scheduler/types.go:41.133,46.16 3 0
github.com/GabeCordo/DistributedFunctions/internal/targets/core/thread/scheduler/types.go:46.16,47.58 1 0
github.com/GabeCordo/DistributedFunctions/internal/targets/core/thread/scheduler/types.go:49.2,51.19 2 0
github.com/GabeCordo/DistributedFunctions/internal/targets/core/thread/scheduler/types.go:51.19,52.61 1 0
github.com/GabeCordo/DistributedFunctions/internal/targets/core/thread/scheduler/types.go:54.2,57.9 3 0
github.com/GabeCordo/DistributedFunctions/internal/targets/core/thread/scheduler/types.go:57.9,59.3 1 0
github.com/GabeCordo/DistributedFunctions/internal/targets/core/thread/scheduler/types.go:61.2,62.9 2 0
github.com/GabeCordo/DistributedFunctions/internal/targets/core/thread/scheduler/types.go:62.9,64.3 1 0
github.com/GabeCordo/DistributedFunctions/internal/targets/core/thread/scheduler/types.go:66.2,67.9 2 0
github.com/GabeCordo/DistributedFunctions/internal/targets/core/thread/scheduler/types.go:67.9,69.3 1 0
github.com/GabeCordo/DistributedFunctions/internal/targets/core/thread/scheduler/types.go:71.2,72.9 2 0
github.com/GabeCordo/DistributedFunctions/internal/targets/core/thread/scheduler/types.go:72.9,74.3 1 0
github.com/GabeCordo/DistributedFunctions/internal/targets/core/thread/scheduler/types.go:76.2,77.9 2 0
github.com/GabeCordo/DistributedFunctions/internal/targets/core/thread/scheduler/types.go:77.9,79.3 1 0
github.com/GabeCordo/DistributedFunctions/internal/targets/core/thread/scheduler/types.go:81.2,82.9 2 0
github.com/GabeCordo/DistributedFunctions/internal/targets/core/thread/scheduler/types.go:82.9,84.3 1 0
github.com/GabeCordo/DistributedFunctions/internal/targets/core/thread/scheduler/types.go:86.2,87.9 2 0
github.com/GabeCordo/DistributedFunctions/internal/targets/core/thread/scheduler/types.go:87.9,89.3 1 0
github.com/GabeCordo/DistributedFunctions/internal/targets/core/thread/scheduler/types.go:91.2,100.15 6 0
github.com/GabeCordo/DistributedFunctions/internal/targets/core/thread/socket/events.go:18.88,31.2 4 0
github.com/GabeCordo/DistributedFunctions/internal/targets/core/thread/socket/events.go:33.83,45.16 4 0
github.com/GabeCordo/DistributedFunctions/internal/targets/core/thread/socket/events.go:45.16,47.3 1 0
github.com/GabeCordo/DistributedFunctions/internal/targets/core/thread/socket/events.go:50.86,52.24 1 0
github.com/GabeCordo/DistributedFunctions/internal/targets/core/thread/socket/events.go:53.21,54.3 1 0
github.com/GabeCordo/DistributedFunctions/internal/targets/core/thread/socket/events.go:54.3,55.26 1 0
github.com/GabeCordo/DistributedFunctions/internal/targets/core/thread/socket/events.go:56.23,57.5 1 0
github.com/GabeCordo/DistributedFunctions/internal/targets/core/thread/socket/events.go:57.5,59.20 2 0
github.com/GabeCordo/DistributedFunctions/internal/targets/core/thread/socket/events.go:59.20,62.7 2 0
github.com/GabeCordo/DistributedFunctions/internal/targets/core/thread/socket/events.go:64.6,66.20 3 0
github.com/GabeCordo/DistributedFunctions/internal/targets/core/thread/socket/events.go:66.20,69.7 2 0
github.com/GabeCordo/DistributedFunctions/internal/targets/core/thread/socket/events.go:71.6,86.58 3 0
github.com/GabeCordo/DistributedFunctions/internal/targets/core/thread/socket/events.go:88.20,89.5 1 0
github.com/GabeCordo/DistributedFunctions/internal/targets/core/thread/socket/events.go:89.6,91.6 0 0
github.com/GabeCordo/DistributedFunctions/internal/targets/core/thread/socket/events.go:92.12,93.5 1 0
github.com/GabeCordo/DistributedFunctions/internal/targets/core/thread/socket/events.go:93.6,95.6 0 0
github.com/GabeCordo/DistributedFunctions/internal/targets/core/thread/socket/events.go:98.21,99.3 1 0
github.com/GabeCordo/DistributedFunctions/internal/targets/core/thread/socket/events.go:99.3,100.26 1 0
github.com/GabeCordo/DistributedFunctions/internal/targets/core/thread/socket/events.go:101.20,102.5 1 0
github.com/GabeCordo/DistributedFunctions/internal/targets/core/thread/socket/events.go:102.5,104.20 2 0
github.com/GabeCordo/DistributedFunctions/internal/targets/core/thread/socket/events.go:104.20,107.7 2 0
github.com/GabeCordo/DistributedFunctions/internal/targets/core/thread/socket/events.go:109.6,111.20 3 0
github.com/GabeCordo/DistributedFunctions/internal/targets/core/thread/socket/events.go:111.20,114.7 2 0
github.com/GabeCordo/DistributedFunctions/internal/targets/core/thread/socket/events.go:116.6,124.48 2 0
github.com/GabeCordo/DistributedFunctions/internal/targets/core/thread/socket/events.go:126.12,127.5 1 0
github.com/GabeCordo/DistributedFunctions/internal/targets/core/thread/socket/events.go:127.6,129.6 0 0
github.com/GabeCordo/DistributedFunctions/internal/targets/core/thread/socket/events.go:132.10,133.3 1 0
github.com/GabeCordo/DistributedFunctions/internal/targets/core/thread/socket/events.go:133.4,135.4 0 0
github.com/GabeCordo/DistributedFunctions/internal/targets/core/thread/socket/handlers.go:9.86,11.40 1 0
github.com/GabeCordo/DistributedFunctions/internal/targets/core/thread/socket/handlers.go:11.40,15.3 3 0
github.com/GabeCordo/DistributedFunctions/internal/targets/core/thread/socket/handlers.go:17.2,18.9 2 0
github.com/GabeCordo/DistributedFunctions/internal/targets/core/thread/socket/handlers.go:18.9,22.3 3 0
github.com/GabeCordo/DistributedFunctions/internal/targets/core/thread/socket/handlers.go:24.2,31.16 3 0
github.com/GabeCordo/DistributedFunctions/internal/targets/core/thread/socket/handlers.go:31.16,35.3 3 0
github.com/GabeCordo/DistributedFunctions/internal/targets/core/thread/socket/handlers.go:37.2,37.48 1 0
github.com/GabeCordo/DistributedFunctions/internal/targets/core/thread/socket/handlers.go:40.86,42.40 1 0
github.com/GabeCordo/DistributedFunctions/internal/targets/core/thread/socket/handlers.go:42.40,46.3 3 0
github.com/GabeCordo/DistributedFunctions/internal/targets/core/thread/socket/handlers.go:48.2,48.41 1 0
github.com/GabeCordo/DistributedFunctions/internal/targets/core/thread/socket/handlers.go:48.41,52.3 3 0
github.com/GabeCordo/DistributedFunctions/internal/targets/core/thread/socket/handlers.go:54.2,61.16 3 0
github.com/GabeCordo/DistributedFunctions/internal/targets/core/thread/socket/handlers.go:61.16,64.3 2 0
github.com/GabeCordo/DistributedFunctions/internal/targets/core/thread/socket/thread.go:9.26,14.16 3 0
github.com/GabeCordo/DistributedFunctions/internal/targets/core/thread/socket/thread.go:14.16,15.13 1 0
github.com/GabeCordo/DistributedFunctions/internal/targets/core/thread/socket/thread.go:18.2,19.45 2 0
github.com/GabeCordo/DistributedFunctions/internal/targets/core/thread/socket/thread.go:22.26,30.6 5 0
github.com/GabeCordo/DistributedFunctions/internal/targets/core/thread/socket/thread.go:30.6,31.10 1 0
github.com/GabeCordo/DistributedFunctions/internal/targets/core/thread/socket/thread.go:32.31,33.4 1 0
github.com/GabeCordo/DistributedFunctions/internal/targets/core/thread/socket/thread.go:33.4,35.20 2 0
github.com/GabeCordo/DistributedFunctions/internal/targets/core/thread/socket/thread.go:35.20,37.6 1 0
github.com/GabeCordo/DistributedFunctions/internal/targets/core/thread/socket/thread.go:39.31,40.4 1 0
github.com/GabeCordo/DistributedFunctions/internal/targets/core/thread/socket/thread.go:40.4,41.20 1 0
github.com/GabeCordo/DistributedFunctions/internal/targets/core/thread/socket/thread.go:41.20,43.6 1 0
github.com/GabeCordo/DistributedFunctions/internal/targets/core/thread/socket/thread.go:44.5,44.55 1 0
github.com/GabeCordo/DistributedFunctions/internal/targets/core/thread/socket/thread.go:46.27,47.4 1 0
github.com/GabeCordo/DistributedFunctions/internal/targets/core/thread/socket/thread.go:47.4,49.10 1 0
github.com/GabeCordo/DistributedFunctions/internal/targets/core/thread/socket/thread.go:52.3,52.13 1 0
github.com/GabeCordo/DistributedFunctions/internal/targets/core/thread/socket/thread.go:56.85,58.17 1 0
github.com/GabeCordo/DistributedFunctions/internal/targets/core/thread/socket/thread.go:58.17,60.3 1 0
github.com/GabeCordo/DistributedFunctions/internal/targets/core/thread/socket/thread.go:62.2,65.24 3 0
github.com/GabeCordo/DistributedFunctions/internal/targets/core/thread/socket/thread.go:66.27,67.3 1 0
github.com/GabeCordo/DistributedFunctions/internal/targets/core/thread/socket/thread.go:67.3,68.24 1 0
github.com/GabeCordo/DistributedFunctions/internal/targets/core/thread/socket/thread.go:69.26,70.5 1 0
github.com/GabeCordo/DistributedFunctions/internal/targets/core/thread/socket/thread.go:70.5,72.6 1 0
github.com/GabeCordo/DistributedFunctions/internal/targets/core/thread/socket/thread.go:73.12,74.5 1 0
github.com/GabeCordo/DistributedFunctions/internal/targets/core/thread/socket/thread.go:74.5,77.6 2 0
github.com/GabeCordo/DistributedFunctions/internal/targets/core/thread/socket/thread.go:80.27,81.3 1 0
github.com/GabeCordo/DistributedFunctions/internal/targets/core/thread/socket/thread.go:81.3,82.24 1 0
github.com/GabeCordo/DistributedFunctions/internal/targets/core/thread/socket/thread.go:83.26,84.5 1 0
github.com/GabeCordo/DistributedFunctions/internal/targets/core/thread/socket/thread.go:84.5,86.6 1 0
github.com/GabeCordo/DistributedFunctions/internal/targets/core/thread/socket/thread.go:87.12,88.5 1 0
github.com/GabeCordo/DistributedFunctions/internal/targets/core/thread/socket/thread.go:88.5,91.6 2 0
github.com/GabeCordo/DistributedFunctions/internal/targets/core/thread/socket/thread.go:94.10,95.3 1 0
github.com/GabeCordo/DistributedFunctions/internal/targets/core/thread/socket/thread.go:95.3,98.4 2 0
github.com/GabeCordo/DistributedFunctions/internal/targets/core/thread/socket/thread.go:101.2,101.17 1 0
github.com/GabeCordo/DistributedFunctions/internal/targets/core/thread/socket/thread.go:104.29,108.2 1 0
github.com/GabeCordo/DistributedFunctions/internal/targets/core/thread/socket/types.go:48.131,51.16 2 0
github.com/GabeCordo/DistributedFunctions/internal/targets/core/thread/socket/types.go:51.16,53.3 1 0
github.com/GabeCordo/DistributedFunctions/internal/targets/core/thread/socket/types.go:54.2,56.19 2 0
github.com/GabeCordo/DistributedFunctions/internal/targets/core/thread/socket/types.go:56.19,58.3 1 0
github.com/GabeCordo/DistributedFunctions/internal/targets/core/thread/socket/types.go:58.8,60.3 1 0
github.com/GabeCordo/DistributedFunctions/internal/targets/core/thread/socket/types.go:62.2,65.9 3 0
github.com/GabeCordo/DistributedFunctions/internal/targets/core/thread/socket/types.go:65.9,67.3 1 0
github.com/GabeCordo/DistributedFunctions/internal/targets/core/thread/socket/types.go:69.2,70.9 2 0
github.com/GabeCordo/DistributedFunctions/internal/targets/core/thread/socket/types.go:70.9,72.3 1 0
github.com/GabeCordo/DistributedFunctions/internal/targets/core/thread/socket/types.go:74.2,75.9 2 0
github.com/GabeCordo/DistributedFunctions/internal/targets/core/thread/socket/types.go:75.9,77.3 1 0
github.com/GabeCordo/DistributedFunctions/internal/targets/core/thread/socket/types.go:79.2,80.9 2 0
github.com/GabeCordo/DistributedFunctions/internal/targets/core/thread/socket/types.go:80.9,82.3 1 0
github.com/GabeCordo/DistributedFunctions/internal/targets/core/thread/socket/types.go:84.2,85.9 2 0
github.com/GabeCordo/DistributedFunctions/internal/targets/core/thread/socket/types.go:85.9,87.3 1 0
github.com/GabeCordo/DistributedFunctions/internal/targets/core/thread/socket/types.go:88.2,97.15 6 0
github.com/GabeCordo/DistributedFunctions/internal/targets/core/use_cases/cache/cache.go:7.106,11.58 2 0
github.com/GabeCordo/DistributedFunctions/internal/targets/core/use_cases/cache/cache.go:11.58,12.69 1 0
github.com/GabeCordo/DistributedFunctions/internal/targets/core/use_cases/cache/cache.go:12.69,14.4 1 0
github.com/GabeCordo/DistributedFunctions/internal/targets/core/use_cases/cache/cache.go:15.3,15.29 1 0
github.com/GabeCordo/DistributedFunctions/internal/targets/core/use_cases/cache/cache.go:16.8,18.21 1 0
github.com/GabeCordo/DistributedFunctions/internal/targets/core/use_cases/cache/cache.go:18.21,20.4 1 0
github.com/GabeCordo/DistributedFunctions/internal/targets/core/use_cases/cache/cache.go:20.9,22.4 1 0
github.com/GabeCordo/DistributedFunctions/internal/targets/core/use_cases/cache/cache.go:25.2,25.27 1 0
github.com/GabeCordo/DistributedFunctions/internal/targets/core/use_cases/cache/cache.go:28.65,31.27 2 0
github.com/GabeCordo/DistributedFunctions/internal/targets/core/use_cases/cache/cache.go:31.27,33.3 1 0
github.com/GabeCordo/DistributedFunctions/internal/targets/core/use_cases/cache/cache.go:33.8,35.3 1 0
github.com/GabeCordo/DistributedFunctions/internal/targets/core/use_cases/cache/cache.go:37.2,37.18 1 0
github.com/GabeCordo/DistributedFunctions/internal/targets/core/use_cases/database/database.go:10.128,12.25 1 0
github.com/GabeCordo/DistributedFunctions/internal/targets/core/use_cases/database/database.go:12.25,14.3 1 0
github.com/GabeCordo/DistributedFunctions/internal/targets/core/use_cases/database/database.go:16.2,25.12 3 0
github.com/GabeCordo/DistributedFunctions/internal/targets/core/use_cases/database/database.go:28.130,38.2 2 0
github.com/GabeCordo/DistributedFunctions/internal/targets/core/use_cases/database/database.go:40.124,48.33 3 0
github.com/GabeCordo/DistributedFunctions/internal/targets/core/use_cases/database/database.go:48.33,50.3 1 0
github.com/GabeCordo/DistributedFunctions/internal/targets/core/use_cases/database/database.go:52.2,52.23 1 0
github.com/GabeCordo/DistributedFunctions/internal/targets/core/use_cases/database/database.go:55.126,63.33 3 0
github.com/GabeCordo/DistributedFunctions/internal/targets/core/use_cases/database/database.go:63.33,65.3 1 0
github.com/GabeCordo/DistributedFunctions/internal/targets/core/use_cases/database/database.go:67.2,67.24 1 0
github.com/GabeCordo/DistributedFunctions/internal/targets/core/use_cases/database/database.go:70.75,75.16 3 0
github.com/GabeCordo/DistributedFunctions/internal/targets/core/use_cases/database/database.go:75.16,77.3 1 0
github.com/GabeCordo/DistributedFunctions/internal/targets/core/use_cases/database/database.go:79.2,81.59 2 0
github.com/GabeCordo/DistributedFunctions/internal/targets/core/use_cases/database/database.go:81.59,83.10 2 0
github.com/GabeCordo/DistributedFunctions/internal/targets/core/use_cases/database/database.go:83.10,85.4 1 0
github.com/GabeCordo/DistributedFunctions/internal/targets/core/use_cases/database/database.go:85.9,88.4 2 0
github.com/GabeCordo/DistributedFunctions/internal/targets/core/use_cases/database/database.go:91.2,92.16 2 0
github.com/GabeCordo/DistributedFunctions/internal/targets/core/use_cases/database/database.go:92.16,94.3 1 0
github.com/GabeCordo/DistributedFunctions/internal/targets/core/use_cases/database/database.go:96.2,96.61 1 0
github.com/GabeCordo/DistributedFunctions/internal/targets/core/use_cases/database/database.go:96.61,98.10 2 0
github.com/GabeCordo/DistributedFunctions/internal/targets/core/use_cases/database/database.go:98.10,100.4 1 0
github.com/GabeCordo/DistributedFunctions/internal/targets/core/use_cases/database/database.go:100.9,100.57 1 0
github.com/GabeCordo/DistributedFunctions/internal/targets/core/use_cases/database/database.go:100.57,103.4 2 0
github.com/GabeCordo/DistributedFunctions/internal/targets/core/use_cases/database/database.go:106.2,106.24 1 0
github.com/GabeCordo/DistributedFunctions/internal/targets/core/use_cases/database/database.go:109.89,115.16 4 0
github.com/GabeCordo/DistributedFunctions/internal/targets/core/use_cases/database/database.go:115.16,117.3 1 0
github.com/GabeCordo/DistributedFunctions/internal/targets/core/use_cases/database/database.go:119.2,122.25 3 0
github.com/GabeCordo/DistributedFunctions/internal/targets/core/use_cases/database/database.go:122.25,124.10 2 0
github.com/GabeCordo/DistributedFunctions/internal/targets/core/use_cases/database/database.go:124.10,126.4 1 0
github.com/GabeCordo/DistributedFunctions/internal/targets/core/use_cases/database/database.go:129.2,129.20 1 0
github.com/GabeCordo/DistributedFunctions/internal/targets/core/use_cases/database/database.go:132.85,139.2 2 0
github.com/GabeCordo/DistributedFunctions/internal/targets/core/use_cases/database/database.go:141.74,147.2 2 0
github.com/GabeCordo/DistributedFunctions/internal/targets/core/use_cases/database/database.go:149.129,156.2 2 0
github.com/GabeCordo/DistributedFunctions/internal/targets/core/use_cases/database/database.go:158.61,163.2 1 0
github.com/GabeCordo/DistributedFunctions/internal/targets/core/use_cases/processor/functions.go:9.81,12.12 2 0
github.com/GabeCordo/DistributedFunctions/internal/targets/core/use_cases/processor/functions.go:12.12,15.3 1 0
github.com/GabeCordo/DistributedFunctions/internal/targets/core/use_cases/processor/functions.go:17.2,17.35 1 0
github.com/GabeCordo/DistributedFunctions/internal/targets/core/use_cases/processor/functions.go:20.72,23.12 2 0
github.com/GabeCordo/DistributedFunctions/internal/targets/core/use_cases/processor/functions.go:23.12,25.3 1 0
github.com/GabeCordo/DistributedFunctions/internal/targets/core/use_cases/processor/functions.go:27.2,28.12 2 0
github.com/GabeCordo/DistributedFunctions/internal/targets/core/use_cases/processor/functions.go:28.12,30.3 1 0
github.com/GabeCordo/DistributedFunctions/internal/targets/core/use_cases/processor/functions.go:32.2,36.12 4 0
github.com/GabeCordo/DistributedFunctions/internal/targets/core/use_cases/processor/functions.go:39.74,42.12 2 0
github.com/GabeCordo/DistributedFunctions/internal/targets/core/use_cases/processor/functions.go:42.12,44.3 1 0
github.com/GabeCordo/DistributedFunctions/internal/targets/core/use_cases/processor/functions.go:46.2,47.12 2 0
github.com/GabeCordo/DistributedFunctions/internal/targets/core/use_cases/processor/functions.go:47.12,49.3 1 0
github.com/GabeCordo/DistributedFunctions/internal/targets/core/use_cases/processor/functions.go:51.2,55.12 4 0
github.com/GabeCordo/DistributedFunctions/internal/targets/core/use_cases/processor/modules.go:10.57,13.2 1 0
github.com/GabeCordo/DistributedFunctions/internal/targets/core/use_cases/processor/modules.go:15.88,17.56 1 0
github.com/GabeCordo/DistributedFunctions/internal/targets/core/use_cases/processor/modules.go:17.56,19.3 1 0
github.com/GabeCordo/DistributedFunctions/internal/targets/core/use_cases/processor/modules.go:21.2,21.70 1 0
github.com/GabeCordo/DistributedFunctions/internal/targets/core/use_cases/processor/modules.go:21.70,23.3 1 0
github.com/GabeCordo/DistributedFunctions/internal/targets/core/use_cases/processor/modules.go:62.2,65.12 3 0
github.com/GabeCordo/DistributedFunctions/internal/targets/core/use_cases/processor/modules.go:68.80,71.2 1 0
github.com/GabeCordo/DistributedFunctions/internal/targets/core/use_cases/processor/modules.go:73.51,76.12 2 0
github.com/GabeCordo/DistributedFunctions/internal/targets/core/use_cases/processor/modules.go:76.12,78.3 1 0
github.com/GabeCordo/DistributedFunctions/internal/targets/core/use_cases/processor/modules.go:80.2,84.12 4 0
github.com/GabeCordo/DistributedFunctions/internal/targets/core/use_cases/processor/modules.go:87.53,90.12 2 0
github.com/GabeCordo/DistributedFunctions/internal/targets/core/use_cases/processor/modules.go:90.12,92.3 1 0
github.com/GabeCordo/DistributedFunctions/internal/targets/core/use_cases/processor/modules.go:94.2,98.12 4 0
github.com/GabeCordo/DistributedFunctions/internal/targets/core/use_cases/processor/processor.go:7.59,10.2 1 0
github.com/GabeCordo/DistributedFunctions/internal/targets/core/use_cases/processor/processor.go:12.65,15.16 2 0
github.com/GabeCordo/DistributedFunctions/internal/targets/core/use_cases/processor/processor.go:15.16,18.3 1 0
github.com/GabeCordo/DistributedFunctions/internal/targets/core/use_cases/processor/processor.go:18.8,21.3 1 0
github.com/GabeCordo/DistributedFunctions/internal/targets/core/use_cases/processor/processor.go:23.2,23.12 1 0
github.com/GabeCordo/DistributedFunctions/internal/targets/core/use_cases/processor/processor.go:26.68,30.16 2 0
github.com/GabeCordo/DistributedFunctions/internal/targets/core/use_cases/processor/processor.go:30.16,34.3 2 0
github.com/GabeCordo/DistributedFunctions/internal/targets/core/use_cases/processor/processor.go:34.8,37.3 1 0
github.com/GabeCordo/DistributedFunctions/internal/targets/core/use_cases/processor/processor.go:38.2,38.12 1 0
github.com/GabeCordo/DistributedFunctions/internal/targets/core/use_cases/processor/run.go:11.94,14.9 2 0
github.com/GabeCordo/DistributedFunctions/internal/targets/core/use_cases/processor/run.go:14.9,16.3 1 0
github.com/GabeCordo/DistributedFunctions/internal/targets/core/use_cases/processor/run.go:18.2,18.17 1 0
github.com/GabeCordo/DistributedFunctions/internal/targets/core/use_cases/processor/run.go:18.17,20.3 1 0
github.com/GabeCordo/DistributedFunctions/internal/targets/core/use_cases/processor/run.go:21.2,26.39 3 0
github.com/GabeCordo/DistributedFunctions/internal/targets/core/use_cases/processor/run.go:26.39,30.13 2 0
github.com/GabeCordo/DistributedFunctions/internal/targets/core/use_cases/processor/run.go:30.13,32.4 1 0
github.com/GabeCordo/DistributedFunctions/internal/targets/core/use_cases/processor/run.go:34.3,34.34 1 0
github.com/GabeCordo/DistributedFunctions/internal/targets/core/use_cases/processor/run.go:34.34,36.4 1 0
github.com/GabeCordo/DistributedFunctions/internal/targets/core/use_cases/processor/run.go:38.3,39.13 2 0
github.com/GabeCordo/DistributedFunctions/internal/targets/core/use_cases/processor/run.go:39.13,41.4 1 0
github.com/GabeCordo/DistributedFunctions/internal/targets/core/use_cases/processor/run.go:43.3,43.36 1 0
github.com/GabeCordo/DistributedFunctions/internal/targets/core/use_cases/processor/run.go:43.36,45.4 1 0
github.com/GabeCordo/DistributedFunctions/internal/targets/core/use_cases/processor/run.go:47.3,47.49 1 0
github.com/GabeCordo/DistributedFunctions/internal/targets/core/use_cases/processor/run.go:47.49,49.4 1 0
github.com/GabeCordo/DistributedFunctions/internal/targets/core/use_cases/processor/run.go:53.2,53.26 1 0
github.com/GabeCordo/DistributedFunctions/internal/targets/core/use_cases/processor/run.go:53.26,55.3 1 0
github.com/GabeCordo/DistributedFunctions/internal/targets/core/use_cases/processor/run.go:58.2,59.31 2 0
github.com/GabeCordo/DistributedFunctions/internal/targets/core/use_cases/processor/run.go:59.31,61.31 1 0
github.com/GabeCordo/DistributedFunctions/internal/targets/core/use_cases/processor/run.go:61.31,63.4 1 0
github.com/GabeCordo/DistributedFunctions/internal/targets/core/use_cases/processor/run.go:63.9,63.55 1 0
github.com/GabeCordo/DistributedFunctions/internal/targets/core/use_cases/processor/run.go:63.55,65.4 1 0
github.com/GabeCordo/DistributedFunctions/internal/targets/core/use_cases/processor/run.go:69.2,69.30 1 0
github.com/GabeCordo/DistributedFunctions/internal/targets/core/use_cases/processor/run.go:69.30,71.3 1 0
github.com/GabeCordo/DistributedFunctions/internal/targets/core/use_cases/processor/run.go:72.2,73.31 2 0
github.com/GabeCordo/DistributedFunctions/internal/targets/core/use_cases/processor/run.go:76.87,80.2 1 0
github.com/GabeCordo/DistributedFunctions/internal/targets/core/use_cases/scheduler/scheduler.go:14.70,19.33 3 0
github.com/GabeCordo/DistributedFunctions/internal/targets/core/use_cases/scheduler/scheduler.go:19.33,21.3 1 0
github.com/GabeCordo/DistributedFunctions/internal/targets/core/use_cases/scheduler/scheduler.go:23.2,23.13 1 0
github.com/GabeCordo/DistributedFunctions/internal/targets/core/use_cases/scheduler/scheduler.go:26.53,29.2 2 0
github.com/GabeCordo/DistributedFunctions/internal/targets/core/use_cases/scheduler/scheduler.go:31.60,33.2 1 0
github.com/GabeCordo/DistributedFunctions/internal/targets/core/use_cases/scheduler/scheduler.go:35.41,37.2 1 0
github.com/GabeCordo/DistributedFunctions/internal/targets/core/use_cases/scheduler/scheduler.go:39.37,41.2 1 0
github.com/GabeCordo/DistributedFunctions/internal/targets/core/use_cases/scheduler/scheduler.go:43.114,44.56 1 0
github.com/GabeCordo/DistributedFunctions/internal/targets/core/use_cases/scheduler/scheduler.go:44.56,50.17 3 0
github.com/GabeCordo/DistributedFunctions/internal/targets/core/use_cases/scheduler/scheduler.go:50.17,53.4 1 0
github.com/GabeCordo/DistributedFunctions/internal/targets/core/use_cases/scheduler/scheduler.go:55.3,55.17 1 0
github.com/GabeCordo/DistributedFunctions/internal/targets/core/use_cases/scheduler/scheduler.go:55.17,58.4 2 0
github.com/GabeCordo/DistributedFunctions/internal/targets/core/use_cases/scheduler/scheduler.go:62.3,62.105 1 0
github.com/GabeCordo/DistributedFunctions/internal/targets/core/use_cases/scheduler/scheduler.go:62.105,64.4 1 0
github.com/GabeCordo/DistributedFunctions/internal/targets/core/use_cases/scheduler/scheduler.go:69.3,70.99 1 0
github.com/GabeCordo/DistributedFunctions/internal/targets/core/use_cases/scheduler/scheduler.go:70.99,72.4 1 0
github.com/GabeCordo/DistributedFunctions/internal/targets/core/use_cases/scheduler/scheduler.go:72.9,74.4 1 0
github.com/GabeCordo/DistributedFunctions/internal/targets/core/use_cases/scheduler/scheduler.go:76.2,76.16 1 0
github.com/GabeCordo/DistributedFunctions/internal/targets/core/use_cases/scheduler/scheduler.go:76.16,78.3 1 0
github.com/GabeCordo/DistributedFunctions/internal/targets/core/use_cases/scheduler/scheduler.go:81.68,84.2 1 0
github.com/GabeCordo/DistributedFunctions/internal/targets/core/use_cases/runner/runner.go:12.108,24.33 4 0
github.com/GabeCordo/DistributedFunctions/internal/targets/core/use_cases/runner/runner.go:24.33,26.3 1 0
github.com/GabeCordo/DistributedFunctions/internal/targets/core/use_cases/runner/runner.go:28.2,28.11 1 0
github.com/GabeCordo/DistributedFunctions/internal/targets/core/use_cases/runner/runner.go:31.59,34.23 2 0
github.com/GabeCordo/DistributedFunctions/internal/targets/core/use_cases/runner/runner.go:34.23,36.3 1 0
github.com/GabeCordo/DistributedFunctions/internal/targets/core/use_cases/runner/runner.go:38.2,38.24 1 0
github.com/GabeCordo/DistributedFunctions/internal/targets/core/use_cases/runner/runner.go:41.73,50.2 3 0
github.com/GabeCordo/DistributedFunctions/internal/targets/core/use_cases/runner/runner.go:52.154,61.16 3 0
github.com/GabeCordo/DistributedFunctions/internal/targets/core/use_cases/runner/runner.go:61.16,63.3 1 0
github.com/GabeCordo/DistributedFunctions/internal/targets/core/use_cases/runner/runner.go:65.2,65.16 1 0
github.com/GabeCordo/DistributedFunctions/internal/targets/core/use_cases/socket/socket.go:10.75,13.2 1 0
github.com/GabeCordo/DistributedFunctions/internal/targets/core/use_cases/socket/socket.go:15.50,18.27 2 0
github.com/GabeCordo/DistributedFunctions/internal/targets/core/use_cases/socket/socket.go:18.27,20.3 1 0
github.com/GabeCordo/DistributedFunctions/internal/targets/core/use_cases/socket/socket.go:22.2,23.19 2 0
github.com/GabeCordo/DistributedFunctions/internal/targets/core/use_cases/socket/socket.go:23.19,25.3 1 0
github.com/GabeCordo/DistributedFunctions/internal/targets/core/use_cases/socket/socket.go:31.2,33.12 2 0
github.com/GabeCordo/DistributedFunctions/internal/targets/core/use_cases/socket/socket.go:33.12,35.17 2 0
github.com/GabeCordo/DistributedFunctions/internal/targets/core/use_cases/socket/socket.go:35.17,37.4 1 0
github.com/GabeCordo/DistributedFunctions/internal/targets/core/use_cases/socket/socket.go:38.3,39.17 2 0
github.com/GabeCordo/DistributedFunctions/internal/targets/core/use_cases/socket/socket.go:39.17,41.4 1 0
github.com/GabeCordo/DistributedFunctions/internal/targets/core/use_cases/socket/socket.go:42.8,44.3 1 0
github.com/GabeCordo/DistributedFunctions/internal/targets/core/use_cases/socket/socket.go:46.2,46.12 1 0
github.com/GabeCordo/DistributedFunctions/internal/targets/core/use_cases/socket/socket.go:49.63,52.16 2 0
github.com/GabeCordo/DistributedFunctions/internal/targets/core/use_cases/socket/socket.go:52.16,55.3 2 0
github.com/GabeCordo/DistributedFunctions/internal/targets/core/use_cases/socket/socket.go:58.95,61.2 1 0
github.com/GabeCordo/DistributedFunctions/internal/targets/processor/component/provision/module.go:20.65,24.47 3 0
github.com/GabeCordo/DistributedFunctions/internal/targets/processor/component/provision/module.go:24.47,26.3 1 0
github.com/GabeCordo/DistributedFunctions/internal/targets/processor/component/provision/module.go:28.2,29.12 2 0
github.com/GabeCordo/DistributedFunctions/internal/targets/processor/component/provision/module.go:32.47,38.44 4 0
github.com/GabeCordo/DistributedFunctions/internal/targets/processor/component/provision/module.go:38.44,40.3 1 0
github.com/GabeCordo/DistributedFunctions/internal/targets/processor/component/provision/module.go:42.2,42.18 1 0
github.com/GabeCordo/DistributedFunctions/internal/targets/processor/component/provision/module.go:45.67,49.47 3 0
github.com/GabeCordo/DistributedFunctions/internal/targets/processor/component/provision/module.go:49.47,51.3 1 0
github.com/GabeCordo/DistributedFunctions/internal/targets/processor/component/provision/module.go:51.8,53.3 1 0
github.com/GabeCordo/DistributedFunctions/internal/targets/processor/component/provision/module.go:56.57,67.37 7 0
github.com/GabeCordo/DistributedFunctions/internal/targets/processor/component/provision/module.go:67.37,74.43 5 0
github.com/GabeCordo/DistributedFunctions/internal/targets/processor/component/provision/module.go:74.43,76.4 1 0
github.com/GabeCordo/DistributedFunctions/internal/targets/processor/component/provision/module.go:78.3,79.44 2 0
github.com/GabeCordo/DistributedFunctions/internal/targets/processor/component/provision/module.go:79.44,81.4 1 0
github.com/GabeCordo/DistributedFunctions/internal/targets/processor/component/provision/module.go:83.3,83.6 1 0
github.com/GabeCordo/DistributedFunctions/internal/targets/processor/component/provision/module.go:86.2,86.15 1 0
github.com/GabeCordo/DistributedFunctions/internal/targets/processor/component/provision/provisioner.go:19.89,22.24 2 0
github.com/GabeCordo/DistributedFunctions/internal/targets/processor/component/provision/provisioner.go:22.24,23.60 1 0
github.com/GabeCordo/DistributedFunctions/internal/targets/processor/component/provision/provisioner.go:25.2,30.20 5 0
github.com/GabeCordo/DistributedFunctions/internal/targets/processor/component/provision/provisioner.go:33.68,36.2 1 0
github.com/GabeCordo/DistributedFunctions/internal/targets/processor/component/provision/provisioner.go:38.59,44.2 4 0
github.com/GabeCordo/DistributedFunctions/internal/targets/processor/component/provision/provisioner.go:46.199,58.2 7 0
github.com/GabeCordo/DistributedFunctions/internal/targets/processor/component/provision/provisioner.go:60.76,65.12 3 0
github.com/GabeCordo/DistributedFunctions/internal/targets/processor/component/provision/provisioner.go:65.12,67.3 1 0
github.com/GabeCordo/DistributedFunctions/internal/targets/processor/component/provision/provisioner.go:69.2,72.30 3 0
github.com/GabeCordo/DistributedFunctions/internal/targets/processor/component/provision/provisioner.go:72.30,78.3 5 0
github.com/GabeCordo/DistributedFunctions/internal/targets/processor/component/provision/provisioner.go:78.8,80.3 1 0
github.com/GabeCordo/DistributedFunctions/internal/targets/processor/component/provision/provisioner.go:82.2,82.23 1 0
github.com/GabeCordo/DistributedFunctions/internal/targets/processor/component/provision/provisioner.go:85.89,89.45 3 0
github.com/GabeCordo/DistributedFunctions/internal/targets/processor/component/provision/provisioner.go:89.45,91.3 1 0
github.com/GabeCordo/DistributedFunctions/internal/targets/processor/component/provision/provisioner.go:91.8,93.3 1 0
github.com/GabeCordo/DistributedFunctions/internal/targets/processor/component/provision/provisioner.go:96.82,101.37 4 0
github.com/GabeCordo/DistributedFunctions/internal/targets/processor/component/provision/provisioner.go:101.37,103.3 1 0
github.com/GabeCordo/DistributedFunctions/internal/targets/processor/component/provision/provisioner.go:104.2,104.13 1 0
github.com/GabeCordo/DistributedFunctions/internal/targets/processor/component/provision/provisioner.go:107.47,111.38 3 0
github.com/GabeCordo/DistributedFunctions/internal/targets/processor/component/provision/provisioner.go:111.38,114.3 2 0
github.com/GabeCordo/DistributedFunctions/internal/targets/processor/config.go:44.41,48.16 3 0
github.com/GabeCordo/DistributedFunctions/internal/targets/processor/config.go:48.16,50.3 1 0
github.com/GabeCordo/DistributedFunctions/internal/targets/processor/config.go:52.2,55.16 3 0
github.com/GabeCordo/DistributedFunctions/internal/targets/processor/config.go:55.16,57.3 1 0
github.com/GabeCordo/DistributedFunctions/internal/targets/processor/config.go:57.8,59.3 1 0
github.com/GabeCordo/DistributedFunctions/internal/targets/processor/config.go:61.37,69.2 7 0
github.com/GabeCordo/DistributedFunctions/internal/targets/processor/config.go:71.59,76.2 4 0
github.com/GabeCordo/DistributedFunctions/internal/targets/processor/config.go:78.69,82.2 3 0
github.com/GabeCordo/DistributedFunctions/internal/targets/processor/processor.go:34.40,35.16 1 0
github.com/GabeCordo/DistributedFunctions/internal/targets/processor/processor.go:36.14,37.18 1 0
github.com/GabeCordo/DistributedFunctions/internal/targets/processor/processor.go:38.19,39.19 1 0
github.com/GabeCordo/DistributedFunctions/internal/targets/processor/processor.go:40.10,41.13 1 0
github.com/GabeCordo/DistributedFunctions/internal/targets/processor/processor.go:60.78,63.19 1 0
github.com/GabeCordo/DistributedFunctions/internal/targets/processor/processor.go:63.19,64.56 1 0
github.com/GabeCordo/DistributedFunctions/internal/targets/processor/processor.go:67.2,67.23 1 0
github.com/GabeCordo/DistributedFunctions/internal/targets/processor/processor.go:67.23,68.67 1 0
github.com/GabeCordo/DistributedFunctions/internal/targets/processor/processor.go:72.2,73.21 2 0
github.com/GabeCordo/DistributedFunctions/internal/targets/processor/processor.go:73.21,74.61 1 0
github.com/GabeCordo/DistributedFunctions/internal/targets/processor/processor.go:76.2,86.16 9 0
github.com/GabeCordo/DistributedFunctions/internal/targets/processor/processor.go:86.16,87.63 1 0
github.com/GabeCordo/DistributedFunctions/internal/targets/processor/processor.go:90.2,99.16 7 0
github.com/GabeCordo/DistributedFunctions/internal/targets/processor/processor.go:99.16,100.68 1 0
github.com/GabeCordo/DistributedFunctions/internal/targets/processor/processor.go:103.2,104.16 2 0
github.com/GabeCordo/DistributedFunctions/internal/targets/processor/processor.go:104.16,105.73 1 0
github.com/GabeCordo/DistributedFunctions/internal/targets/processor/processor.go:108.2,118.16 4 0
github.com/GabeCordo/DistributedFunctions/internal/targets/processor/processor.go:118.16,119.56 1 0
github.com/GabeCordo/DistributedFunctions/internal/targets/processor/processor.go:122.2,123.16 2 0
github.com/GabeCordo/DistributedFunctions/internal/targets/processor/processor.go:123.16,124.66 1 0
github.com/GabeCordo/DistributedFunctions/internal/targets/processor/processor.go:126.2,128.17 2 0
github.com/GabeCordo/DistributedFunctions/internal/targets/processor/processor.go:135.31,142.30 4 0
github.com/GabeCordo/DistributedFunctions/internal/targets/processor/processor.go:142.30,144.3 1 0
github.com/GabeCordo/DistributedFunctions/internal/targets/processor/processor.go:145.2,148.30 3 0
github.com/GabeCordo/DistributedFunctions/internal/targets/processor/processor.go:148.30,150.3 1 0
github.com/GabeCordo/DistributedFunctions/internal/targets/processor/processor.go:151.2,155.30 4 0
github.com/GabeCordo/DistributedFunctions/internal/targets/processor/processor.go:155.30,157.3 1 0
github.com/GabeCordo/DistributedFunctions/internal/targets/processor/processor.go:159.2,162.9 3 0
github.com/GabeCordo/DistributedFunctions/internal/targets/processor/processor.go:163.14,165.39 2 0
github.com/GabeCordo/DistributedFunctions/internal/targets/processor/processor.go:166.43,167.20 1 0
github.com/GabeCordo/DistributedFunctions/internal/targets/processor/processor.go:168.21,169.54 1 0
github.com/GabeCordo/DistributedFunctions/internal/targets/processor/processor.go:170.11,171.50 1 0
github.com/GabeCordo/DistributedFunctions/internal/targets/processor/processor.go:175.2,178.30 3 0
github.com/GabeCordo/DistributedFunctions/internal/targets/processor/processor.go:178.30,180.3 1 0
github.com/GabeCordo/DistributedFunctions/internal/targets/processor/processor.go:182.2,183.30 2 0
github.com/GabeCordo/DistributedFunctions/internal/targets/processor/processor.go:183.30,185.3 1 0
github.com/GabeCordo/DistributedFunctions/internal/targets/processor/component/channel/duplex/duplex.go:15.50,17.2 1 0
github.com/GabeCordo/DistributedFunctions/internal/targets/processor/component/channel/duplex/duplex.go:46.35,48.2 1 0
github.com/GabeCordo/DistributedFunctions/internal/targets/processor/component/channel/duplex/duplex.go:75.109,94.2 12 0
github.com/GabeCordo/DistributedFunctions/internal/targets/processor/component/channel/duplex/duplex.go:96.40,98.16 1 0
github.com/GabeCordo/DistributedFunctions/internal/targets/processor/component/channel/duplex/duplex.go:99.12,100.16 1 0
github.com/GabeCordo/DistributedFunctions/internal/targets/processor/component/channel/duplex/duplex.go:101.13,102.17 1 0
github.com/GabeCordo/DistributedFunctions/internal/targets/processor/component/channel/duplex/duplex.go:103.17,104.21 1 0
github.com/GabeCordo/DistributedFunctions/internal/targets/processor/component/channel/duplex/duplex.go:105.10,106.19 1 0
github.com/GabeCordo/DistributedFunctions/internal/targets/processor/component/channel/duplex/duplex.go:110.53,112.2 1 0
github.com/GabeCordo/DistributedFunctions/internal/targets/processor/component/channel/duplex/duplex.go:114.59,119.22 2 0
github.com/GabeCordo/DistributedFunctions/internal/targets/processor/component/channel/duplex/duplex.go:119.22,121.3 1 0
github.com/GabeCordo/DistributedFunctions/internal/targets/processor/component/channel/duplex/duplex.go:125.2,125.42 1 0
github.com/GabeCordo/DistributedFunctions/internal/targets/processor/component/channel/duplex/duplex.go:125.42,127.3 1 0
github.com/GabeCordo/DistributedFunctions/internal/targets/processor/component/channel/duplex/duplex.go:129.2,152.17 6 0
github.com/GabeCordo/DistributedFunctions/internal/targets/processor/component/channel/duplex/duplex.go:152.17,154.3 1 0
github.com/GabeCordo/DistributedFunctions/internal/targets/processor/component/channel/duplex/duplex.go:156.2,158.13 2 0
github.com/GabeCordo/DistributedFunctions/internal/targets/processor/component/channel/duplex/duplex.go:161.63,169.43 5 0
github.com/GabeCordo/DistributedFunctions/internal/targets/processor/component/channel/duplex/duplex.go:169.43,170.63 1 0
github.com/GabeCordo/DistributedFunctions/internal/targets/processor/component/channel/duplex/duplex.go:170.63,172.4 1 0
github.com/GabeCordo/DistributedFunctions/internal/targets/processor/component/channel/duplex/duplex.go:172.9,172.70 1 0
github.com/GabeCordo/DistributedFunctions/internal/targets/processor/component/channel/duplex/duplex.go:172.70,174.4 1 0
github.com/GabeCordo/DistributedFunctions/internal/targets/processor/component/channel/duplex/duplex.go:175.3,175.59 1 0
github.com/GabeCordo/DistributedFunctions/internal/targets/processor/component/channel/duplex/duplex.go:176.8,181.3 4 0
github.com/GabeCordo/DistributedFunctions/internal/targets/processor/component/channel/duplex/duplex.go:183.2,184.26 2 0
github.com/GabeCordo/DistributedFunctions/internal/targets/processor/component/channel/duplex/duplex.go:187.44,189.2 1 0
github.com/GabeCordo/DistributedFunctions/internal/targets/processor/component/channel/duplex/duplex.go:191.40,193.2 1 0
github.com/GabeCordo/DistributedFunctions/internal/targets/processor/component/channel/duplex/duplex.go:195.41,200.2 3 0
github.com/GabeCordo/DistributedFunctions/internal/targets/processor/component/channel/duplex/duplex.go:202.42,209.53 4 0
github.com/GabeCordo/DistributedFunctions/internal/targets/processor/component/channel/duplex/duplex.go:209.53,212.3 2 0
github.com/GabeCordo/DistributedFunctions/internal/targets/processor/component/channel/duplex/duplex.go:215.45,217.18 1 0
github.com/GabeCordo/DistributedFunctions/internal/targets/processor/component/channel/duplex/duplex.go:217.18,218.48 1 0
github.com/GabeCordo/DistributedFunctions/internal/targets/processor/component/channel/duplex/duplex.go:218.48,220.4 1 0
github.com/GabeCordo/DistributedFunctions/internal/targets/processor/component/channel/duplex/duplex.go:220.9,222.4 1 0
github.com/GabeCordo/DistributedFunctions/internal/targets/processor/component/channel/duplex/duplex.go:223.8,223.108 1 0
github.com/GabeCordo/DistributedFunctions/internal/targets/processor/component/channel/duplex/duplex.go:223.108,225.3 1 0
github.com/GabeCordo/DistributedFunctions/internal/targets/processor/component/channel/duplex/duplex.go:225.8,225.42 1 0
github.com/GabeCordo/DistributedFunctions/internal/targets/processor/component/channel/duplex/duplex.go:225.42,227.3 1 0
github.com/GabeCordo/DistributedFunctions/internal/targets/processor/component/channel/duplex/duplex.go:227.8,229.3 1 0
github.com/GabeCordo/DistributedFunctions/internal/targets/processor/component/channel/duplex/duplex.go:231.2,231.17 1 0
github.com/GabeCordo/DistributedFunctions/internal/targets/processor/component/channel/duplex/duplex.go:234.53,237.2 1 0
github.com/GabeCordo/DistributedFunctions/internal/targets/processor/component/channel/duplex/duplex.go:239.50,241.2 1 0
github.com/GabeCordo/DistributedFunctions/internal/targets/processor/component/channel/duplex/duplex.go:243.45,245.2 1 0
github.com/GabeCordo/DistributedFunctions/internal/targets/processor/thread/helpers.go:14.147,18.17 1 0
github.com/GabeCordo/DistributedFunctions/internal/targets/processor/thread/helpers.go:18.17,20.3 1 0
github.com/GabeCordo/DistributedFunctions/internal/targets/processor/thread/helpers.go:21.2,30.44 8 0
github.com/GabeCordo/DistributedFunctions/internal/targets/processor/thread/helpers.go:33.63,42.2 5 0
github.com/GabeCordo/DistributedFunctions/internal/targets/processor/thread/helpers.go:44.58,51.2 4 0
github.com/GabeCordo/DistributedFunctions/internal/targets/processor/thread/helpers.go:58.62,65.2 5 0
github.com/GabeCordo/DistributedFunctions/internal/targets/processor/thread/helpers.go:67.85,74.2 5 0
github.com/GabeCordo/DistributedFunctions/internal/targets/processor/thread/threads.go:39.50,41.14 2 0
github.com/GabeCordo/DistributedFunctions/internal/targets/processor/thread/threads.go:41.14,42.49 1 0
github.com/GabeCordo/DistributedFunctions/internal/targets/processor/thread/threads.go:44.2,44.10 1 0
github.com/GabeCordo/DistributedFunctions/internal/targets/processor/thread/threads.go:54.75,56.16 2 0
github.com/GabeCordo/DistributedFunctions/internal/targets/processor/thread/threads.go:56.16,57.50 1 0
github.com/GabeCordo/DistributedFunctions/internal/targets/processor/thread/threads.go:59.2,60.12 2 0
github.com/GabeCordo/DistributedFunctions/internal/targets/processor/thread/threads.go:77.40,79.14 2 0
github.com/GabeCordo/DistributedFunctions/internal/targets/processor/thread/threads.go:79.14,80.44 1 0
github.com/GabeCordo/DistributedFunctions/internal/targets/processor/thread/threads.go:82.2,82.10 1 0
github.com/GabeCordo/DistributedFunctions/internal/targets/processor/thread/provisioner/handlers.go:11.111,14.2 1 0
github.com/GabeCordo/DistributedFunctions/internal/targets/processor/thread/provisioner/handlers.go:16.110,20.47 1 0
github.com/GabeCordo/DistributedFunctions/internal/targets/processor/thread/provisioner/handlers.go:20.47,23.3 2 0
github.com/GabeCordo/DistributedFunctions/internal/targets/processor/thread/provisioner/handlers.go:25.2,33.76 2 0
github.com/GabeCordo/DistributedFunctions/internal/targets/processor/thread/provisioner/handlers.go:33.76,36.3 2 0
github.com/GabeCordo/DistributedFunctions/internal/targets/processor/thread/provisioner/handlers.go:39.108,42.2 1 0
github.com/GabeCordo/DistributedFunctions/internal/targets/processor/thread/provisioner/handlers.go:44.114,47.2 1 0
github.com/GabeCordo/DistributedFunctions/internal/targets/processor/thread/provisioner/handlers.go:49.122,55.53 2 0
github.com/GabeCordo/DistributedFunctions/internal/targets/processor/thread/provisioner/handlers.go:55.53,58.3 2 0
github.com/GabeCordo/DistributedFunctions/internal/targets/processor/thread/provisioner/thread.go:11.27,13.2 0 0
github.com/GabeCordo/DistributedFunctions/internal/targets/processor/thread/provisioner/thread.go:15.26,23.6 5 0
github.com/GabeCordo/DistributedFunctions/internal/targets/processor/thread/provisioner/thread.go:23.6,24.10 1 0
github.com/GabeCordo/DistributedFunctions/internal/targets/processor/thread/provisioner/thread.go:25.31,26.4 1 0
github.com/GabeCordo/DistributedFunctions/internal/targets/processor/thread/provisioner/thread.go:26.4,28.20 2 0
github.com/GabeCordo/DistributedFunctions/internal/targets/processor/thread/provisioner/thread.go:28.20,30.6 1 0
github.com/GabeCordo/DistributedFunctions/internal/targets/processor/thread/provisioner/thread.go:32.27,33.4 1 0
github.com/GabeCordo/DistributedFunctions/internal/targets/processor/thread/provisioner/thread.go:33.4,35.5 1 0
github.com/GabeCordo/DistributedFunctions/internal/targets/processor/thread/provisioner/thread.go:38.3,40.11 2 0
github.com/GabeCordo/DistributedFunctions/internal/targets/processor/thread/provisioner/thread.go:40.11,41.9 1 0
github.com/GabeCordo/DistributedFunctions/internal/targets/processor/thread/provisioner/thread.go:46.28,48.6 1 0
github.com/GabeCordo/DistributedFunctions/internal/targets/processor/thread/provisioner/thread.go:48.6,50.71 1 0
github.com/GabeCordo/DistributedFunctions/internal/targets/processor/thread/provisioner/thread.go:50.71,58.4 7 0
github.com/GabeCordo/DistributedFunctions/internal/targets/processor/thread/provisioner/thread.go:60.3,60.36 1 0
github.com/GabeCordo/DistributedFunctions/internal/targets/processor/thread/provisioner/thread.go:64.108,68.24 2 0
github.com/GabeCordo/DistributedFunctions/internal/targets/processor/thread/provisioner/thread.go:69.35,70.3 1 0
github.com/GabeCordo/DistributedFunctions/internal/targets/processor/thread/provisioner/thread.go:70.3,72.4 1 0
github.com/GabeCordo/DistributedFunctions/internal/targets/processor/thread/provisioner/thread.go:73.35,74.3 1 0
github.com/GabeCordo/DistributedFunctions/internal/targets/processor/thread/provisioner/thread.go:74.3,76.4 1 0
github.com/GabeCordo/DistributedFunctions/internal/targets/processor/thread/provisioner/thread.go:77.33,78.3 1 0
github.com/GabeCordo/DistributedFunctions/internal/targets/processor/thread/provisioner/thread.go:78.3,80.4 1 0
github.com/GabeCordo/DistributedFunctions/internal/targets/processor/thread/provisioner/thread.go:81.39,82.3 1 0
github.com/GabeCordo/DistributedFunctions/internal/targets/processor/thread/provisioner/thread.go:82.3,84.4 1 0
github.com/GabeCordo/DistributedFunctions/internal/targets/processor/thread/provisioner/thread.go:85.41,86.3 1 0
github.com/GabeCordo/DistributedFunctions/internal/targets/processor/thread/provisioner/thread.go:86.3,88.4 1 0
github.com/GabeCordo/DistributedFunctions/internal/targets/processor/thread/provisioner/thread.go:89.10,90.3 1 0
github.com/GabeCordo/DistributedFunctions/internal/targets/processor/thread/provisioner/thread.go:90.3,92.4 1 0
github.com/GabeCordo/DistributedFunctions/internal/targets/processor/thread/provisioner/thread.go:95.2,96.17 2 0
github.com/GabeCordo/DistributedFunctions/internal/targets/processor/thread/provisioner/thread.go:99.29,102.2 1 0
github.com/GabeCordo/DistributedFunctions/internal/targets/processor/thread/provisioner/types.go:40.103,45.9 4 0
github.com/GabeCordo/DistributedFunctions/internal/targets/processor/thread/provisioner/types.go:45.9,47.3 1 0
github.com/GabeCordo/DistributedFunctions/internal/targets/processor/thread/provisioner/types.go:48.2,49.9 2 0
github.com/GabeCordo/DistributedFunctions/internal/targets/processor/thread/provisioner/types.go:49.9,51.3 1 0
github.com/GabeCordo/DistributedFunctions/internal/targets/processor/thread/provisioner/types.go:52.2,53.9 2 0
github.com/GabeCordo/DistributedFunctions/internal/targets/processor/thread/provisioner/types.go:53.9,55.3 1 0
github.com/GabeCordo/DistributedFunctions/internal/targets/processor/thread/provisioner/types.go:56.2,57.9 2 0
github.com/GabeCordo/DistributedFunctions/internal/targets/processor/thread/provisioner/types.go:57.9,59.3 1 0
github.com/GabeCordo/DistributedFunctions/internal/targets/processor/thread/provisioner/types.go:60.2,65.16 4 0
github.com/GabeCordo/DistributedFunctions/internal/targets/processor/thread/provisioner/types.go:65.16,67.3 1 0
github.com/GabeCordo/DistributedFunctions/internal/targets/processor/thread/provisioner/types.go:68.2,74.15 4 0
github.com/GabeCordo/DistributedFunctions/internal/targets/processor/thread/socket/events.go:15.39,22.2 2 0
github.com/GabeCordo/DistributedFunctions/internal/targets/processor/thread/socket/events.go:24.43,27.2 0 0
github.com/GabeCordo/DistributedFunctions/internal/targets/processor/thread/socket/events.go:29.62,31.24 1 0
github.com/GabeCordo/DistributedFunctions/internal/targets/processor/thread/socket/events.go:32.21,33.3 1 0
github.com/GabeCordo/DistributedFunctions/internal/targets/processor/thread/socket/events.go:33.3,34.26 1 0
github.com/GabeCordo/DistributedFunctions/internal/targets/processor/thread/socket/events.go:35.20,36.5 1 0
github.com/GabeCordo/DistributedFunctions/internal/targets/processor/thread/socket/events.go:36.5,38.6 1 0
github.com/GabeCordo/DistributedFunctions/internal/targets/processor/thread/socket/events.go:39.12,40.5 1 0
github.com/GabeCordo/DistributedFunctions/internal/targets/processor/thread/socket/events.go:40.5,42.6 1 0
github.com/GabeCordo/DistributedFunctions/internal/targets/processor/thread/socket/events.go:45.21,46.3 1 0
github.com/GabeCordo/DistributedFunctions/internal/targets/processor/thread/socket/events.go:46.3,47.26 1 0
github.com/GabeCordo/DistributedFunctions/internal/targets/processor/thread/socket/events.go:48.20,49.5 1 0
github.com/GabeCordo/DistributedFunctions/internal/targets/processor/thread/socket/events.go:49.5,51.6 1 0
github.com/GabeCordo/DistributedFunctions/internal/targets/processor/thread/socket/events.go:52.12,53.5 1 0
github.com/GabeCordo/DistributedFunctions/internal/targets/processor/thread/socket/events.go:53.5,55.6 1 0
github.com/GabeCordo/DistributedFunctions/internal/targets/processor/thread/socket/events.go:58.10,59.3 1 0
github.com/GabeCordo/DistributedFunctions/internal/targets/processor/thread/socket/events.go:59.3,61.4 1 0
github.com/GabeCordo/DistributedFunctions/internal/targets/processor/thread/socket/events.go:65.62,68.16 2 0
github.com/GabeCordo/DistributedFunctions/internal/targets/processor/thread/socket/events.go:68.16,71.3 2 0
github.com/GabeCordo/DistributedFunctions/internal/targets/processor/thread/socket/events.go:73.2,75.16 3 0
github.com/GabeCordo/DistributedFunctions/internal/targets/processor/thread/socket/events.go:75.16,78.3 2 0
github.com/GabeCordo/DistributedFunctions/internal/targets/processor/thread/socket/events.go:80.2,85.57 2 0
github.com/GabeCordo/DistributedFunctions/internal/targets/processor/thread/socket/events.go:88.62,91.9 2 0
github.com/GabeCordo/DistributedFunctions/internal/targets/processor/thread/socket/events.go:91.9,94.3 2 0
github.com/GabeCordo/DistributedFunctions/internal/targets/processor/thread/socket/events.go:96.2,100.44 2 0
github.com/GabeCordo/DistributedFunctions/internal/targets/processor/thread/socket/handlers.go:10.71,13.9 2 0
github.com/GabeCordo/DistributedFunctions/internal/targets/processor/thread/socket/handlers.go:13.9,16.3 2 0
github.com/GabeCordo/DistributedFunctions/internal/targets/processor/thread/socket/handlers.go:18.2,24.29 2 0
github.com/GabeCordo/DistributedFunctions/internal/targets/processor/thread/socket/handlers.go:27.71,30.9 2 0
github.com/GabeCordo/DistributedFunctions/internal/targets/processor/thread/socket/handlers.go:30.9,32.3 1 0
github.com/GabeCordo/DistributedFunctions/internal/targets/processor/thread/socket/handlers.go:34.2,40.29 2 0
github.com/GabeCordo/DistributedFunctions/internal/targets/processor/thread/socket/thread.go:7.26,10.16 2 0
github.com/GabeCordo/DistributedFunctions/internal/targets/processor/thread/socket/thread.go:10.16,11.13 1 0
github.com/GabeCordo/DistributedFunctions/internal/targets/processor/thread/socket/thread.go:14.2,15.45 2 0
github.com/GabeCordo/DistributedFunctions/internal/targets/processor/thread/socket/thread.go:18.26,26.6 5 0
github.com/GabeCordo/DistributedFunctions/internal/targets/processor/thread/socket/thread.go:26.6,27.10 1 0
github.com/GabeCordo/DistributedFunctions/internal/targets/processor/thread/socket/thread.go:28.31,29.4 1 0
github.com/GabeCordo/DistributedFunctions/internal/targets/processor/thread/socket/thread.go:29.4,33.5 3 0
github.com/GabeCordo/DistributedFunctions/internal/targets/processor/thread/socket/thread.go:34.31,35.4 1 0
github.com/GabeCordo/DistributedFunctions/internal/targets/processor/thread/socket/thread.go:35.4,37.5 1 0
github.com/GabeCordo/DistributedFunctions/internal/targets/processor/thread/socket/thread.go:38.27,39.4 1 0
github.com/GabeCordo/DistributedFunctions/internal/targets/processor/thread/socket/thread.go:39.4,41.5 1 0
github.com/GabeCordo/DistributedFunctions/internal/targets/processor/thread/socket/thread.go:44.3,44.11 1 0
github.com/GabeCordo/DistributedFunctions/internal/targets/processor/thread/socket/thread.go:44.11,45.9 1 0
github.com/GabeCordo/DistributedFunctions/internal/targets/processor/thread/socket/thread.go:50.63,56.37 1 0
github.com/GabeCordo/DistributedFunctions/internal/targets/processor/thread/socket/thread.go:56.37,60.3 1 0
github.com/GabeCordo/DistributedFunctions/internal/targets/processor/thread/socket/thread.go:62.2,62.24 1 0
github.com/GabeCordo/DistributedFunctions/internal/targets/processor/thread/socket/thread.go:63.30,64.3 1 0
github.com/GabeCordo/DistributedFunctions/internal/targets/processor/thread/socket/thread.go:64.3,66.4 1 0
github.com/GabeCordo/DistributedFunctions/internal/targets/processor/thread/socket/thread.go:67.30,68.3 1 0
github.com/GabeCordo/DistributedFunctions/internal/targets/processor/thread/socket/thread.go:68.3,70.4 1 0
github.com/GabeCordo/DistributedFunctions/internal/targets/processor/thread/socket/thread.go:71.27,72.3 1 0
github.com/GabeCordo/DistributedFunctions/internal/targets/processor/thread/socket/thread.go:72.3,74.4 1 0
github.com/GabeCordo/DistributedFunctions/internal/targets/processor/thread/socket/thread.go:75.10,76.3 1 0
github.com/GabeCordo/DistributedFunctions/internal/targets/processor/thread/socket/thread.go:76.3,78.4 1 0
github.com/GabeCordo/DistributedFunctions/internal/targets/processor/thread/socket/thread.go:82.71,84.21 1 0
github.com/GabeCordo/DistributedFunctions/internal/targets/processor/thread/socket/thread.go:84.21,87.3 2 0
github.com/GabeCordo/DistributedFunctions/internal/targets/processor/thread/socket/thread.go:89.2,89.27 1 0
github.com/GabeCordo/DistributedFunctions/internal/targets/processor/thread/socket/thread.go:89.27,91.3 1 0
github.com/GabeCordo/DistributedFunctions/internal/targets/processor/thread/socket/thread.go:94.29,98.2 2 0
github.com/GabeCordo/DistributedFunctions/internal/targets/processor/thread/socket/types.go:68.121,74.9 4 0
github.com/GabeCordo/DistributedFunctions/internal/targets/processor/thread/socket/types.go:74.9,76.3 1 0
github.com/GabeCordo/DistributedFunctions/internal/targets/processor/thread/socket/types.go:77.2,78.9 2 0
github.com/GabeCordo/DistributedFunctions/internal/targets/processor/thread/socket/types.go:78.9,80.3 1 0
github.com/GabeCordo/DistributedFunctions/internal/targets/processor/thread/socket/types.go:81.2,82.9 2 0
github.com/GabeCordo/DistributedFunctions/internal/targets/processor/thread/socket/types.go:82.9,84.3 1 0
github.com/GabeCordo/DistributedFunctions/internal/targets/processor/thread/socket/types.go:85.2,86.9 2 0
github.com/GabeCordo/DistributedFunctions/internal/targets/processor/thread/socket/types.go:86.9,88.3 1 0
github.com/GabeCordo/DistributedFunctions/internal/targets/processor/thread/socket/types.go:89.2,93.19 3 0
github.com/GabeCordo/DistributedFunctions/internal/targets/processor/thread/socket/types.go:93.19,95.3 1 0
github.com/GabeCordo/DistributedFunctions/internal/targets/processor/thread/socket/types.go:96.2,98.16 2 0
github.com/GabeCordo/DistributedFunctions/internal/targets/processor/thread/socket/types.go:98.16,100.3 1 0
github.com/GabeCordo/DistributedFunctions/internal/targets/processor/thread/socket/types.go:101.2,109.15 5 0
github.com/GabeCordo/DistributedFunctions/internal/targets/processor/use_cases/provisioner/provisioner.go:13.87,18.25 3 0
github.com/GabeCordo/DistributedFunctions/internal/targets/processor/use_cases/provisioner/provisioner.go:18.25,20.3 1 0
github.com/GabeCordo/DistributedFunctions/internal/targets/processor/use_cases/provisioner/provisioner.go:22.2,22.19 1 0
github.com/GabeCordo/DistributedFunctions/internal/targets/processor/use_cases/provisioner/provisioner.go:25.103,32.55 1 0
github.com/GabeCordo/DistributedFunctions/internal/targets/processor/use_cases/provisioner/provisioner.go:32.55,34.17 2 0
github.com/GabeCordo/DistributedFunctions/internal/targets/processor/use_cases/provisioner/provisioner.go:34.17,36.4 1 0
github.com/GabeCordo/DistributedFunctions/internal/targets/processor/use_cases/provisioner/provisioner.go:37.8,39.3 1 0
github.com/GabeCordo/DistributedFunctions/internal/targets/processor/use_cases/provisioner/provisioner.go:42.2,47.16 3 0
github.com/GabeCordo/DistributedFunctions/internal/targets/processor/use_cases/provisioner/provisioner.go:47.16,50.3 2 0
github.com/GabeCordo/DistributedFunctions/internal/targets/processor/use_cases/provisioner/provisioner.go:52.2,53.51 2 0
github.com/GabeCordo/DistributedFunctions/internal/targets/processor/use_cases/provisioner/provisioner.go:53.51,72.13 2 0
github.com/GabeCordo/DistributedFunctions/internal/targets/processor/use_cases/provisioner/provisioner.go:72.13,73.8 1 0
github.com/GabeCordo/DistributedFunctions/internal/targets/processor/use_cases/provisioner/provisioner.go:73.8,75.31 2 0
github.com/GabeCordo/DistributedFunctions/internal/targets/processor/use_cases/provisioner/provisioner.go:75.31,78.11 1 0
github.com/GabeCordo/DistributedFunctions/internal/targets/processor/use_cases/provisioner/provisioner.go:81.5,82.17 2 0
github.com/GabeCordo/DistributedFunctions/internal/targets/processor/use_cases/provisioner/provisioner.go:82.17,83.52 1 0
github.com/GabeCordo/DistributedFunctions/internal/targets/processor/use_cases/provisioner/provisioner.go:86.5,94.32 6 0
github.com/GabeCordo/DistributedFunctions/internal/targets/processor/use_cases/provisioner/provisioner.go:98.3,102.17 3 0
github.com/GabeCordo/DistributedFunctions/internal/targets/processor/use_cases/provisioner/provisioner.go:102.17,104.4 1 0
github.com/GabeCordo/DistributedFunctions/internal/targets/processor/use_cases/provisioner/provisioner.go:106.3,113.15 5 0
github.com/GabeCordo/DistributedFunctions/internal/targets/processor/use_cases/provisioner/provisioner.go:113.15,114.50 1 0
github.com/GabeCordo/DistributedFunctions/internal/targets/processor/use_cases/provisioner/provisioner.go:117.3,142.14 9 0
github.com/GabeCordo/DistributedFunctions/internal/targets/processor/use_cases/provisioner/provisioner.go:142.14,144.4 1 0
github.com/GabeCordo/DistributedFunctions/internal/targets/processor/use_cases/provisioner/provisioner.go:144.9,146.4 1 0
github.com/GabeCordo/DistributedFunctions/internal/targets/processor/use_cases/provisioner/provisioner.go:151.3,152.24 2 0
github.com/GabeCordo/DistributedFunctions/internal/targets/processor/use_cases/provisioner/provisioner.go:155.2,155.12 1 0
github.com/GabeCordo/DistributedFunctions/internal/targets/processor/use_cases/provisioner/provisioner.go:158.60,161.12 2 0
github.com/GabeCordo/DistributedFunctions/internal/targets/processor/use_cases/provisioner/provisioner.go:161.12,163.3 1 0
github.com/GabeCordo/DistributedFunctions/internal/targets/processor/use_cases/provisioner/provisioner.go:165.2,166.12 2 0
github.com/GabeCordo/DistributedFunctions/internal/targets/processor/use_cases/provisioner/provisioner.go:169.67,172.2 1 0
github.com/GabeCordo/DistributedFunctions/internal/targets/processor/use_cases/provisioner/provisioner.go:174.41,183.2 2 0
github.com/GabeCordo/DistributedFunctions/internal/targets/processor/use_cases/provisioner/provisioner.go:185.82,187.89 1 0
github.com/GabeCordo/DistributedFunctions/internal/targets/processor/use_cases/provisioner/provisioner.go:187.89,189.17 2 0
github.com/GabeCordo/DistributedFunctions/internal/targets/processor/use_cases/provisioner/provisioner.go:189.17,192.4 2 0
github.com/GabeCordo/DistributedFunctions/internal/targets/processor/use_cases/provisioner/provisioner.go:193.3,194.20 2 0
github.com/GabeCordo/DistributedFunctions/internal/targets/processor/use_cases/socket/socket.go:13.74,16.2 1 0
github.com/GabeCordo/DistributedFunctions/internal/targets/processor/use_cases/socket/socket.go:18.50,21.27 2 0
github.com/GabeCordo/DistributedFunctions/internal/targets/processor/use_cases/socket/socket.go:21.27,23.3 1 0
github.com/GabeCordo/DistributedFunctions/internal/targets/processor/use_cases/socket/socket.go:28.2,28.27 1 0
github.com/GabeCordo/DistributedFunctions/internal/targets/processor/use_cases/socket/socket.go:28.27,31.3 2 0
github.com/GabeCordo/DistributedFunctions/internal/targets/processor/use_cases/socket/socket.go:34.2,37.16 3 0
github.com/GabeCordo/DistributedFunctions/internal/targets/processor/use_cases/socket/socket.go:37.16,39.3 1 0
github.com/GabeCordo/DistributedFunctions/internal/targets/processor/use_cases/socket/socket.go:41.2,42.49 2 0
github.com/GabeCordo/DistributedFunctions/internal/targets/processor/use_cases/socket/socket.go:42.49,44.3 1 0
github.com/GabeCordo/DistributedFunctions/internal/targets/processor/use_cases/socket/socket.go:46.2,47.16 2 0
github.com/GabeCordo/DistributedFunctions/internal/targets/processor/use_cases/socket/socket.go:47.16,49.3 1 0
github.com/GabeCordo/DistributedFunctions/internal/targets/processor/use_cases/socket/socket.go:51.2,51.12 1 0
github.com/GabeCordo/DistributedFunctions/internal/targets/processor/use_cases/socket/socket.go:54.56,59.41 3 0
github.com/GabeCordo/DistributedFunctions/internal/targets/processor/use_cases/socket/socket.go:59.41,61.3 1 0
github.com/GabeCordo/DistributedFunctions/internal/targets/processor/use_cases/socket/socket.go:63.2,63.23 1 0
github.com/GabeCordo/DistributedFunctions/internal/targets/processor/use_cases/socket/socket.go:63.23,65.3 1 0
github.com/GabeCordo/DistributedFunctions/internal/targets/processor/use_cases/socket/socket.go:65.8,67.3 1 0
github.com/GabeCordo/DistributedFunctions/internal/targets/processor/use_cases/socket/socket.go:69.2,70.16 2 0
github.com/GabeCordo/DistributedFunctions/internal/targets/processor/use_cases/socket/socket.go:70.16,72.3 1 0
github.com/GabeCordo/DistributedFunctions/internal/targets/processor/use_cases/socket/socket.go:74.2,74.12 1 0
github.com/GabeCordo/DistributedFunctions/internal/targets/processor/use_cases/socket/socket.go:77.46,80.2 1 0
github.com/GabeCordo/DistributedFunctions/internal/targets/processor/use_cases/socket/socket.go:82.42,85.16 2 0
github.com/GabeCordo/DistributedFunctions/internal/targets/processor/use_cases/socket/socket.go:85.16,87.3 1 0
github.com/GabeCordo/DistributedFunctions/internal/targets/processor/use_cases/socket/socket.go:90.57,93.16 2 0
github.com/GabeCordo/DistributedFunctions/internal/targets/processor/use_cases/socket/socket.go:93.16,95.3 1 0
